Date,AAPL,AMZN,ANET,APO,ARES,AVGO,BX,GOOGL,IBM,KKR,META,MSFT,NVDA,OWL,TSM
2021-08-03,143.52,168.31,23.70,54.59,62.26,44.32,96.70,134.44,112.46,62.00,348.18,275.03,19.75,10.28,109.15
2021-08-04,143.12,167.74,23.88,54.80,62.15,44.41,98.03,133.94,111.43,63.18,355.80,274.45,20.20,9.84,109.45
2021-08-05,143.22,168.80,23.79,55.02,62.97,44.40,97.15,135.05,111.44,64.33,359.81,277.33,20.57,9.81,109.90
2021-08-06,142.54,167.25,23.60,55.47,63.14,44.19,95.97,134.55,112.47,64.66,360.35,277.27,20.30,9.81,108.97
2021-08-09,142.49,167.09,23.47,55.16,62.30,44.12,95.92,135.71,111.52,63.95,358.46,276.19,20.23,9.83,108.98
2021-08-10,142.01,166.03,23.23,54.09,61.62,43.90,95.57,135.60,111.63,62.96,357.99,274.38,19.87,9.70,107.26
2021-08-11,142.27,164.61,23.07,53.39,60.76,44.02,96.11,135.08,112.22,62.97,356.83,274.87,19.63,9.78,106.92
2021-08-12,145.22,165.18,22.94,52.91,61.51,44.09,95.30,135.99,112.96,63.24,359.49,277.61,19.84,10.08,106.65
2021-08-13,145.43,164.70,22.75,53.43,63.72,44.26,96.39,136.52,113.05,63.33,360.02,280.52,20.12,10.21,106.47
2021-08-16,147.40,164.95,22.84,53.50,63.63,44.44,96.36,137.09,113.37,62.71,363.37,282.20,19.88,10.28,105.67
2021-08-17,146.49,162.10,22.79,52.48,61.90,43.58,94.72,135.46,112.45,60.91,355.33,280.74,19.39,10.21,102.42
2021-08-18,142.76,160.06,22.63,51.77,61.35,42.69,93.57,134.26,110.12,60.59,352.36,279.02,18.97,10.12,101.81
2021-08-19,143.09,159.39,22.93,50.80,60.74,43.11,92.68,134.49,108.97,59.64,352.03,284.82,19.73,10.12,101.88
2021-08-20,144.54,160.00,23.12,51.08,60.87,43.26,95.14,136.22,109.83,60.71,356.24,292.10,20.74,9.87,99.66
2021-08-23,146.02,163.29,23.14,52.11,62.04,43.92,97.21,138.81,110.24,61.77,360.19,292.38,21.88,10.12,102.28
2021-08-24,145.94,165.29,23.53,52.37,62.52,43.83,99.14,140.02,110.41,61.80,362.33,290.43,21.72,10.48,103.34
2021-08-25,144.71,164.96,23.38,52.78,62.79,44.01,100.36,140.83,110.43,61.87,365.18,289.85,22.14,10.47,107.88
2021-08-26,143.91,165.80,23.08,52.57,63.60,44.22,102.34,140.20,109.57,61.59,361.21,287.04,21.99,10.89,108.86
2021-08-27,144.94,167.48,23.30,53.24,64.25,45.15,104.30,142.74,110.07,61.56,369.39,287.65,22.56,10.84,109.22
2021-08-30,149.35,171.08,23.26,53.44,65.12,45.42,104.46,143.32,109.72,61.67,377.35,291.36,22.61,11.11,109.68
2021-08-31,148.09,173.54,23.10,54.26,66.02,45.27,105.57,143.43,110.81,61.65,376.08,289.72,22.31,10.93,109.70
2021-09-01,148.75,173.95,22.47,55.34,66.43,44.90,107.08,143.94,109.98,61.87,378.72,289.67,22.37,11.15,111.04
2021-09-02,149.87,173.16,22.74,55.55,67.42,44.78,107.75,142.03,110.54,61.80,372.01,289.02,22.32,11.16,111.34
2021-09-03,150.50,173.90,22.69,56.11,67.86,45.31,108.32,142.48,110.21,61.79,372.98,289.01,22.77,11.46,114.28
2021-09-07,152.83,175.46,22.47,56.19,67.83,45.21,106.70,143.01,109.01,60.19,378.85,288.09,22.59,11.74,114.95
2021-09-08,151.29,176.27,22.47,55.62,68.42,45.01,107.74,142.43,109.49,60.48,374.28,288.12,22.27,11.74,112.36
2021-09-09,150.28,174.21,22.38,55.50,68.22,44.93,108.66,142.28,108.75,60.32,374.71,285.28,22.10,12.27,113.09
2021-09-10,145.30,173.46,21.93,55.12,67.52,45.35,108.10,139.64,108.18,60.18,375.39,283.80,22.40,12.50,113.35
2021-09-13,145.87,172.86,22.39,56.28,67.34,45.42,108.49,141.08,109.08,60.72,373.23,285.03,22.08,12.70,113.95
2021-09-14,144.47,172.50,22.36,55.39,66.91,45.69,109.66,141.29,107.55,60.78,373.25,287.72,22.17,12.73,113.46
2021-09-15,145.36,173.79,22.43,57.20,68.31,46.41,113.02,143.16,108.33,61.96,370.67,292.54,22.27,13.04,112.00
2021-09-16,145.13,174.41,22.81,56.92,68.83,46.19,113.39,142.35,107.72,63.90,369.81,292.93,22.17,12.96,111.80
2021-09-17,142.46,173.13,22.45,57.00,67.73,46.07,112.21,139.56,106.77,63.75,361.55,287.79,21.83,12.69,108.99
2021-09-20,139.42,167.79,22.12,53.04,65.84,45.05,104.09,137.50,106.04,59.88,352.60,282.45,21.04,12.16,106.16
2021-09-21,139.90,167.18,21.97,53.67,65.74,45.03,107.12,137.81,104.99,60.93,354.37,282.93,21.18,12.16,106.41
2021-09-22,142.26,169.00,21.89,53.93,65.87,45.91,105.65,139.05,106.30,60.99,340.22,286.56,21.87,12.38,107.25
2021-09-23,143.21,170.80,22.37,55.61,66.84,46.25,106.71,139.97,107.96,61.03,342.95,287.50,22.41,12.42,107.54
2021-09-24,143.30,171.28,22.51,56.65,66.50,46.30,105.04,140.97,108.56,59.48,349.89,287.29,22.01,12.62,107.03
2021-09-27,141.79,170.29,22.30,57.18,65.02,46.30,103.57,139.83,109.40,59.00,350.50,282.32,21.59,12.81,107.51
2021-09-28,138.41,165.80,21.66,55.77,62.98,45.03,99.23,134.64,108.54,57.55,337.68,272.10,20.63,12.69,103.57
2021-09-29,139.31,165.06,21.62,56.60,63.45,44.89,99.85,133.17,109.89,58.34,336.65,272.56,20.45,12.43,103.31
2021-09-30,138.01,164.25,21.48,55.91,63.54,44.47,97.69,132.50,109.69,58.38,336.44,270.57,20.65,12.35,103.34
2021-10-01,139.14,164.16,21.91,56.16,64.05,44.69,97.19,135.34,113.16,59.14,340.02,277.46,20.67,12.37,103.26
2021-10-04,135.71,159.49,21.48,53.36,63.04,43.65,93.16,132.48,113.78,57.79,323.39,271.71,19.67,12.04,100.91
2021-10-05,137.63,161.05,22.06,55.87,64.28,44.52,96.40,134.83,113.02,59.34,330.06,277.13,20.38,12.15,101.13
2021-10-06,138.50,163.10,22.09,56.83,65.20,44.82,95.61,136.36,112.40,59.32,330.74,281.31,20.63,11.86,101.20
2021-10-07,139.76,165.12,22.76,57.72,66.46,45.30,96.80,138.00,111.97,60.77,326.35,282.98,21.01,12.04,102.58
2021-10-08,139.38,164.43,23.25,59.33,66.89,45.20,97.76,138.56,113.08,62.82,327.18,282.98,20.76,12.18,101.85
2021-10-11,139.29,162.32,23.60,59.38,65.82,45.15,96.18,137.69,112.46,62.74,322.62,282.38,20.63,12.09,102.06
2021-10-12,138.02,162.37,23.43,59.83,65.94,44.50,97.35,135.25,110.91,62.61,320.95,281.08,20.60,12.23,101.07
2021-10-13,137.44,164.21,23.99,59.95,66.56,44.48,99.66,136.37,111.14,63.07,321.71,284.38,20.87,12.60,101.80
2021-10-14,140.22,164.99,24.70,61.54,67.81,45.63,102.47,139.91,113.21,64.06,325.67,290.56,21.67,12.50,104.18
2021-10-15,141.27,170.45,24.36,61.20,66.03,46.15,103.31,140.13,114.18,63.49,321.93,291.96,21.79,12.61,106.31
2021-10-18,142.94,172.34,23.98,62.00,65.88,46.16,103.96,141.52,112.37,64.37,332.42,294.91,22.15,12.69,106.76
2021-10-19,145.10,172.21,24.35,66.43,67.61,46.81,106.46,141.98,112.10,65.69,337.03,295.82,22.22,13.28,108.26
2021-10-20,145.58,170.75,24.67,67.44,68.56,46.71,108.06,140.52,112.04,67.68,337.81,295.03,22.03,13.42,106.99
2021-10-21,145.80,171.75,24.72,70.16,69.72,47.15,111.27,140.64,101.32,70.11,338.90,298.24,22.62,13.69,107.64
2021-10-22,145.03,166.78,24.41,72.36,70.28,47.27,115.56,136.36,100.97,70.52,321.78,296.71,22.65,13.59,105.73
2021-10-25,144.98,166.02,24.13,72.58,71.93,47.88,117.19,136.24,100.78,71.78,325.83,295.72,23.09,13.65,105.18
2021-10-26,145.64,168.80,25.22,72.40,72.72,48.96,119.37,138.08,100.38,73.40,313.06,297.62,24.64,13.55,105.68
2021-10-27,145.18,169.62,25.17,70.32,71.27,47.97,114.61,144.93,98.83,73.20,309.50,310.16,24.37,13.50,105.29
2021-10-28,148.81,172.33,25.44,71.10,74.21,48.56,117.03,144.57,99.36,75.99,314.16,311.29,24.86,14.00,107.38
2021-10-29,146.11,168.62,25.61,69.85,72.92,48.76,117.14,146.74,98.77,76.40,320.75,318.26,25.48,13.68,105.24
2021-11-01,145.29,165.91,25.54,69.29,72.28,48.43,116.42,142.24,99.70,74.46,327.11,316.11,25.74,13.94,105.63
2021-11-02,146.33,165.64,30.74,69.37,72.98,49.25,121.81,144.15,99.63,77.44,325.22,319.71,26.31,14.17,105.62
2021-11-03,147.76,169.20,32.11,70.77,74.53,49.74,122.29,145.31,100.38,79.97,328.73,320.55,26.51,13.68,105.53
2021-11-04,147.24,173.85,32.74,70.16,74.28,50.31,122.32,146.96,99.81,77.75,332.93,322.89,29.70,13.55,109.02
2021-11-05,147.77,175.95,33.16,69.84,73.72,51.26,120.64,147.54,102.09,76.98,338.16,322.53,29.65,13.55,109.03
2021-11-08,146.95,174.45,32.90,69.93,74.10,51.26,120.21,147.72,102.85,75.69,335.67,323.42,30.70,13.67,111.91
2021-11-09,147.31,178.81,33.21,69.25,75.27,51.15,123.89,147.61,101.14,76.38,332.45,322.42,30.56,12.85,112.72
2021-11-10,144.49,174.10,32.63,67.17,74.83,50.33,118.02,144.61,100.61,72.94,324.79,317.48,29.36,12.76,109.40
2021-11-11,144.44,173.62,32.59,68.01,74.03,50.93,119.60,144.49,100.65,74.89,324.89,319.04,30.29,13.16,109.39
2021-11-12,146.51,176.26,32.86,68.07,74.46,51.65,121.02,147.37,99.56,75.68,337.92,323.16,30.29,12.69,109.86
2021-11-15,146.52,177.28,33.01,69.08,74.42,51.88,120.85,147.15,99.48,74.71,344.53,322.54,29.93,12.71,109.33
2021-11-16,147.50,177.04,32.95,68.80,75.05,52.16,122.05,146.58,99.14,75.07,339.97,325.84,30.10,12.69,109.29
2021-11-17,149.93,177.45,33.02,68.53,76.45,52.24,122.78,146.75,98.80,75.41,337.80,326.06,29.17,12.88,110.20
2021-11-18,154.21,184.80,33.14,68.90,76.44,52.71,124.28,148.52,97.63,75.33,335.74,328.13,31.57,12.85,114.21
2021-11-19,156.82,183.83,32.24,68.49,75.99,52.15,123.93,147.62,97.12,75.23,342.29,329.89,32.88,12.37,115.01
2021-11-22,157.28,178.63,32.04,69.31,75.30,50.74,122.20,145.02,97.47,75.22,338.04,326.74,31.85,12.39,115.47
2021-11-23,157.66,179.00,31.63,67.44,73.65,50.91,123.15,144.50,97.74,73.66,334.31,324.67,31.64,12.33,112.33
2021-11-24,158.18,179.02,31.94,67.57,72.60,51.24,125.45,144.84,97.69,73.69,338.09,324.89,32.57,12.44,111.73
2021-11-26,153.17,175.23,31.24,65.55,70.71,50.13,121.71,140.93,96.92,71.43,330.22,316.98,31.40,12.32,108.38
2021-11-29,156.52,178.08,31.65,67.02,70.76,51.75,126.00,144.25,99.17,73.31,335.09,323.66,33.27,12.39,110.40
2021-11-30,161.46,175.35,31.01,64.68,69.84,50.78,119.71,140.65,98.00,71.52,321.64,317.86,32.57,12.08,108.43
2021-12-01,160.95,172.19,30.35,64.56,69.75,50.87,116.49,139.81,97.85,71.09,307.90,317.37,31.34,11.78,111.65
2021-12-02,159.96,171.87,30.82,65.61,71.62,50.66,119.53,141.71,97.83,72.51,307.69,316.80,32.02,11.89,112.64
2021-12-03,158.08,169.49,30.30,64.06,68.75,51.18,114.46,140.75,99.46,70.73,304.17,310.57,30.60,12.03,110.45
2021-12-06,161.48,171.37,30.41,64.10,69.44,51.81,114.01,141.90,100.35,71.47,315.10,313.63,29.94,12.30,110.27
2021-12-07,167.21,176.16,31.58,64.87,69.36,54.14,117.91,145.98,101.75,74.64,320.00,322.02,32.32,12.69,113.22
2021-12-08,171.02,176.16,31.37,64.92,69.06,53.97,114.54,146.88,102.95,73.95,327.68,322.07,31.73,12.42,112.74
2021-12-09,170.51,174.17,32.17,64.41,68.80,53.50,113.40,146.34,103.41,72.78,326.95,320.27,30.39,12.22,110.61
2021-12-10,175.29,172.21,32.67,63.64,67.72,57.93,113.23,146.70,103.85,72.38,326.88,329.35,30.10,12.09,110.26
2021-12-13,171.66,169.57,33.04,63.61,66.87,57.01,109.17,144.54,102.59,69.54,331.58,326.33,28.07,11.81,107.76
2021-12-14,170.28,169.09,32.78,62.62,65.98,56.39,107.23,142.64,103.57,70.17,330.83,315.69,28.25,11.58,107.64
2021-12-15,175.14,173.32,34.67,64.11,66.88,58.68,108.22,145.15,103.03,71.03,338.69,321.76,30.36,11.62,111.44
2021-12-16,168.26,168.87,32.53,63.78,65.24,56.92,104.88,143.18,105.39,68.29,331.98,312.39,28.30,11.55,108.34
2021-12-17,167.17,170.02,33.76,64.27,66.40,58.23,104.32,140.48,106.62,68.77,330.88,311.33,27.71,11.66,108.11
2021-12-20,165.81,167.08,33.58,62.67,63.73,59.15,101.32,140.36,106.34,67.80,322.62,307.59,27.63,11.33,106.83
2021-12-21,168.98,170.42,34.48,65.70,66.61,59.64,104.45,142.21,107.93,69.32,331.29,314.68,28.98,11.72,109.15
2021-12-22,171.56,171.04,34.88,66.04,68.40,60.47,110.45,145.13,108.59,71.09,327.57,320.37,29.31,11.97,112.74
2021-12-23,172.19,171.07,35.46,67.86,70.44,61.36,114.25,145.63,109.32,72.76,332.32,321.80,29.55,11.91,112.16
2021-12-27,176.15,169.67,36.71,67.64,71.69,62.23,114.33,146.61,110.15,74.21,343.17,329.26,30.85,12.00,114.04
2021-12-28,175.13,170.66,36.22,67.13,71.03,61.74,111.19,145.40,111.00,73.71,343.21,328.11,30.23,11.95,113.44
2021-12-29,175.22,169.20,36.43,66.52,70.06,62.08,108.76,145.37,111.60,71.57,339.95,328.78,29.91,11.93,112.84
2021-12-30,174.06,168.64,35.79,66.74,70.17,61.38,108.75,144.92,112.07,71.83,341.36,326.25,29.49,11.95,111.92
2021-12-31,173.45,166.72,35.94,66.18,70.36,61.41,109.50,143.58,111.86,71.57,333.42,323.37,29.32,11.90,111.82
2022-01-03,177.79,170.40,35.56,65.36,68.56,61.22,107.17,143.72,113.85,70.63,335.59,321.86,30.03,11.79,119.71
2022-01-04,175.53,167.52,34.67,67.22,68.39,61.92,105.74,143.13,115.51,71.39,333.60,316.34,29.20,11.59,123.98
2022-01-05,170.86,164.36,33.29,63.60,64.16,59.34,99.69,136.56,115.67,66.27,321.35,304.19,27.52,11.17,118.09
2022-01-06,168.01,163.25,33.17,63.57,64.02,58.79,100.84,136.54,113.26,67.81,329.57,301.79,28.09,11.41,119.40
2022-01-07,168.17,162.55,32.37,63.01,64.93,57.14,98.72,135.81,112.84,66.77,328.90,301.94,27.16,11.18,114.78
2022-01-10,168.19,161.49,32.88,62.46,64.67,57.33,97.09,137.45,113.01,66.58,325.21,302.17,27.31,10.94,116.19
2022-01-11,171.02,165.36,33.29,64.49,67.96,57.41,102.66,138.51,111.20,68.86,331.46,302.85,27.73,11.03,120.05
2022-01-12,171.46,165.21,33.26,64.66,67.58,57.41,103.54,140.19,111.80,69.30,330.36,306.01,27.91,11.01,122.90
2022-01-13,168.19,161.21,32.80,63.55,66.29,55.12,100.66,137.37,112.78,67.11,323.64,293.06,26.49,10.86,129.37
2022-01-14,169.05,162.14,32.44,62.89,66.77,55.04,98.27,138.25,112.32,66.67,329.01,298.25,26.86,10.71,130.73
2022-01-18,165.86,158.92,31.77,61.82,65.68,53.33,96.41,134.80,111.26,65.29,315.38,290.99,25.82,10.28,124.38
2022-01-19,162.37,156.30,31.33,61.27,64.77,52.05,95.01,133.93,110.12,64.25,316.81,291.65,24.99,10.26,121.76
2022-01-20,160.69,151.67,30.49,61.22,64.17,50.55,94.41,132.14,109.48,64.44,313.80,289.98,24.07,10.16,119.27
2022-01-21,158.64,142.64,29.66,60.22,62.99,49.21,92.91,129.21,108.25,63.23,300.53,284.63,23.30,9.73,115.74
2022-01-24,157.87,144.54,30.38,59.71,62.89,49.98,92.58,129.65,107.81,62.84,306.02,284.95,23.30,9.80,117.07
2022-01-25,156.07,139.99,29.24,58.62,62.33,49.30,93.30,125.82,113.90,62.21,297.54,277.38,22.25,9.53,113.83
2022-01-26,155.98,138.87,29.49,58.07,62.18,51.42,94.34,128.10,112.36,61.99,292.07,285.28,22.70,9.58,114.39
2022-01-27,155.53,139.64,29.48,60.52,63.17,50.05,100.74,127.87,110.90,63.40,292.08,288.29,21.87,9.36,108.17
2022-01-28,166.38,143.98,30.05,62.28,64.21,51.69,105.18,132.18,112.56,65.51,299.08,296.39,22.77,9.60,109.31
2022-01-31,170.72,149.57,31.08,63.96,69.02,54.07,111.69,134.11,111.78,68.36,310.53,299.00,24.41,9.92,113.97
2022-02-01,170.56,151.19,31.08,64.56,67.19,54.70,114.21,136.43,113.42,69.61,316.22,296.87,24.56,10.40,114.36
2022-02-02,171.76,150.61,31.40,64.90,69.88,55.69,116.77,146.70,114.86,70.30,320.19,301.39,25.16,10.28,115.39
2022-02-03,168.89,138.85,30.56,63.03,67.77,53.61,113.48,141.83,115.31,68.12,235.69,289.65,23.87,9.97,111.38
2022-02-04,168.60,157.64,30.58,64.26,68.74,54.47,113.15,142.03,114.78,68.14,235.03,294.16,24.24,10.22,112.48
2022-02-07,167.89,157.94,30.54,64.77,68.31,54.23,112.62,137.98,114.85,67.95,222.95,289.36,24.65,10.17,113.68
2022-02-08,170.99,161.41,30.84,61.77,67.91,55.40,110.12,138.17,114.67,63.77,218.26,292.83,25.03,9.97,114.98
2022-02-09,172.41,161.19,32.36,63.84,70.36,56.42,115.16,140.35,115.32,66.12,229.98,299.22,26.62,10.44,116.66
2022-02-10,168.34,159.00,31.77,63.66,69.66,54.58,115.10,137.40,113.09,63.40,226.08,290.73,25.74,10.24,115.91
2022-02-11,164.94,153.29,30.23,60.01,69.18,52.92,105.72,133.10,112.38,60.29,217.64,283.68,23.87,10.11,112.47
2022-02-14,165.17,155.17,30.70,59.97,68.09,53.40,103.69,134.33,110.23,58.19,215.80,283.64,24.19,9.95,111.32
2022-02-15,169.00,156.51,32.49,61.75,69.97,55.63,106.90,135.41,110.06,60.04,219.08,288.90,26.41,10.26,115.73
2022-02-16,168.76,158.10,33.11,62.10,71.35,55.12,108.47,136.53,109.41,59.75,214.65,288.56,26.43,10.58,114.88
2022-02-17,165.17,154.65,32.31,59.96,68.41,53.44,104.92,131.37,105.85,56.24,205.90,280.11,24.43,9.47,111.31
2022-02-18,163.63,152.60,31.48,58.98,66.62,53.53,105.97,129.26,105.32,56.95,204.37,277.41,23.57,9.81,110.89
2022-02-22,160.71,150.20,30.46,58.09,65.38,53.30,104.05,128.67,104.96,55.88,200.32,277.21,23.32,9.81,108.66
2022-02-23,156.55,144.83,29.54,57.08,63.54,52.16,103.38,126.47,103.39,55.84,196.72,270.03,22.32,9.51,107.72
2022-02-24,159.17,151.36,30.22,57.14,65.39,53.53,103.76,131.52,103.31,56.58,205.79,283.83,23.67,9.67,103.98
2022-02-25,161.23,153.79,30.88,60.36,69.02,54.27,110.18,133.28,105.18,58.75,208.65,286.45,24.08,10.00,103.38
2022-02-28,161.49,153.56,30.68,59.99,70.21,54.22,109.06,133.87,103.76,57.89,209.19,287.88,24.31,10.06,99.46
2022-03-01,159.62,151.14,29.47,57.36,68.55,52.62,105.88,132.88,102.78,55.61,201.72,284.18,23.40,9.73,100.42
2022-03-02,162.90,152.05,30.76,59.68,71.18,54.06,111.41,133.39,104.91,57.90,206.30,289.22,24.15,10.20,101.87
2022-03-03,162.58,147.90,30.08,59.35,67.03,53.40,107.67,132.72,106.66,55.64,201.20,285.11,23.64,9.80,101.11
2022-03-04,159.59,145.64,29.64,58.35,64.64,55.01,103.66,130.75,107.24,53.82,198.32,279.27,22.87,9.33,97.64
2022-03-07,155.80,137.45,28.61,53.58,58.81,52.67,93.29,125.27,106.78,49.26,185.84,268.72,21.29,9.01,92.28
2022-03-08,153.98,136.01,28.65,55.17,57.46,53.16,92.93,125.99,106.45,50.33,188.63,265.77,21.45,9.16,92.94
2022-03-09,159.37,139.28,30.15,58.17,61.42,55.10,99.36,132.25,106.90,52.93,196.77,277.96,22.95,9.85,97.54
2022-03-10,155.04,146.82,30.23,57.05,61.79,54.24,99.98,131.27,105.32,51.47,193.51,275.16,22.59,9.86,96.62
2022-03-11,151.33,145.52,29.98,57.95,61.69,53.33,99.29,128.73,104.99,50.35,185.98,269.84,22.03,9.97,94.25
2022-03-14,147.31,141.85,28.82,54.61,60.57,52.40,93.05,124.84,104.97,48.96,185.01,266.34,21.27,9.42,92.29
2022-03-15,151.68,147.37,30.29,54.74,61.70,54.71,93.87,128.06,106.41,50.15,190.36,276.66,22.90,9.55,94.88
2022-03-16,156.09,153.10,31.05,57.25,65.90,56.03,99.29,132.11,107.60,53.40,201.86,283.64,24.42,10.14,98.70
2022-03-17,157.09,157.24,31.50,56.60,67.29,55.62,102.61,132.66,108.38,55.52,206.03,284.44,24.69,10.34,99.45
2022-03-18,160.38,161.25,32.81,57.52,70.39,56.34,105.10,134.93,109.06,57.27,214.61,289.46,26.37,10.32,99.67
2022-03-21,161.75,161.49,32.99,57.45,68.49,55.87,104.91,134.91,108.50,56.23,209.65,288.23,26.65,10.11,99.85
2022-03-22,165.11,164.89,34.01,59.45,70.12,56.80,107.91,138.64,109.31,57.92,214.76,292.95,26.44,10.19,99.96
2022-03-23,166.47,163.41,33.29,57.71,68.70,55.69,105.90,137.06,108.67,56.79,211.60,288.55,25.56,10.10,98.39
2022-03-24,170.25,163.65,34.92,58.73,69.11,58.21,107.54,140.33,109.47,57.05,217.66,292.99,28.07,10.10,100.79
2022-03-25,170.88,164.77,34.60,57.45,69.07,58.43,105.92,140.43,111.25,56.49,219.89,292.59,27.61,9.97,99.67
2022-03-28,171.74,168.99,34.85,58.10,69.54,58.80,106.54,140.21,111.35,56.41,221.64,299.35,28.13,10.02,99.30
2022-03-29,175.03,169.32,35.20,60.40,72.23,59.60,112.74,141.25,111.75,59.49,227.86,303.89,28.57,10.49,102.03
2022-03-30,173.87,166.30,34.55,57.94,71.34,58.64,108.85,140.69,111.91,57.11,225.87,302.40,27.61,10.12,99.67
2022-03-31,170.78,163.00,34.74,56.98,70.94,58.51,108.60,137.85,110.12,56.30,220.42,297.05,27.20,10.20,97.37
2022-04-01,170.48,163.56,34.87,57.29,72.52,58.26,109.62,138.92,110.23,57.56,222.89,298.12,26.63,10.29,96.00
2022-04-04,174.52,168.35,35.69,58.24,73.69,58.99,111.71,141.71,110.33,57.72,231.85,303.46,27.28,10.50,97.86
2022-04-05,171.22,164.05,35.27,56.19,71.07,57.06,105.75,139.36,109.17,55.35,229.82,299.52,25.85,10.38,95.72
2022-04-06,168.06,158.76,33.00,54.26,69.38,55.94,101.16,135.35,109.59,54.21,221.36,288.56,24.33,10.18,94.49
2022-04-07,168.36,157.78,33.21,53.01,69.86,56.03,98.94,134.69,108.88,53.74,221.01,290.36,24.14,10.07,93.88
2022-04-08,166.35,154.46,32.76,52.91,70.18,54.54,98.36,132.12,108.18,55.56,220.39,286.12,23.05,10.30,92.73
2022-04-11,162.11,151.12,31.79,52.27,67.29,53.95,96.51,127.69,107.03,54.17,214.58,274.84,21.85,10.73,91.12
2022-04-12,163.98,150.79,31.85,51.02,66.37,54.36,97.04,126.59,106.70,53.44,212.28,271.76,21.44,10.77,91.00
2022-04-13,166.66,155.54,32.84,53.08,68.68,55.06,99.62,128.75,106.84,54.40,213.12,277.11,22.14,11.31,94.79
2022-04-14,161.66,151.71,31.65,52.84,67.50,53.32,96.66,125.62,107.19,53.20,208.35,269.61,21.19,11.34,91.86
2022-04-18,161.44,152.79,31.55,52.17,66.95,54.50,95.81,126.55,106.86,52.53,208.94,270.27,21.72,11.24,92.24
2022-04-19,163.72,158.12,32.21,53.85,70.05,55.53,100.51,128.87,109.39,54.34,215.42,274.88,22.13,11.64,92.88
2022-04-20,163.56,154.00,31.79,54.38,71.62,55.54,103.00,126.91,117.15,55.78,198.68,275.90,21.42,11.53,92.47
2022-04-21,162.77,148.30,30.05,51.62,67.77,55.07,96.35,123.72,118.45,51.87,186.43,270.55,20.12,10.88,91.20
2022-04-22,158.24,144.35,29.42,49.57,66.04,54.54,94.61,118.58,117.09,49.85,182.51,264.02,19.46,10.63,89.36
2022-04-25,159.30,146.07,29.74,49.99,66.84,54.62,96.27,121.99,117.81,51.03,185.36,270.47,19.84,10.63,89.88
2022-04-26,153.36,139.39,28.81,47.02,62.60,52.04,91.78,117.61,115.35,48.99,179.37,260.35,18.73,10.09,86.64
2022-04-27,153.13,138.17,28.80,46.80,61.37,51.99,91.95,113.29,114.39,49.76,173.43,272.87,18.36,10.13,84.29
2022-04-28,160.05,144.60,30.23,48.08,62.00,53.79,92.65,117.48,114.97,50.63,203.94,279.05,19.72,10.05,88.93
2022-04-29,154.19,124.28,28.89,45.74,57.83,51.51,87.97,113.11,111.98,49.08,198.72,267.38,18.49,9.60,86.79
2022-05-02,154.49,124.50,29.57,47.72,59.05,53.55,91.63,115.56,112.68,50.98,209.29,274.08,19.47,9.98,87.56
2022-05-03,155.98,124.25,28.51,47.55,60.52,54.00,93.21,116.30,112.24,52.28,210.18,271.49,19.54,10.13,87.44
2022-05-04,162.37,125.93,29.45,49.32,62.88,56.09,96.66,121.19,116.37,55.22,221.47,279.39,20.27,10.08,89.64
2022-05-05,153.33,116.41,27.75,49.06,60.44,53.89,90.91,115.48,115.12,53.31,206.47,267.22,18.79,9.77,86.06
2022-05-06,154.05,114.77,27.75,48.62,59.29,53.90,87.90,114.73,116.60,51.56,202.00,264.69,18.62,9.86,85.57
2022-05-09,148.94,108.79,25.62,45.54,55.27,52.30,83.72,111.52,115.25,48.01,194.50,254.92,16.90,9.20,81.53
2022-05-10,151.34,108.86,26.28,46.36,56.28,54.02,85.76,113.39,110.70,49.26,195.93,259.66,17.54,8.84,82.95
2022-05-11,143.49,105.37,25.73,46.89,55.04,52.69,83.75,112.60,112.08,48.29,187.10,251.03,16.58,8.43,82.02
2022-05-12,139.63,106.93,25.42,47.40,55.76,53.11,86.11,111.85,113.93,46.51,189.58,246.02,16.13,8.50,81.89
2022-05-13,144.09,113.06,27.16,49.82,59.85,54.66,93.38,115.03,114.53,49.82,196.89,251.58,17.65,8.95,84.95
2022-05-16,142.55,110.81,26.25,49.18,58.74,54.14,90.68,113.44,115.75,49.21,198.30,251.95,17.21,8.95,84.43
2022-05-17,146.18,115.37,26.84,50.75,60.95,56.51,93.31,115.45,118.62,51.28,200.86,257.07,18.12,9.33,87.15
2022-05-18,137.93,107.11,25.64,50.32,58.33,53.02,89.68,110.92,113.96,49.04,190.57,245.37,16.89,9.06,84.55
2022-05-19,134.53,107.32,25.27,49.96,58.23,50.75,90.58,109.41,111.15,48.75,189.62,244.46,17.07,9.12,84.25
2022-05-20,134.77,107.59,25.66,50.45,58.30,50.47,93.17,107.95,110.14,50.00,191.86,243.90,16.64,9.48,84.78
2022-05-23,140.17,107.56,25.58,51.14,59.55,48.91,93.93,110.51,112.44,50.18,194.52,251.71,16.85,9.55,85.45
2022-05-24,137.48,104.10,24.92,49.62,57.99,48.71,93.45,105.04,114.70,48.29,179.70,250.72,16.11,9.65,82.86
2022-05-25,137.64,106.78,25.24,51.66,59.19,49.40,96.18,104.88,115.21,48.88,182.23,253.52,16.92,9.63,84.43
2022-05-26,140.83,111.08,25.93,53.82,61.53,51.17,102.46,106.85,117.35,52.59,189.96,256.78,17.80,9.74,84.98
2022-05-27,146.57,115.15,26.47,55.86,63.50,54.20,104.83,111.33,119.39,54.14,193.43,263.87,18.75,10.06,87.57
2022-05-31,145.79,120.21,25.57,53.38,62.15,53.90,102.02,112.76,119.02,52.95,191.95,262.55,18.62,10.18,89.00
2022-06-01,145.66,121.68,25.42,53.50,60.99,53.30,100.55,112.89,119.53,52.61,187.00,263.08,18.27,9.81,88.49
2022-06-02,148.11,125.51,26.53,54.20,63.22,53.59,105.41,116.59,120.14,54.44,197.13,265.17,19.53,10.18,89.97
2022-06-03,142.40,122.35,25.79,53.51,64.03,52.34,105.10,113.53,121.03,53.44,189.12,260.76,18.66,10.09,87.57
2022-06-06,143.14,124.79,25.88,54.80,64.07,52.15,102.89,115.79,122.48,54.59,192.56,259.54,18.73,10.41,86.96
2022-06-07,145.66,123.00,26.08,54.71,63.91,53.24,103.79,116.12,122.40,55.02,193.95,263.16,18.87,10.16,87.64
2022-06-08,144.92,121.18,25.76,53.08,63.32,52.53,100.81,116.16,120.73,52.99,194.93,261.14,18.60,10.28,87.29
2022-06-09,139.71,116.15,24.60,52.47,61.54,51.68,98.61,113.83,118.27,51.36,182.40,255.71,18.00,10.04,84.84
2022-06-10,134.32,109.65,23.74,50.43,57.42,50.29,93.22,110.18,116.75,49.32,174.04,244.32,16.93,9.30,82.82
2022-06-13,129.17,103.67,23.02,46.38,51.43,48.10,84.46,105.46,115.82,45.17,162.83,233.95,15.60,8.36,79.89
2022-06-14,130.04,102.31,22.98,45.71,51.60,48.33,82.64,105.78,116.35,45.50,162.30,236.11,15.79,8.15,81.43
2022-06-15,132.65,107.67,23.22,46.81,51.76,48.94,83.84,108.80,117.49,47.04,167.88,243.13,16.48,8.60,83.24
2022-06-16,127.39,103.66,22.60,43.32,47.39,46.20,77.67,105.10,116.30,43.53,159.47,236.57,15.56,8.06,79.35
2022-06-17,128.86,106.22,22.74,44.68,48.11,46.33,78.17,106.20,115.75,43.64,162.31,239.16,15.84,8.13,79.80
2022-06-21,133.08,108.68,23.46,46.17,49.48,47.20,79.01,110.56,118.17,44.79,155.68,245.04,16.52,8.25,81.63
2022-06-22,132.57,108.95,23.26,46.48,49.73,46.48,79.04,110.51,117.51,44.26,154.49,244.45,16.31,8.24,79.71
2022-06-23,135.43,112.44,23.84,46.25,50.84,46.52,80.85,111.26,118.68,44.81,157.37,249.99,16.18,8.41,78.97
2022-06-24,138.75,116.46,24.95,48.16,52.88,47.69,85.63,116.94,121.78,46.92,168.68,258.52,17.08,8.81,80.66
2022-06-27,138.75,113.22,24.72,48.51,53.31,47.38,84.77,114.82,122.41,46.82,168.01,255.81,16.82,9.06,80.61
2022-06-28,134.62,107.40,23.82,47.48,51.97,46.70,82.14,111.02,121.61,46.91,159.28,247.69,15.94,8.84,79.18
2022-06-29,136.37,108.92,23.73,46.01,50.68,45.94,78.88,110.72,120.62,45.74,162.51,251.34,15.50,8.28,78.53
2022-06-30,133.91,106.21,23.43,44.90,50.17,45.51,79.01,108.01,121.03,44.72,159.85,248.02,15.12,8.14,76.75
2022-07-01,136.08,109.56,23.35,45.62,51.66,44.77,80.40,107.78,120.97,45.14,158.64,250.68,14.48,8.16,72.29
2022-07-05,138.65,113.50,24.04,47.30,52.97,44.62,81.44,112.27,117.97,46.03,166.73,253.84,14.92,8.40,71.45
2022-07-06,139.99,114.33,24.66,46.53,52.40,45.21,81.39,113.56,118.37,45.73,168.29,257.08,15.09,8.30,70.94
2022-07-07,143.35,116.33,25.49,48.44,54.00,46.71,84.32,117.74,120.73,47.04,170.69,259.20,15.81,8.56,75.72
2022-07-08,144.02,115.54,25.75,47.75,53.69,46.72,83.27,118.30,120.42,45.93,169.39,258.48,15.79,8.53,76.52
2022-07-11,141.90,111.75,25.42,46.95,52.72,45.24,82.46,114.66,120.87,45.66,161.46,255.44,15.11,8.37,74.27
2022-07-12,142.87,109.22,24.57,46.96,53.24,45.10,81.43,113.02,119.31,45.08,161.85,244.97,15.04,8.32,74.26
2022-07-13,142.50,110.40,24.58,46.58,52.25,45.13,79.16,110.37,117.60,44.60,162.07,244.06,15.12,8.03,76.32
2022-07-14,145.42,110.63,24.77,45.07,51.72,45.40,77.63,109.40,119.21,44.27,156.67,245.37,15.33,7.87,78.55
2022-07-15,147.09,113.55,25.42,47.09,53.55,46.32,80.55,110.80,119.95,46.60,163.27,247.92,15.72,8.20,80.39
2022-07-18,144.05,113.76,25.15,47.51,53.40,46.01,80.68,108.07,118.41,47.05,165.77,245.53,16.06,8.35,78.47
2022-07-19,147.90,118.21,26.19,49.15,55.30,47.69,85.72,112.81,112.20,49.06,174.25,250.63,16.94,8.80,80.88
2022-07-20,149.90,122.77,26.22,50.18,56.68,47.95,87.56,112.90,110.74,49.86,181.50,253.28,17.76,9.12,81.26
2022-07-21,152.16,124.63,26.49,50.55,57.84,48.50,84.77,113.34,109.00,50.67,181.58,255.76,18.00,9.03,82.42
2022-07-22,150.93,122.42,25.59,49.95,57.48,48.02,83.52,106.95,109.94,49.59,167.80,251.43,17.27,8.82,81.04
2022-07-25,149.81,121.14,25.86,50.05,57.56,48.07,84.24,106.57,110.19,50.37,165.20,249.96,16.98,8.86,81.02
2022-07-26,148.49,114.81,25.83,49.59,56.56,47.88,81.07,104.10,109.80,49.36,157.76,243.26,16.49,8.60,79.25
2022-07-27,153.57,120.97,27.27,50.78,58.25,49.45,84.64,112.07,110.69,50.84,168.10,259.53,17.74,8.86,82.27
2022-07-28,154.12,122.28,28.83,52.33,62.90,49.99,88.76,113.22,110.77,53.56,159.32,266.93,17.93,9.21,83.19
2022-07-29,159.17,134.95,29.16,52.88,63.22,50.17,89.51,115.30,112.12,53.58,157.72,271.11,18.11,9.26,83.07
2022-08-01,158.20,135.39,29.40,52.90,64.21,50.25,90.54,113.85,113.19,53.64,158.54,268.48,18.39,9.23,81.03
2022-08-02,156.73,134.16,29.28,52.24,64.10,49.77,88.20,114.12,112.99,50.47,158.80,265.40,18.47,9.18,80.79
2022-08-03,162.72,139.52,30.42,53.00,64.93,51.22,88.65,117.04,113.45,51.48,167.33,272.79,18.84,9.31,81.22
2022-08-04,162.41,142.57,30.76,53.70,65.24,51.79,90.19,117.15,112.85,51.43,169.09,273.93,19.16,9.68,83.01
2022-08-05,162.18,140.80,31.67,53.28,64.71,51.66,88.75,116.44,113.57,50.64,165.66,273.21,18.94,9.99,84.28
2022-08-08,161.71,139.41,31.18,53.18,64.71,51.11,90.07,116.27,113.68,51.02,168.77,270.71,17.74,10.14,82.56
2022-08-09,161.76,137.83,30.24,53.62,63.62,49.92,88.42,115.60,112.39,49.99,167.06,272.62,17.04,10.09,80.00
2022-08-10,166.00,142.69,31.87,55.56,65.86,51.57,94.66,118.65,114.15,53.61,176.79,279.25,18.05,10.40,83.24
2022-08-11,165.26,140.64,31.51,56.39,66.13,51.10,92.97,117.80,115.05,54.73,175.94,277.18,17.89,10.45,84.04
2022-08-12,168.80,143.55,31.72,56.49,66.28,52.30,95.41,120.61,116.33,55.33,178.93,281.90,18.66,10.58,85.30
2022-08-15,169.87,143.18,32.19,56.94,66.60,52.37,95.31,121.01,117.13,55.72,179.32,283.41,18.98,10.53,85.97
2022-08-16,169.71,144.78,32.48,56.24,66.69,51.68,94.34,120.63,118.54,55.41,177.91,282.67,18.83,10.36,84.45
2022-08-17,171.21,142.10,32.37,55.23,67.49,50.46,93.40,118.50,119.61,54.77,173.33,281.93,18.28,10.16,83.74
2022-08-18,170.81,142.30,33.19,55.51,68.42,52.32,94.13,119.11,120.72,54.08,173.14,280.82,18.72,10.18,83.81
2022-08-19,168.23,138.23,32.50,54.19,66.07,51.38,90.59,116.18,120.11,52.40,166.50,276.93,17.80,9.73,81.86
2022-08-22,164.36,133.22,31.78,53.21,65.16,49.54,88.57,113.24,117.66,51.26,161.63,268.80,16.99,9.72,80.02
2022-08-23,164.03,133.62,31.74,54.15,66.63,49.63,89.76,112.86,116.96,51.17,159.71,267.53,17.13,9.79,80.77
2022-08-24,164.32,133.80,31.41,54.96,66.83,49.73,90.12,112.69,115.65,51.49,161.84,266.90,17.17,9.92,80.33
2022-08-25,166.77,137.28,31.62,56.22,68.94,51.54,92.47,115.62,116.30,52.72,167.31,269.86,17.86,10.02,82.21
2022-08-26,160.48,130.75,30.76,52.55,66.24,48.80,86.43,109.37,113.18,50.01,160.37,259.45,16.21,9.39,79.56
2022-08-29,158.29,129.79,30.40,51.90,64.71,48.17,84.36,108.46,113.12,49.55,157.78,256.68,15.76,9.19,77.78
2022-08-30,155.86,128.73,30.27,51.23,64.88,47.44,83.86,107.98,112.48,49.11,155.79,254.49,15.43,9.08,77.72
2022-08-31,154.21,126.77,29.97,51.81,65.42,46.76,82.38,107.27,111.50,48.98,161.51,253.04,15.05,9.09,78.25
2022-09-01,154.93,127.82,29.32,51.11,64.52,46.09,82.57,108.78,112.55,48.56,163.92,252.01,13.90,9.01,76.64
2022-09-02,152.82,127.51,29.33,51.27,64.19,46.86,82.28,106.90,110.93,47.71,158.92,247.81,13.61,8.85,75.95
2022-09-06,151.57,126.11,29.39,51.85,64.48,46.67,82.51,105.87,110.00,47.00,157.16,245.09,13.43,8.97,75.13
2022-09-07,152.97,129.48,30.07,52.89,66.38,47.32,84.49,108.49,110.86,47.88,158.99,249.77,13.68,9.22,75.06
2022-09-08,151.50,129.82,30.69,53.01,68.46,47.96,84.98,107.43,111.52,48.50,160.65,250.19,13.96,9.26,75.33
2022-09-09,154.35,133.27,31.10,54.17,69.48,48.94,87.41,109.68,112.14,49.89,167.68,255.94,14.35,9.47,76.54
2022-09-12,160.30,136.45,31.19,54.95,69.55,49.57,88.42,109.89,113.42,51.03,167.49,258.05,14.47,9.54,77.12
2022-09-13,150.89,126.82,29.98,52.82,67.16,47.19,82.76,103.40,110.46,48.43,151.80,243.87,13.10,9.05,73.99
2022-09-14,152.33,128.55,30.57,53.53,67.77,47.85,83.63,104.08,110.84,48.57,150.15,244.09,13.10,9.04,74.79
2022-09-15,149.45,126.28,29.24,53.28,67.78,46.86,83.05,102.01,108.93,48.08,148.25,237.47,12.90,9.02,73.62
2022-09-16,147.81,123.53,28.93,51.10,66.41,47.08,80.84,101.90,110.48,47.00,145.02,236.85,13.17,8.93,73.54
2022-09-19,151.52,124.66,28.74,51.69,67.56,47.02,83.44,102.16,110.88,47.96,146.73,236.64,13.35,9.01,73.86
2022-09-20,153.89,122.19,28.52,50.21,65.57,46.19,79.75,100.25,109.63,46.19,144.82,234.63,13.14,8.84,73.78
2022-09-21,150.77,118.54,28.45,49.09,63.30,45.55,77.85,98.41,108.44,44.68,140.88,231.25,13.23,8.71,72.83
2022-09-22,149.81,117.31,28.14,48.02,59.75,45.12,74.89,99.26,108.77,43.70,141.58,233.21,12.53,8.43,71.40
2022-09-23,147.55,113.78,27.49,46.24,58.01,44.28,73.23,97.87,106.52,42.52,139.19,230.25,12.49,8.00,69.74
2022-09-26,147.88,115.15,27.27,45.56,56.69,43.67,72.93,97.31,105.91,42.29,135.18,229.80,12.20,7.64,68.93
2022-09-27,148.85,114.41,27.73,45.54,57.00,43.91,71.87,96.64,105.68,42.55,133.23,228.79,12.38,7.64,68.95
2022-09-28,146.97,118.01,29.17,46.66,58.02,44.02,75.43,99.17,106.56,43.61,140.38,233.30,12.70,7.86,68.10
2022-09-29,139.75,114.80,28.69,44.40,55.55,42.52,74.07,96.56,105.58,41.94,135.22,229.84,12.19,7.60,65.41
2022-09-30,135.55,113.00,28.22,43.35,55.10,41.95,73.40,94.81,103.13,41.65,134.50,225.39,12.11,7.56,64.73
2022-10-03,139.72,115.88,28.96,45.61,56.94,43.15,75.85,97.77,105.48,42.59,137.40,232.98,12.48,7.75,65.38
2022-10-04,143.30,121.09,30.20,48.41,61.08,45.33,82.01,100.75,108.94,45.91,139.06,240.86,13.13,8.09,68.74
2022-10-05,143.59,120.95,30.34,48.13,60.66,45.80,80.72,100.54,109.15,45.81,137.77,241.17,13.18,7.81,70.32
2022-10-06,142.64,120.30,30.48,47.55,59.79,45.30,80.34,100.53,106.10,45.57,137.86,238.83,13.10,7.75,70.20
2022-10-07,137.41,114.56,29.10,45.46,57.98,43.50,75.75,97.81,103.14,43.49,132.29,226.69,12.05,7.52,65.85
2022-10-10,137.73,113.67,27.37,45.26,56.72,41.35,74.98,97.00,102.21,43.58,132.63,221.86,11.64,7.51,63.67
2022-10-11,136.32,112.21,26.76,44.45,54.67,40.69,73.17,96.33,102.26,42.76,127.42,218.14,11.56,7.22,59.90
2022-10-12,135.69,112.90,25.91,45.03,54.85,40.68,75.02,96.70,102.06,42.99,126.39,218.47,11.47,7.03,60.53
2022-10-13,140.25,112.53,25.98,45.27,55.89,41.38,75.69,98.19,105.72,44.09,129.16,226.69,11.93,7.01,62.90
2022-10-14,135.73,106.90,25.09,44.15,54.33,40.35,73.77,95.71,104.20,42.93,125.66,221.19,11.20,7.02,60.35
2022-10-17,139.68,113.79,26.14,45.60,57.32,41.13,77.38,99.09,105.48,43.76,132.87,229.87,11.86,7.52,61.26
2022-10-18,141.00,116.36,26.57,46.84,59.52,41.08,79.03,99.88,106.72,44.99,131.64,230.81,11.94,7.74,60.15
2022-10-19,141.10,115.07,26.28,46.11,58.57,41.12,76.95,98.75,106.34,44.34,132.07,228.86,12.02,7.38,60.10
2022-10-20,140.64,115.25,26.41,45.82,59.01,40.65,73.70,99.09,111.37,43.50,130.39,228.54,12.16,7.13,60.03
2022-10-21,144.45,119.32,27.63,47.73,60.81,42.49,74.92,100.24,112.76,44.89,128.88,234.32,12.44,7.32,60.19
2022-10-24,146.59,119.82,27.68,48.22,61.31,43.13,75.66,101.62,115.18,44.81,128.59,239.28,12.57,7.38,57.87
2022-10-25,149.42,120.60,28.16,50.63,63.92,43.46,80.29,103.56,115.39,45.79,136.31,242.58,13.23,7.94,57.72
2022-10-26,146.49,115.66,27.24,50.47,64.19,43.57,81.33,94.10,117.19,46.73,128.69,223.86,12.86,8.07,57.44
2022-10-27,142.03,110.96,29.78,50.61,65.93,43.02,81.95,91.41,116.99,47.20,97.09,219.44,13.14,8.00,57.54
2022-10-28,152.76,103.41,30.37,51.86,68.39,44.68,82.51,95.44,120.23,47.83,98.34,228.27,13.80,8.29,58.55
2022-10-31,150.40,102.44,30.22,51.61,67.45,44.41,80.70,93.68,120.04,47.11,92.35,224.65,13.46,8.21,58.11
2022-11-01,147.76,96.79,31.93,53.30,69.46,44.20,82.30,89.67,119.96,47.92,94.37,220.81,13.51,8.23,58.14
2022-11-02,142.25,92.12,31.26,55.40,68.16,43.08,81.78,86.21,118.77,48.28,89.75,213.01,13.19,7.98,57.14
2022-11-03,136.22,89.30,30.56,56.43,68.49,41.96,77.95,82.70,116.73,46.96,88.14,207.34,13.39,7.77,56.91
2022-11-04,135.95,90.98,32.77,58.34,69.78,43.96,79.73,85.82,118.89,49.72,90.00,214.25,14.12,8.52,58.99
2022-11-07,136.48,90.53,32.65,58.87,70.80,44.90,81.63,87.71,120.09,50.89,95.88,220.52,14.27,9.14,59.25
2022-11-08,137.05,89.98,32.28,59.39,71.16,45.55,82.31,88.12,121.56,51.01,95.63,221.49,14.57,9.46,61.39
2022-11-09,132.50,86.14,30.73,56.88,70.40,44.35,79.69,86.55,120.68,48.92,100.59,217.27,13.74,9.34,61.37
2022-11-10,144.29,96.63,31.75,59.88,75.65,47.86,91.67,93.11,124.06,54.78,110.90,235.15,15.71,10.48,66.88
2022-11-11,147.07,100.79,32.14,60.80,74.80,48.95,96.32,95.56,125.76,55.46,112.04,239.14,16.29,11.08,69.70
2022-11-14,145.68,98.49,32.80,58.33,70.74,48.48,89.80,94.86,126.66,52.10,113.23,233.76,16.25,10.18,68.73
2022-11-15,147.41,98.94,33.16,60.17,71.39,49.54,86.43,97.57,126.79,52.63,116.06,234.17,16.62,10.32,75.96
2022-11-16,146.18,97.12,32.67,58.50,70.20,48.34,83.27,97.98,126.95,51.63,112.24,234.60,15.87,9.95,75.01
2022-11-17,148.08,94.85,33.01,57.77,69.28,48.38,80.15,97.50,128.32,50.47,110.48,234.55,15.64,9.81,76.93
2022-11-18,148.64,94.14,33.87,58.10,68.41,48.67,81.18,96.57,129.69,50.37,111.07,234.10,15.37,9.82,77.67
2022-11-21,145.41,92.46,33.65,58.76,69.06,48.88,79.56,94.76,128.84,49.88,108.90,234.91,15.28,9.82,75.46
2022-11-22,147.55,93.20,34.01,60.75,69.79,50.07,77.75,96.20,130.97,50.38,110.47,237.80,16.00,9.60,77.93
2022-11-23,148.42,94.13,34.30,61.27,70.27,50.41,78.38,97.59,130.66,50.60,111.26,240.27,16.48,9.65,77.39
2022-11-25,145.51,93.41,33.94,62.34,69.79,50.06,79.69,96.60,130.33,50.38,110.44,240.19,16.23,9.69,76.85
2022-11-28,141.69,93.95,33.42,60.98,68.67,49.33,78.01,95.21,128.40,49.12,107.83,234.63,15.79,9.31,74.79
2022-11-29,138.69,92.42,33.43,61.77,68.79,49.26,78.11,94.35,128.68,49.12,108.51,233.24,15.60,9.27,74.90
2022-11-30,145.43,96.54,34.83,65.09,69.72,52.06,81.05,100.10,130.79,50.45,117.07,247.61,16.89,9.35,78.34
2022-12-01,145.71,95.50,34.94,64.93,69.38,52.03,75.30,100.10,131.02,51.06,119.39,247.17,17.10,9.17,78.06
2022-12-02,145.22,94.13,33.76,64.02,67.57,51.09,75.41,99.56,130.59,50.77,122.42,247.49,16.84,9.10,76.95
2022-12-05,144.06,91.01,33.21,60.50,64.41,50.13,72.58,98.61,129.48,48.16,121.36,242.82,16.57,8.95,77.06
2022-12-06,140.40,88.25,32.26,59.32,64.26,49.68,69.72,96.13,129.56,47.66,113.13,237.89,15.95,8.85,75.11
2022-12-07,138.47,88.46,31.69,57.59,63.22,48.98,68.75,94.11,129.36,46.01,112.94,237.16,16.08,8.93,74.81
2022-12-08,140.15,90.35,32.03,58.94,62.40,50.17,70.00,92.89,129.81,46.90,114.33,240.10,17.13,9.28,76.29
2022-12-09,139.67,89.09,31.98,58.98,61.51,51.46,69.49,92.01,129.17,46.64,114.89,238.18,16.96,9.20,76.18
2022-12-12,141.96,90.55,32.74,60.10,63.24,52.59,73.03,92.49,131.07,46.96,113.71,245.06,17.50,9.45,75.94
2022-12-13,142.92,92.49,33.26,61.39,65.31,53.95,73.89,94.79,132.26,48.52,119.10,249.34,18.03,9.69,76.01
2022-12-14,140.70,91.58,32.75,61.99,64.45,54.27,71.37,94.23,131.64,47.95,120.53,249.63,17.63,9.66,75.55
2022-12-15,134.11,88.45,31.40,60.09,61.88,52.72,68.54,90.06,125.05,46.12,115.14,241.66,16.91,9.21,73.69
2022-12-16,132.15,87.86,30.92,58.64,61.12,52.52,66.76,89.47,123.12,45.26,118.39,237.47,16.53,8.71,72.45
2022-12-19,130.05,84.92,30.64,58.47,59.71,52.36,65.07,87.66,121.98,44.70,113.48,233.35,16.22,8.61,72.26
2022-12-20,129.98,85.19,30.44,58.82,60.48,51.82,64.72,88.24,124.10,44.92,116.07,234.67,16.05,8.72,71.80
2022-12-21,133.07,86.77,30.83,60.54,61.70,53.46,67.16,88.79,124.86,46.30,118.72,237.22,16.46,8.96,73.24
2022-12-22,129.91,83.79,30.09,59.82,60.34,52.69,65.83,86.99,123.75,45.29,116.10,231.16,15.30,8.78,71.48
2022-12-23,129.55,85.25,29.94,60.27,60.72,52.62,66.33,88.45,124.42,45.54,117.01,231.69,15.17,8.87,71.11
2022-12-27,127.75,83.04,29.72,59.48,60.04,52.73,65.24,86.62,125.10,44.59,115.86,229.97,14.09,8.72,70.57
2022-12-28,123.83,81.82,29.79,58.65,59.49,51.91,63.90,85.26,122.99,43.92,114.61,227.61,14.00,8.48,69.37
2022-12-29,127.34,84.18,30.47,59.63,61.60,53.14,66.19,87.67,123.91,45.42,119.21,233.90,14.57,8.83,72.16
2022-12-30,127.65,84.00,30.34,59.84,61.39,53.26,65.70,87.45,123.76,45.10,119.29,232.74,14.58,8.77,70.73
2023-01-03,122.88,85.82,30.23,58.92,61.31,52.72,67.41,88.34,124.34,45.36,123.65,232.51,14.28,8.35,70.29
2023-01-04,124.14,85.14,28.46,60.37,62.25,53.37,69.08,87.31,125.26,46.74,126.26,222.34,14.72,8.62,72.46
2023-01-05,122.83,83.12,27.37,59.05,60.51,52.87,67.82,85.44,123.95,46.06,125.83,215.75,14.23,8.56,71.90
2023-01-06,127.35,86.08,28.11,60.34,62.01,56.05,70.15,86.57,126.23,46.81,128.89,218.29,14.83,8.83,74.13
2023-01-09,127.87,87.36,28.72,61.27,64.41,54.95,71.35,87.25,126.09,48.23,128.34,220.42,15.59,9.33,76.25
2023-01-10,128.44,89.87,28.81,62.40,64.97,54.77,71.31,87.64,127.19,48.71,131.83,222.10,15.87,9.57,77.16
2023-01-11,131.15,95.09,29.08,63.49,66.43,55.07,73.56,90.72,127.60,50.75,131.73,228.81,15.97,9.93,77.65
2023-01-12,131.07,95.27,29.30,64.20,68.84,55.44,75.32,90.33,127.85,52.15,135.52,231.47,16.47,10.23,82.60
2023-01-13,132.40,98.12,28.75,65.39,69.49,55.16,75.30,91.31,128.15,52.47,135.79,232.17,16.86,10.24,82.41
2023-01-17,133.56,96.05,29.08,64.81,70.03,55.18,76.05,90.49,127.53,52.01,134.18,233.26,17.66,10.37,84.49
2023-01-18,132.84,95.46,28.75,63.82,69.94,54.71,74.37,90.32,123.34,51.51,131.86,228.85,17.34,10.37,84.95
2023-01-19,132.90,93.68,27.88,61.70,68.11,53.65,71.30,92.23,123.52,49.07,134.96,225.09,16.73,10.03,83.93
2023-01-20,135.45,97.25,28.78,62.91,70.53,54.37,75.28,97.16,124.03,51.67,138.16,233.13,17.80,10.33,86.43
2023-01-23,138.64,97.52,29.79,64.58,71.44,55.41,77.77,98.91,124.61,52.36,142.02,235.42,19.15,10.36,90.83
2023-01-24,140.03,96.32,30.44,63.51,70.47,55.73,78.12,96.84,124.28,51.86,141.89,234.90,19.22,10.35,89.78
2023-01-25,139.37,97.18,30.39,63.41,70.32,55.79,78.69,94.38,123.64,52.05,140.27,233.51,19.28,10.26,87.74
2023-01-26,141.44,99.22,31.00,66.07,72.85,57.02,83.07,96.66,118.10,53.75,146.02,240.68,19.76,10.40,88.73
2023-01-27,143.37,102.24,31.51,66.43,74.36,56.30,84.88,98.50,118.05,53.93,150.42,240.84,20.32,10.43,88.59
2023-01-30,140.49,100.55,30.96,64.97,72.82,55.39,84.03,96.09,118.85,52.89,145.78,235.55,19.12,10.14,88.42
2023-01-31,141.76,103.13,31.50,66.39,74.44,55.73,84.97,97.97,118.35,54.23,147.67,240.50,19.49,10.41,88.04
2023-02-01,142.88,105.15,32.63,68.03,75.94,57.42,86.08,99.55,118.66,55.37,151.79,245.29,20.90,10.69,89.95
2023-02-02,148.18,112.91,33.36,67.68,75.91,57.71,88.58,106.79,119.80,56.37,187.13,256.79,21.66,10.84,91.77
2023-02-03,151.79,103.39,32.99,68.85,76.27,56.93,86.80,103.86,120.29,55.53,184.91,250.73,21.05,10.79,89.88
2023-02-06,149.07,102.18,32.42,67.67,75.90,57.28,85.54,102.00,119.62,54.43,184.44,249.19,21.04,10.70,87.19
2023-02-07,151.94,102.11,33.73,68.81,77.01,58.53,86.42,106.69,119.32,57.27,189.95,259.66,22.12,11.03,89.77
2023-02-08,149.26,100.05,34.12,69.31,76.73,57.32,84.56,98.50,119.44,56.62,181.83,258.86,22.16,11.12,89.52
2023-02-09,148.22,98.24,34.13,64.16,74.79,57.10,82.10,94.17,118.93,56.06,176.37,255.84,22.29,10.87,91.80
2023-02-10,148.59,97.61,33.32,66.28,76.55,56.51,83.22,93.74,120.57,56.35,172.63,255.34,21.22,10.60,90.55
2023-02-13,151.38,99.54,34.00,66.67,76.21,57.26,86.18,93.78,122.13,57.42,177.87,263.31,21.74,10.65,91.25
2023-02-14,150.74,99.70,35.37,67.22,75.28,57.38,86.48,93.85,120.94,56.94,177.92,264.14,22.92,11.04,93.01
2023-02-15,152.84,101.16,35.38,67.94,75.03,57.89,86.35,96.09,121.28,57.23,175.62,262.03,22.71,11.40,88.07
2023-02-16,151.25,98.15,35.42,67.62,74.90,57.21,84.39,94.67,120.04,56.07,170.94,255.05,21.95,11.31,86.23
2023-02-17,150.10,97.20,34.56,67.39,74.55,56.74,83.57,93.52,120.06,55.71,171.38,251.07,21.34,11.18,85.55
2023-02-21,146.10,94.58,33.63,65.42,72.23,55.40,81.08,90.98,117.11,54.26,170.58,245.83,20.61,10.53,83.21
2023-02-22,146.52,95.79,33.80,66.28,72.50,54.89,81.23,90.84,116.46,54.08,169.63,244.70,20.71,10.55,82.44
2023-02-23,147.00,95.82,34.21,67.17,73.53,55.61,81.34,90.09,116.30,54.46,170.54,247.87,23.61,10.58,85.53
2023-02-24,144.36,93.50,33.88,66.85,71.91,55.04,79.59,88.35,116.10,53.61,168.91,242.47,23.23,10.37,83.66
2023-02-27,145.55,93.76,34.50,66.43,71.89,55.77,80.36,89.08,116.03,54.22,168.06,243.39,23.45,10.29,82.89
2023-02-28,145.05,94.23,34.67,66.88,72.32,56.61,81.14,89.27,114.97,54.90,173.42,242.67,23.16,10.31,82.67
2023-03-01,142.98,92.17,34.64,67.86,72.41,56.54,80.23,89.57,113.98,54.51,171.91,239.60,22.65,10.36,83.95
2023-03-02,143.57,92.13,34.15,68.27,72.80,57.03,79.59,91.19,114.64,54.37,173.01,244.31,23.26,10.24,84.53
2023-03-03,148.61,94.90,35.17,68.96,74.56,60.28,81.52,92.83,115.27,55.49,183.64,248.38,23.84,10.53,85.25
2023-03-06,151.36,93.75,35.65,68.43,75.11,60.29,81.78,94.29,115.76,55.61,183.29,249.91,23.50,10.45,85.05
2023-03-07,149.17,93.55,35.72,67.16,73.83,59.55,79.95,93.04,114.04,54.41,182.90,247.27,23.24,10.19,84.36
2023-03-08,150.42,93.92,37.10,67.19,74.71,60.23,81.78,93.42,113.86,55.53,183.36,246.83,24.13,10.29,86.24
2023-03-09,148.18,92.25,37.16,63.55,71.70,59.30,75.95,91.51,112.18,53.05,180.11,245.49,23.39,9.89,84.39
2023-03-10,146.12,90.73,36.62,56.87,66.84,58.57,71.69,89.83,111.55,49.01,177.95,241.86,22.92,8.89,82.84
2023-03-13,148.06,92.43,36.72,55.15,65.24,58.73,74.60,90.31,111.66,48.55,179.33,247.04,22.92,8.47,83.31
2023-03-14,150.14,94.88,38.29,56.37,67.88,60.25,77.04,93.14,110.84,49.56,192.33,253.73,24.01,8.59,84.78
2023-03-15,150.54,96.20,38.45,54.34,67.60,59.64,77.45,95.27,109.62,48.55,196.03,258.25,24.18,8.46,82.32
2023-03-16,153.35,100.04,40.67,55.42,69.12,60.63,77.98,99.44,110.88,48.46,203.15,268.72,25.49,8.73,85.23
2023-03-17,152.51,98.95,40.81,53.32,68.01,60.11,75.86,100.73,109.98,47.19,193.91,271.86,25.67,8.55,85.39
2023-03-20,154.88,97.71,41.05,53.59,67.73,61.32,73.76,100.33,111.98,47.35,196.09,264.86,25.85,8.57,85.94
2023-03-21,156.73,100.61,42.02,57.27,71.16,61.09,77.64,104.00,112.54,49.71,200.40,266.37,26.15,9.23,88.28
2023-03-22,155.30,98.70,41.51,55.59,71.59,60.53,75.05,102.46,110.30,49.06,198.07,264.92,26.41,8.96,88.40
2023-03-23,156.38,98.71,42.35,54.43,72.85,61.33,75.47,104.67,109.70,49.27,202.50,270.14,27.14,9.12,90.28
2023-03-24,157.68,98.13,42.24,54.28,72.86,61.04,75.01,104.51,111.41,48.76,204.22,272.97,26.72,9.19,88.56
2023-03-27,155.74,98.04,41.99,55.61,73.49,60.14,75.23,101.56,114.98,49.12,201.07,268.90,26.48,9.19,86.53
2023-03-28,155.12,97.24,40.75,55.75,72.59,59.94,74.76,100.14,115.01,49.05,198.93,267.78,26.36,9.24,86.67
2023-03-29,158.19,100.25,40.62,57.22,73.77,60.01,76.12,100.50,115.34,49.81,203.56,272.91,26.93,9.25,88.53
2023-03-30,159.76,102.00,40.62,57.96,73.70,60.81,76.63,100.00,114.90,50.03,206.03,276.36,27.33,9.20,88.26
2023-03-31,162.26,103.29,41.97,59.58,75.62,61.55,78.50,102.82,116.56,51.17,210.10,280.49,27.72,9.26,88.78
2023-04-03,163.51,102.41,41.94,58.86,74.56,61.64,75.92,103.44,117.43,50.59,211.22,279.45,27.91,9.19,88.61
2023-04-04,162.97,103.95,41.69,58.62,73.29,60.87,72.56,103.80,117.02,49.69,212.85,279.40,27.40,9.10,87.97
2023-04-05,161.13,101.10,40.72,57.92,71.79,60.35,72.75,103.55,117.50,48.53,209.64,276.64,26.83,8.78,86.09
2023-04-06,162.02,102.06,39.96,57.42,72.24,59.74,73.45,107.47,116.04,48.04,214.22,283.70,26.98,8.96,86.13
2023-04-10,159.43,102.17,40.78,58.34,72.99,60.20,72.91,105.50,116.51,49.10,212.88,281.55,27.52,9.03,84.96
2023-04-11,158.22,99.92,39.90,59.55,73.00,59.64,74.53,104.42,115.97,50.17,211.99,275.17,27.11,9.17,85.17
2023-04-12,157.53,97.83,40.35,59.03,74.00,59.17,73.82,103.72,114.30,49.97,212.14,275.81,26.44,8.95,82.91
2023-04-13,162.91,102.40,41.20,61.12,76.70,59.89,75.34,106.49,113.73,50.66,218.43,281.99,26.41,9.10,83.08
2023-04-14,162.56,102.51,40.90,61.32,75.09,59.44,76.24,107.91,113.94,50.57,219.56,278.39,26.70,9.02,83.23
2023-04-17,162.58,102.74,40.85,61.55,75.17,60.19,77.95,105.04,113.66,50.97,216.95,280.98,26.95,9.26,83.98
2023-04-18,163.80,102.30,40.67,61.63,77.77,60.67,81.77,103.58,113.62,51.66,215.99,280.56,27.61,9.19,84.12
2023-04-19,164.94,104.30,39.52,62.07,78.74,60.88,82.71,103.26,112.32,52.53,213.82,280.64,27.87,9.31,83.25
2023-04-20,163.98,103.81,38.85,60.64,78.17,60.74,82.16,104.36,112.36,51.59,211.22,278.36,27.05,9.26,85.22
2023-04-21,162.37,106.96,38.97,59.94,78.48,60.72,79.94,104.48,111.80,51.17,211.04,278.02,27.06,9.10,81.48
2023-04-24,162.68,106.21,39.14,59.71,78.71,60.88,79.19,105.04,111.50,51.14,210.94,274.14,26.99,9.22,80.78
2023-04-25,161.14,102.57,38.40,58.13,75.46,59.68,77.24,102.94,111.94,49.72,205.74,267.96,26.19,8.98,78.54
2023-04-26,161.13,104.98,38.99,57.90,73.98,59.12,76.24,102.80,111.90,49.00,207.58,287.37,26.90,8.86,78.50
2023-04-27,165.71,109.82,39.19,59.13,75.63,59.33,77.87,106.64,112.90,50.04,236.48,296.58,27.17,9.17,79.86
2023-04-28,166.96,105.45,40.04,59.79,79.38,60.11,80.59,106.40,112.40,51.70,238.23,298.94,27.69,9.41,80.46
2023-05-01,166.87,102.05,40.04,60.11,77.55,61.21,80.06,106.26,112.12,51.88,241.06,297.29,28.85,9.34,80.15
2023-05-02,165.84,103.63,33.74,57.79,74.73,58.75,76.37,104.39,111.29,49.90,237.16,297.14,28.15,8.97,79.18
2023-05-03,164.76,103.65,33.18,57.47,74.39,58.83,74.90,104.48,109.77,49.99,234.97,296.16,27.75,8.90,78.93
2023-05-04,163.13,104.00,33.83,54.75,72.07,58.54,72.81,103.77,108.99,48.32,231.49,297.14,27.51,8.31,79.68
2023-05-05,170.79,105.66,34.49,57.10,74.27,60.46,74.12,104.64,109.95,50.18,230.75,302.24,28.62,8.61,81.10
2023-05-08,170.72,105.83,34.52,58.32,74.28,60.36,73.22,106.82,109.73,48.04,231.24,300.29,29.09,8.60,81.64
2023-05-09,169.02,106.62,34.63,58.73,72.95,59.34,73.64,106.41,109.21,47.75,231.34,298.69,28.51,8.47,81.18
2023-05-10,170.78,110.19,35.31,60.03,73.97,60.09,74.50,110.77,109.98,47.91,231.05,303.85,28.83,8.47,81.03
2023-05-11,170.96,112.18,34.75,60.11,73.85,60.22,75.13,115.55,108.97,47.36,233.74,301.71,28.52,8.54,79.63
2023-05-12,170.04,110.26,34.66,58.96,74.33,60.56,74.75,116.48,110.72,47.24,231.77,300.60,28.28,8.47,79.63
2023-05-15,169.54,111.20,34.49,59.60,75.46,61.39,74.99,115.49,111.19,47.84,236.78,301.08,28.89,8.55,81.76
2023-05-16,169.54,113.40,34.03,58.52,73.78,61.54,72.53,118.46,111.28,46.56,236.74,303.30,29.15,8.34,81.97
2023-05-17,170.16,115.50,33.96,59.82,75.40,63.08,75.53,119.78,113.30,48.12,240.38,306.17,30.12,8.47,86.74
2023-05-18,172.48,118.15,35.37,60.12,75.32,65.04,75.07,121.75,113.70,48.68,244.70,310.57,31.61,8.47,88.43
2023-05-19,172.59,116.25,35.98,60.64,75.80,65.46,74.95,121.68,114.70,48.90,243.50,310.40,31.20,8.53,88.36
2023-05-22,171.64,115.01,36.34,62.68,77.15,65.09,76.69,123.95,114.92,50.04,246.16,313.17,31.11,8.66,87.54
2023-05-23,169.04,114.99,35.12,61.08,76.80,65.87,75.53,121.48,115.53,48.99,244.59,307.39,30.63,8.58,86.32
2023-05-24,169.32,116.75,35.31,59.80,75.55,65.20,75.02,119.84,113.28,48.32,247.04,306.02,30.48,8.44,86.02
2023-05-25,170.45,115.00,39.05,61.00,76.38,69.93,75.35,122.39,114.25,49.56,250.49,317.79,37.90,8.35,96.35
2023-05-26,172.86,120.11,42.59,62.13,77.21,77.98,77.31,123.51,116.17,50.51,259.76,324.58,38.87,8.47,98.51
2023-05-30,174.70,121.66,43.60,63.42,79.17,77.08,77.94,122.58,116.70,50.50,260.23,322.95,40.03,8.58,97.33
2023-05-31,174.65,120.58,41.58,63.49,78.93,77.52,77.26,121.79,115.90,50.33,262.42,320.20,37.76,8.69,94.10
2023-06-01,177.45,122.77,41.67,64.58,79.75,75.79,78.61,122.63,117.01,51.25,270.24,324.28,39.69,8.64,94.33
2023-06-02,178.29,124.25,40.62,66.19,80.92,77.91,80.29,123.57,119.35,52.42,270.24,327.03,39.25,8.78,94.43
2023-06-05,176.94,125.30,40.66,66.95,80.78,76.98,77.15,124.90,119.55,52.83,269.03,327.56,39.09,8.83,93.58
2023-06-06,176.58,126.61,39.92,67.36,82.88,75.80,78.85,126.19,119.59,53.30,268.76,325.35,38.57,9.29,95.27
2023-06-07,175.21,121.23,38.90,67.98,82.07,76.05,78.75,121.42,121.12,53.47,261.31,315.31,37.40,9.56,95.72
2023-06-08,177.92,124.25,40.58,69.09,83.34,77.16,79.98,121.07,121.14,53.48,262.28,317.14,38.44,9.86,95.38
2023-06-09,178.30,123.43,40.63,69.31,83.58,77.20,79.56,121.16,121.95,53.94,262.64,318.64,38.69,9.50,98.11
2023-06-12,181.09,126.57,42.50,69.93,84.21,82.07,81.09,122.55,122.96,54.41,268.69,323.57,39.41,9.64,102.18
2023-06-13,180.62,126.66,42.15,72.19,85.93,81.66,81.80,122.74,124.02,55.61,268.96,325.95,40.94,9.76,101.93
2023-06-14,181.25,126.42,42.27,72.32,85.34,85.03,81.45,122.58,123.66,55.74,270.97,328.92,42.91,9.69,102.51
2023-06-15,183.28,127.11,40.87,73.50,87.05,84.76,83.58,123.99,124.74,57.29,279.38,339.41,42.57,9.93,100.81
2023-06-16,182.21,125.49,39.45,73.20,86.28,83.29,82.21,122.44,123.91,55.91,278.55,333.79,42.61,9.79,100.22
2023-06-20,182.29,125.78,38.62,72.56,85.32,83.28,81.75,122.02,122.54,55.35,281.85,329.62,43.72,9.81,99.66
2023-06-21,181.26,124.83,37.88,72.57,85.10,81.76,80.41,119.49,120.50,54.52,279.19,325.24,42.96,9.58,97.41
2023-06-22,184.26,130.15,38.31,71.10,84.61,81.26,80.41,122.07,118.22,53.95,282.40,331.23,42.94,9.39,98.84
2023-06-23,183.94,129.33,37.21,69.33,82.61,79.30,79.24,121.26,116.66,52.38,286.22,326.66,42.13,9.34,97.67
2023-06-26,182.55,127.33,37.71,69.96,83.80,79.25,80.09,117.30,118.38,51.89,276.05,320.40,40.55,9.37,95.95
2023-06-27,185.30,129.18,39.03,71.00,85.00,81.83,82.39,117.29,119.28,53.68,284.55,326.22,41.79,9.50,97.84
2023-06-28,186.47,129.04,38.97,71.36,86.11,81.79,82.35,119.12,118.76,54.48,282.81,327.47,41.04,9.69,96.72
2023-06-29,186.81,127.90,39.82,72.00,87.38,83.20,83.73,118.05,120.83,54.69,279.08,326.69,40.74,9.78,96.46
2023-06-30,191.12,130.36,40.51,72.95,88.04,83.67,83.87,118.65,120.60,54.74,284.48,332.04,42.22,9.87,96.72
2023-07-03,189.64,130.22,39.97,73.19,88.18,84.54,85.48,118.85,120.48,55.23,283.53,329.56,42.33,9.81,98.86
2023-07-05,188.52,130.38,39.92,72.20,87.43,83.13,83.82,120.68,120.99,54.02,291.81,329.71,42.23,9.58,96.79
2023-07-06,189.00,128.36,39.72,70.76,85.69,81.80,83.01,119.05,119.12,52.69,289.45,332.76,42.02,9.40,95.28
2023-07-07,187.88,129.78,39.50,72.19,86.69,81.68,82.91,118.43,119.04,53.63,288.00,328.81,42.42,9.59,96.06
2023-07-10,185.84,127.13,39.89,71.99,85.63,84.66,84.23,115.43,119.78,53.93,291.54,323.55,42.10,9.58,95.62
2023-07-11,185.32,128.78,40.04,74.04,87.26,85.08,88.83,116.11,121.17,55.04,295.69,324.17,42.32,9.58,97.05
2023-07-12,186.99,130.80,41.01,74.07,88.32,85.84,88.57,117.88,119.73,57.27,306.65,328.79,43.82,9.66,99.58
2023-07-13,187.74,134.30,42.15,76.50,92.38,85.88,92.68,123.45,120.70,59.83,310.68,334.11,45.89,9.85,101.18
2023-07-14,187.89,134.68,41.40,76.25,92.32,85.71,93.85,124.32,120.23,59.19,306.18,336.63,45.38,9.78,100.77
2023-07-17,191.14,133.56,42.60,76.87,92.24,87.81,94.17,123.55,120.99,59.31,307.92,337.10,46.37,9.90,100.43
2023-07-18,190.89,132.83,43.38,78.31,92.97,87.14,96.42,122.67,122.00,60.36,309.33,350.52,47.40,10.20,98.86
2023-07-19,192.24,135.36,44.06,77.75,93.26,86.94,97.58,120.96,122.11,59.71,313.26,346.22,46.99,10.38,98.77
2023-07-20,190.30,129.96,42.85,77.48,93.36,85.69,96.99,118.15,124.72,59.61,299.89,338.22,45.43,10.32,93.79
2023-07-21,189.12,130.00,42.91,76.73,92.78,86.50,94.62,118.97,125.23,59.13,291.70,335.19,44.22,10.30,93.21
2023-07-24,189.92,128.80,42.93,76.77,91.80,86.96,94.84,120.46,125.77,59.40,289.07,336.50,44.53,10.47,94.16
2023-07-25,190.78,129.13,43.52,77.08,92.64,88.55,94.18,121.14,126.48,59.56,291.91,342.22,45.59,10.50,96.15
2023-07-26,191.65,128.15,41.11,77.34,91.91,86.14,94.46,128.13,127.15,59.31,295.97,329.34,45.36,10.53,95.28
2023-07-27,190.38,128.25,40.25,76.65,90.28,86.19,93.17,128.26,128.86,57.80,309.00,322.47,45.81,10.26,95.22
2023-07-28,192.96,132.21,37.77,77.69,90.50,86.79,95.50,131.41,129.29,58.60,322.65,329.93,46.66,10.49,96.67
2023-07-31,193.57,133.68,38.77,77.60,90.66,86.68,95.26,131.55,129.95,58.04,315.83,327.54,46.64,10.44,95.03
2023-08-01,192.74,131.69,46.40,77.84,93.45,88.74,96.43,130.39,129.18,58.38,319.90,327.95,46.42,10.41,94.31
2023-08-02,189.75,128.21,44.32,77.24,91.78,86.07,93.53,127.25,129.94,57.58,311.57,319.33,44.18,10.45,91.72
2023-08-03,188.36,128.91,44.44,81.61,91.19,85.36,93.28,127.32,130.19,57.90,310.46,318.51,44.43,10.43,91.03
2023-08-04,179.32,139.57,44.90,81.81,91.59,85.04,93.39,126.98,130.00,58.83,308.03,319.60,44.59,10.40,92.16
2023-08-07,176.23,142.22,44.82,81.93,93.37,86.53,94.48,130.37,131.75,60.42,313.80,321.87,45.33,10.41,92.34
2023-08-08,177.16,139.94,45.11,78.33,91.56,85.19,94.33,130.25,131.51,59.81,309.92,317.92,44.58,10.17,90.56
2023-08-09,175.58,137.85,44.37,77.59,91.53,82.06,90.99,128.52,129.91,60.18,302.55,314.19,42.47,9.89,90.07
2023-08-10,175.36,138.56,44.08,77.49,92.74,81.30,91.09,128.55,130.60,60.90,303.08,314.87,42.31,9.91,90.86
2023-08-11,175.42,138.41,43.74,77.31,90.89,80.04,89.43,128.42,130.48,60.51,299.01,313.00,40.78,9.97,88.16
2023-08-14,177.07,140.57,44.53,77.84,92.77,82.38,89.13,130.18,129.38,60.39,303.52,315.96,43.67,9.95,89.20
2023-08-15,175.08,137.67,44.91,76.47,89.09,81.27,88.61,128.64,129.34,59.09,299.32,313.83,43.85,9.62,87.87
2023-08-16,174.21,135.07,45.34,76.22,89.07,80.35,88.09,127.57,128.22,57.96,291.73,313.07,43.40,9.46,87.96
2023-08-17,171.68,133.98,45.69,75.62,89.13,79.78,88.00,128.78,128.24,57.97,282.61,309.63,43.26,9.24,87.83
2023-08-18,172.16,133.22,45.13,77.49,90.63,79.66,89.74,126.34,128.92,59.00,280.78,309.24,43.21,9.57,87.31
2023-08-21,173.49,134.68,46.17,77.86,89.74,83.45,89.81,127.24,129.71,58.67,287.38,314.51,46.88,9.52,88.71
2023-08-22,174.86,134.25,46.88,77.85,90.00,82.55,89.33,127.95,128.99,57.87,285.10,315.08,45.58,9.36,88.40
2023-08-23,178.70,135.52,47.46,79.31,91.03,84.55,90.63,131.21,130.74,59.02,291.68,319.52,47.02,9.60,90.30
2023-08-24,174.03,131.84,44.80,78.79,91.08,82.42,90.02,128.64,130.87,58.37,284.25,312.65,47.07,9.55,88.68
2023-08-25,176.23,133.26,45.22,79.39,91.35,82.16,90.60,128.74,132.51,58.32,283.01,315.59,45.93,9.56,89.23
2023-08-28,177.79,133.14,45.49,79.86,92.09,83.06,91.71,129.86,133.12,59.43,287.73,316.29,46.74,9.63,90.09
2023-08-29,181.66,134.91,46.36,81.12,93.15,85.84,94.82,133.39,133.52,60.49,295.40,320.89,48.69,9.96,91.13
2023-08-30,185.15,135.07,46.78,81.25,94.03,86.07,95.35,134.69,133.89,60.64,292.53,321.27,49.17,10.03,90.84
2023-08-31,185.36,138.01,48.81,83.39,94.52,89.02,96.70,134.97,133.86,61.56,293.31,320.26,49.26,10.26,89.68
2023-09-01,186.93,138.12,49.34,82.53,94.28,84.16,94.99,134.47,134.87,60.96,293.80,321.14,48.41,10.29,89.31
2023-09-05,187.17,137.27,49.37,84.76,94.42,84.13,98.40,134.58,135.05,60.75,297.54,325.92,48.45,10.08,90.67
2023-09-06,180.47,135.36,49.38,83.13,92.94,84.14,98.09,133.28,134.98,60.49,296.57,325.26,46.97,10.17,88.42
2023-09-07,175.19,137.85,48.88,83.18,94.31,82.67,99.44,134.07,134.49,60.16,296.07,322.36,46.15,10.16,86.31
2023-09-08,175.80,138.23,49.12,83.89,96.82,82.72,102.43,135.18,134.64,61.57,295.30,326.62,45.49,10.34,85.91
2023-09-11,176.97,143.10,48.30,84.60,96.49,82.87,103.18,135.72,135.28,61.94,304.88,330.21,45.09,10.38,85.87
2023-09-12,173.95,141.23,47.26,86.08,96.51,81.46,102.31,134.15,133.38,62.52,299.03,324.18,44.79,10.48,86.72
2023-09-13,171.89,144.85,47.02,86.51,96.28,82.27,102.50,135.51,133.61,61.96,302.40,328.37,45.40,10.38,87.43
2023-09-14,173.39,144.72,46.89,87.05,96.62,84.08,102.46,136.89,134.34,62.45,309.01,330.95,45.50,10.32,88.12
2023-09-15,172.67,140.39,46.18,87.63,96.74,82.15,103.44,136.19,133.10,63.12,297.70,322.66,43.82,11.07,85.98
2023-09-18,175.60,139.98,46.51,87.90,96.97,81.99,103.97,137.00,132.28,63.18,299.92,321.53,43.88,11.02,85.58
2023-09-19,176.68,137.63,46.21,87.52,96.32,81.91,104.65,136.83,133.58,62.17,302.41,321.13,43.44,10.90,84.94
2023-09-20,173.15,135.29,45.69,87.86,97.81,80.55,103.83,132.56,136.60,62.37,297.06,313.43,42.16,10.95,84.09
2023-09-21,171.61,129.33,44.47,86.32,96.41,78.40,101.03,129.29,134.36,60.16,293.16,312.22,40.94,10.73,82.24
2023-09-22,172.46,129.12,45.08,86.71,96.24,80.41,101.07,129.11,133.94,60.92,296.48,309.76,41.53,10.85,82.50
2023-09-25,173.73,131.27,45.29,88.30,97.29,80.87,100.27,129.96,133.54,62.29,298.21,310.27,42.14,10.93,83.08
2023-09-26,169.67,125.98,44.48,85.82,94.70,79.16,96.31,127.44,130.59,60.29,296.36,305.00,41.83,10.72,81.20
2023-09-27,168.16,125.98,45.40,85.50,95.46,79.22,96.86,129.39,130.53,60.86,295.15,305.63,42.39,10.93,82.31
2023-09-28,168.41,125.98,46.11,86.98,96.55,80.69,98.39,131.15,129.08,61.31,301.31,306.46,43.01,11.13,83.25
2023-09-29,168.93,127.12,45.98,85.70,94.69,80.55,97.40,129.71,127.91,60.38,297.60,308.52,43.42,11.13,83.72
2023-10-02,171.43,129.46,46.95,85.55,94.29,80.98,97.42,132.99,128.36,59.78,304.15,314.44,44.70,10.96,84.44
2023-10-03,170.10,124.72,46.22,82.65,92.06,79.02,93.83,131.27,127.99,57.83,298.32,306.22,43.44,10.88,82.28
2023-10-04,171.34,127.00,46.51,83.99,94.23,79.90,94.76,134.05,128.61,58.58,302.92,311.66,43.96,11.00,83.50
2023-10-05,172.58,125.96,47.01,84.58,97.51,79.90,94.72,133.88,129.02,59.22,302.14,312.05,44.60,11.42,83.84
2023-10-06,175.12,127.96,48.51,86.48,99.80,81.98,95.57,136.37,129.49,60.80,312.68,319.77,45.68,11.72,86.02
2023-10-09,176.60,128.26,49.10,85.15,100.57,83.01,95.28,137.20,129.64,60.38,315.59,322.27,45.19,11.78,85.73
2023-10-10,176.01,129.48,48.68,85.73,101.51,83.25,95.72,136.85,129.56,60.84,319.04,320.87,45.71,11.67,87.29
2023-10-11,177.40,131.83,47.97,85.25,102.30,84.82,97.52,139.31,130.58,61.85,324.97,324.81,46.72,11.88,88.63
2023-10-12,178.30,132.33,48.25,83.97,100.73,87.83,95.33,137.75,128.77,60.08,321.34,323.58,46.86,11.61,89.04
2023-10-13,176.46,129.79,47.46,83.60,99.90,85.65,94.36,136.15,126.23,59.05,311.95,320.23,45.38,11.26,87.15
2023-10-16,176.34,132.55,49.21,83.31,101.29,87.53,95.03,137.88,126.92,59.14,318.35,325.03,46.01,11.54,87.88
2023-10-17,174.79,131.47,48.85,84.13,100.81,85.77,95.75,138.49,127.93,59.24,321.18,324.46,43.86,11.45,87.67
2023-10-18,173.49,128.13,48.55,83.31,99.10,86.03,93.00,136.75,127.61,56.80,314.21,322.56,42.12,11.18,86.32
2023-10-19,173.12,128.40,47.87,79.61,96.77,84.16,85.65,136.54,125.82,54.50,310.09,323.74,42.02,10.88,89.51
2023-10-20,170.57,125.17,46.53,78.64,94.07,82.79,85.83,134.41,125.05,53.82,305.96,319.19,41.31,10.62,87.97
2023-10-23,170.69,126.56,46.63,79.08,92.96,83.62,84.31,135.30,124.34,54.13,311.28,321.78,42.89,10.64,87.77
2023-10-24,171.13,128.56,47.62,80.20,96.10,85.45,86.52,137.59,125.62,55.10,309.83,322.97,43.58,10.81,88.29
2023-10-25,168.82,121.39,46.52,77.72,93.21,82.40,83.55,124.51,124.97,53.79,296.92,332.87,41.70,10.48,84.43
2023-10-26,164.66,119.57,42.46,77.36,93.51,80.18,83.91,121.21,131.06,53.49,285.84,320.39,40.25,10.65,84.25
2023-10-27,165.98,127.74,44.05,76.72,92.82,81.31,82.17,121.10,129.93,53.02,294.15,322.26,40.42,10.50,82.84
2023-10-30,168.02,132.71,43.93,76.54,93.35,81.59,84.71,123.37,130.03,53.97,300.03,329.59,41.08,10.55,82.91
2023-10-31,168.49,133.09,50.09,73.94,90.75,81.60,84.69,122.99,131.87,54.30,298.65,330.37,40.70,10.58,83.15
2023-11-01,171.65,137.00,52.71,79.87,93.62,82.72,86.89,125.34,132.56,55.82,309.14,338.15,42.25,10.77,84.59
2023-11-02,175.20,138.07,52.92,80.32,95.29,84.50,90.05,126.37,134.03,57.55,308.16,340.35,43.42,10.68,87.17
2023-11-03,174.29,138.60,53.12,81.19,98.55,85.60,92.53,127.97,134.84,59.88,311.86,344.73,44.92,11.38,88.43
2023-11-06,176.84,139.74,53.20,79.39,95.76,85.43,90.17,129.11,135.81,58.20,313.05,348.37,45.67,11.19,89.21
2023-11-07,179.39,142.71,53.15,80.54,96.49,87.07,90.72,129.82,135.69,61.10,316.04,352.28,45.87,11.14,89.03
2023-11-08,180.45,142.08,52.40,80.94,97.38,88.36,90.93,130.68,134.96,61.17,317.00,354.89,46.49,11.38,88.63
2023-11-09,179.98,140.60,52.91,80.44,97.28,88.39,88.81,129.10,135.19,61.06,317.76,352.44,46.86,11.36,88.27
2023-11-10,184.15,143.56,51.71,81.12,99.18,92.86,90.45,131.42,137.40,62.29,325.91,361.21,48.24,11.53,93.87
2023-11-13,182.57,142.59,52.57,81.85,99.94,91.84,89.62,130.93,136.55,62.70,326.32,358.29,48.53,11.67,92.89
2023-11-14,185.18,145.80,53.80,83.72,101.08,94.36,94.08,132.45,138.68,65.31,333.38,361.80,49.56,11.93,95.29
2023-11-15,185.75,143.20,53.44,83.04,95.53,94.60,95.63,133.44,140.68,65.09,329.81,361.94,48.80,11.77,95.18
2023-11-16,187.42,142.83,53.33,82.90,93.87,93.06,95.10,135.73,141.12,64.88,331.28,368.31,49.39,11.65,94.93
2023-11-17,187.41,145.18,53.66,83.33,98.56,94.82,96.25,134.12,140.97,65.75,332.12,362.12,49.21,11.79,95.93
2023-11-20,189.14,146.13,53.83,84.75,99.77,96.57,97.62,135.05,142.31,66.90,337.01,369.55,50.32,11.89,96.30
2023-11-21,188.34,143.90,53.83,84.40,99.30,95.16,97.00,135.77,141.91,67.03,334.05,365.27,49.85,11.74,94.81
2023-11-22,189.01,146.71,54.42,86.55,100.16,94.27,97.92,137.27,143.03,67.26,338.52,369.95,48.63,11.78,95.04
2023-11-24,187.68,146.74,54.60,87.45,100.53,94.93,98.12,135.49,143.08,67.99,335.29,369.54,47.69,11.76,94.25
2023-11-27,187.50,147.73,54.67,86.85,100.27,92.16,97.89,135.21,143.44,67.86,331.79,370.70,48.15,11.62,93.65
2023-11-28,188.11,147.03,54.31,86.96,100.96,91.78,98.71,135.99,143.51,68.17,336.04,374.70,47.73,11.66,94.39
2023-11-29,187.09,146.32,54.83,88.54,102.31,91.24,102.13,133.80,144.21,73.44,329.31,370.93,48.05,11.68,95.26
2023-11-30,187.66,146.09,54.93,88.28,103.32,89.78,103.05,131.37,146.20,74.52,324.30,370.99,46.68,11.69,93.75
2023-12-01,188.94,147.03,54.16,88.95,102.92,90.19,104.80,130.70,148.03,73.56,321.99,366.68,46.68,11.81,94.94
2023-12-04,187.15,144.84,53.78,86.22,100.70,89.61,105.95,128.13,148.54,73.91,317.23,361.42,45.43,11.57,93.46
2023-12-05,191.09,146.88,53.93,87.06,100.90,88.56,105.71,129.84,148.80,74.12,315.52,364.73,46.48,11.53,93.15
2023-12-06,190.00,144.52,53.35,86.91,99.34,87.64,102.81,128.88,147.78,73.43,314.69,361.09,45.42,11.44,94.27
2023-12-07,191.93,146.88,53.82,87.13,99.69,89.44,104.41,135.73,147.73,74.17,323.75,363.20,46.51,11.67,95.66
2023-12-08,193.35,147.42,56.01,88.36,101.84,91.58,103.23,133.80,149.33,75.61,329.85,366.41,47.42,11.50,96.68
2023-12-11,190.85,145.89,56.64,88.22,101.91,99.82,103.61,132.12,150.76,75.88,322.45,363.54,46.54,11.49,97.25
2023-12-12,192.36,147.48,57.47,89.46,103.20,103.99,103.82,131.36,151.87,76.19,331.31,366.55,47.57,11.36,97.88
2023-12-13,195.58,148.84,57.39,88.53,104.89,105.68,109.81,131.40,150.86,78.19,331.83,366.54,48.00,11.63,98.38
2023-12-14,195.72,147.42,57.76,89.36,105.74,107.31,117.81,130.78,150.21,81.56,330.27,358.28,48.26,12.33,100.13
2023-12-15,195.19,149.97,58.90,90.66,108.10,109.56,118.63,131.43,149.58,82.35,332.00,362.98,48.80,12.42,99.25
2023-12-18,193.53,154.07,59.70,90.27,108.87,111.24,115.51,134.61,150.05,83.00,341.62,364.86,49.99,12.48,99.63
2023-12-19,194.57,153.79,59.17,90.93,108.61,111.03,117.64,135.45,148.96,83.21,347.31,365.46,49.52,12.88,100.54
2023-12-20,192.48,152.12,58.29,87.96,105.84,108.18,115.64,137.12,147.57,80.60,346.24,362.87,48.03,12.83,96.83
2023-12-21,192.34,153.84,58.83,88.09,106.74,109.83,118.42,139.19,148.24,80.42,351.01,365.73,48.90,12.99,99.26
2023-12-22,191.27,153.42,59.56,87.88,107.31,109.31,119.85,140.25,149.50,80.49,350.31,366.75,48.74,12.98,99.84
2023-12-26,190.72,153.41,59.38,88.84,109.64,110.28,120.47,140.28,150.48,80.75,351.74,366.83,49.19,13.11,101.10
2023-12-27,190.82,153.34,59.43,89.39,110.31,109.72,121.61,139.14,150.71,81.89,354.72,366.25,49.33,13.16,101.29
2023-12-28,191.25,153.38,59.24,90.46,111.09,109.35,122.08,139.00,150.98,82.12,355.20,367.44,49.43,13.08,101.34
2023-12-29,190.21,151.94,58.88,89.42,110.21,108.75,120.06,138.46,150.80,81.41,350.88,368.18,49.43,12.92,100.66
2024-01-02,183.40,149.93,57.89,87.64,107.00,105.75,117.63,136.96,148.91,79.89,343.28,363.12,48.08,12.66,98.27
2024-01-03,182.03,148.47,57.35,88.44,107.09,103.14,112.20,137.70,147.62,78.50,341.47,362.85,47.48,12.72,96.96
2024-01-04,179.72,144.57,57.64,90.97,107.94,102.20,112.70,135.19,148.32,78.57,344.10,360.25,47.91,12.85,95.95
2024-01-05,179.00,145.24,57.73,91.09,108.47,102.23,112.07,134.54,146.75,79.85,348.89,360.06,49.01,12.76,96.42
2024-01-08,183.32,149.10,61.46,92.39,110.23,104.72,112.19,137.62,148.57,80.69,355.54,366.86,52.16,12.98,98.96
2024-01-09,182.91,151.37,61.30,91.79,107.30,105.47,110.96,139.71,147.60,79.98,354.32,367.94,53.05,12.70,98.62
2024-01-10,183.95,153.73,62.31,92.81,109.97,105.28,111.45,141.03,148.66,80.98,367.25,374.77,54.25,12.69,97.57
2024-01-11,183.35,155.18,62.94,91.48,109.65,107.17,109.97,140.83,149.51,80.44,366.45,376.59,54.72,12.81,97.97
2024-01-12,183.68,154.62,63.01,91.55,109.44,107.92,109.44,141.40,152.87,80.36,371.23,380.35,54.61,12.87,97.99
2024-01-16,181.42,153.16,63.31,91.60,108.36,108.63,108.44,141.24,153.94,80.13,364.26,382.11,56.28,12.77,98.41
2024-01-17,180.48,151.71,62.25,92.17,107.21,107.53,107.27,140.23,153.13,79.78,365.16,381.33,55.95,13.10,99.65
2024-01-18,186.36,153.50,64.39,92.67,105.82,111.45,107.37,142.22,153.83,80.14,372.86,385.64,57.01,13.10,109.41
2024-01-19,189.25,155.34,65.88,94.94,107.90,118.01,109.20,145.09,158.11,82.72,380.11,390.34,59.39,13.39,110.54
2024-01-22,191.55,154.78,66.65,93.51,110.00,118.91,110.93,144.71,159.35,82.79,378.46,388.22,59.55,13.33,109.41
2024-01-23,192.83,156.02,65.51,91.45,108.92,119.48,109.11,145.75,160.38,82.53,381.85,390.56,59.77,13.20,110.47
2024-01-24,192.16,156.87,65.62,94.11,108.86,122.16,110.62,147.39,160.37,81.89,387.30,394.15,61.25,13.50,112.78
2024-01-25,191.83,157.75,66.11,95.94,111.83,119.84,113.24,150.54,175.58,83.86,389.76,396.41,61.51,13.77,112.82
2024-01-26,190.10,159.12,66.10,96.25,112.27,117.39,114.23,150.85,172.81,85.24,390.71,395.49,60.92,13.75,113.50
2024-01-29,189.42,161.26,67.39,97.12,113.62,118.65,117.22,152.16,172.55,85.64,397.53,401.16,62.35,13.84,113.23
2024-01-30,185.78,159.00,67.99,97.49,113.29,117.71,116.65,150.13,173.22,86.24,396.58,400.05,62.66,13.70,112.34
2024-01-31,182.18,155.20,64.67,96.34,112.58,114.97,114.12,138.87,169.34,85.07,386.74,389.27,61.42,13.48,109.34
2024-02-01,184.61,159.28,65.75,96.48,113.63,116.92,113.99,139.92,172.33,86.61,391.34,395.34,62.92,13.51,109.75
2024-02-02,183.61,171.81,68.28,98.96,116.90,119.29,114.91,141.13,171.30,87.96,470.86,402.62,66.04,13.79,112.04
2024-02-05,185.42,170.31,68.24,98.83,115.38,121.11,112.04,142.42,169.12,86.91,455.41,397.17,69.21,13.64,114.98
2024-02-06,187.02,169.15,66.22,100.24,117.68,119.12,114.17,142.83,169.11,91.95,450.76,397.01,68.10,13.69,115.55
2024-02-07,187.13,170.53,66.76,101.62,119.41,122.47,116.51,144.26,169.41,93.08,465.50,405.40,69.97,14.00,120.97
2024-02-08,186.05,169.84,68.97,103.06,125.62,124.20,118.13,144.63,171.53,94.87,465.91,405.45,69.52,14.22,129.44
2024-02-09,186.81,174.45,70.61,105.48,126.69,125.04,117.98,147.69,173.38,95.34,464.04,411.76,72.01,15.15,128.84
2024-02-12,185.13,172.34,70.22,104.48,127.02,123.25,120.19,146.23,173.21,95.92,464.82,406.58,72.12,15.34,126.28
2024-02-13,183.04,168.64,66.38,105.43,125.02,121.95,115.45,143.86,170.92,94.21,456.11,397.83,72.00,15.06,123.46
2024-02-14,182.16,170.98,66.42,108.02,126.69,122.98,118.23,144.66,170.80,94.28,469.16,401.67,73.77,15.64,125.12
2024-02-15,181.88,169.80,66.62,109.44,125.27,123.25,120.35,141.52,173.87,94.71,479.82,398.80,72.53,15.63,124.89
2024-02-16,180.34,169.51,65.44,108.56,125.08,121.35,118.17,139.28,174.59,94.15,469.20,396.35,72.48,15.42,122.63
2024-02-20,179.60,167.08,64.90,105.56,122.89,119.50,116.73,139.88,170.68,91.67,467.64,395.10,69.33,15.43,121.31
2024-02-21,180.35,168.59,63.62,105.26,121.97,119.59,116.60,141.30,167.20,92.19,464.45,394.50,67.35,15.45,121.32
2024-02-22,182.38,174.58,67.19,107.40,124.13,127.13,117.62,142.82,171.39,94.26,482.41,403.79,78.40,15.69,124.93
2024-02-23,180.55,174.99,66.92,107.50,122.23,126.30,115.60,142.69,172.80,94.29,480.33,402.51,78.68,15.74,125.38
2024-02-26,179.21,174.73,68.43,106.80,121.68,127.55,115.76,136.36,171.32,94.29,478.05,399.76,78.95,15.62,126.45
2024-02-27,180.66,173.54,67.98,106.74,120.99,126.29,117.12,137.66,172.01,94.51,483.32,399.70,78.56,15.73,124.47
2024-02-28,179.46,173.16,68.29,107.67,121.63,125.63,116.72,135.18,172.41,94.34,480.32,399.94,77.53,15.58,123.30
2024-02-29,178.80,176.76,69.39,107.68,122.91,126.70,118.11,137.24,172.16,96.71,486.38,405.74,78.97,15.70,124.54
2024-03-01,177.72,178.22,71.93,106.92,123.36,136.32,118.36,135.93,175.11,97.37,498.46,407.57,82.13,15.72,129.61
2024-03-04,173.21,177.58,71.99,107.26,125.92,136.62,116.98,132.18,179.63,97.07,494.38,407.00,85.09,15.82,133.83
2024-03-05,168.29,174.12,70.12,105.38,125.59,130.82,115.33,131.50,178.60,95.09,486.47,394.96,85.82,15.65,130.64
2024-03-06,167.30,173.51,71.12,104.79,125.77,131.53,113.93,130.25,182.51,95.47,492.29,394.41,88.55,15.57,137.03
2024-03-07,167.18,176.82,71.62,106.83,125.62,137.08,115.32,133.20,182.87,96.44,508.27,401.33,92.51,15.38,144.42
2024-03-08,168.89,175.35,68.28,104.75,124.27,127.51,116.42,134.22,182.32,97.10,502.08,398.46,87.38,15.40,141.68
2024-03-11,170.89,171.96,67.75,104.76,122.87,125.99,115.10,136.46,178.39,95.86,479.89,396.80,85.63,15.20,134.56
2024-03-12,171.36,175.39,70.46,105.89,124.22,125.87,114.28,137.28,184.02,97.62,495.93,407.35,91.75,15.29,139.77
2024-03-13,169.28,176.56,70.18,105.93,124.85,122.55,116.52,138.56,183.01,96.42,491.78,407.17,90.73,15.31,137.58
2024-03-14,171.13,178.75,71.00,105.96,123.90,122.98,115.32,141.84,179.97,95.32,488.07,417.10,87.79,15.16,135.14
2024-03-15,170.76,174.42,69.43,106.34,123.28,120.37,115.47,139.94,177.78,95.18,480.40,408.47,87.69,15.13,132.59
2024-03-18,171.85,174.48,72.33,106.22,121.47,120.54,114.05,146.38,178.35,93.65,493.18,409.35,88.30,15.24,132.80
2024-03-19,174.18,175.90,71.73,106.66,123.34,120.62,114.56,145.74,179.89,94.25,492.44,413.36,89.24,15.47,131.07
2024-03-20,176.74,178.15,74.14,108.49,124.58,124.85,118.05,147.43,180.47,97.05,501.65,417.11,90.22,15.68,132.90
2024-03-21,169.52,178.15,76.15,110.31,127.45,131.89,121.65,146.30,178.55,100.04,503.87,421.17,91.28,16.27,135.53
2024-03-22,170.42,178.87,76.61,108.43,124.92,132.43,118.14,149.44,177.56,99.17,505.68,420.55,94.13,15.95,136.59
2024-03-25,169.01,179.71,76.38,109.24,124.85,132.24,119.05,148.75,175.66,99.26,499.17,414.79,94.84,16.15,136.28
2024-03-26,167.88,178.30,74.46,109.70,125.01,130.28,118.16,149.35,175.39,99.46,492.09,413.60,92.40,16.29,134.93
2024-03-27,171.44,179.83,72.10,109.40,124.37,129.03,120.94,149.54,177.53,98.93,490.08,413.38,90.09,16.42,132.84
2024-03-28,169.63,180.38,72.50,108.31,124.09,129.68,121.39,149.60,177.67,99.00,481.86,412.69,90.20,16.49,132.22
2024-04-01,168.20,180.97,74.94,108.33,123.54,132.11,121.07,154.12,176.62,98.43,487.59,416.46,90.21,16.23,137.51
2024-04-02,167.02,180.69,72.71,106.49,122.06,130.99,116.71,153.20,175.74,96.36,493.56,413.39,89.30,16.18,136.27
2024-04-03,167.82,182.41,74.70,108.44,123.16,133.38,116.95,153.56,177.62,97.98,502.86,412.42,88.81,16.94,138.00
2024-04-04,167.00,180.00,72.19,106.99,123.36,128.91,116.43,149.21,174.86,96.62,507.01,409.90,85.76,16.65,135.73
2024-04-05,167.75,185.07,74.40,110.45,125.19,131.05,117.88,151.16,175.98,99.34,523.30,417.40,87.86,16.86,137.38
2024-04-08,166.63,185.19,74.35,111.79,126.13,130.73,119.49,153.49,176.61,100.05,515.28,416.48,86.98,17.14,138.77
2024-04-09,167.84,185.67,73.69,107.75,124.86,130.53,121.97,155.22,176.14,98.69,512.94,418.14,85.21,16.91,141.31
2024-04-10,165.97,185.95,72.06,110.01,125.08,129.39,116.50,154.77,173.10,97.45,515.85,415.18,86.89,16.55,142.11
2024-04-11,173.15,189.05,74.14,108.86,125.11,135.26,117.23,158.01,172.97,98.87,519.16,419.76,90.46,16.50,143.06
2024-04-12,174.65,186.13,67.81,106.07,122.57,131.51,114.09,156.34,169.59,95.76,507.98,413.85,88.03,16.21,138.51
2024-04-15,170.83,183.62,65.80,103.62,120.66,128.24,111.96,153.50,168.64,94.33,496.40,405.74,85.85,15.80,136.20
2024-04-16,167.55,183.32,65.69,103.86,122.14,130.04,112.62,153.04,170.97,94.77,495.94,406.66,87.26,16.04,135.87
2024-04-17,166.19,181.28,64.82,103.53,122.90,125.50,113.83,154.10,170.36,93.14,490.39,403.98,83.89,16.01,135.12
2024-04-18,165.24,179.22,64.30,103.35,121.96,123.18,111.18,154.64,168.84,91.88,497.96,396.55,84.52,16.06,128.55
2024-04-19,163.22,174.63,61.52,103.67,120.87,117.87,109.40,152.74,168.95,91.16,477.39,391.50,76.07,15.96,124.11
2024-04-22,164.05,177.23,61.37,106.53,123.19,119.81,112.81,154.91,169.24,92.98,478.04,393.30,79.38,16.13,126.10
2024-04-23,165.10,179.54,62.79,109.58,127.38,122.22,114.86,156.87,169.51,96.43,492.30,399.79,82.28,16.35,129.68
2024-04-24,167.20,176.59,63.69,108.57,126.86,122.97,114.37,157.73,171.29,95.25,489.72,401.25,79.54,16.42,129.23
2024-04-25,168.06,173.67,66.19,107.76,124.79,126.65,113.99,154.63,157.16,93.38,438.00,391.42,82.49,16.23,132.74
2024-04-26,167.47,179.62,66.18,108.09,124.69,131.51,113.95,170.44,155.50,94.04,439.90,398.56,87.58,16.43,134.41
2024-04-29,171.63,180.96,65.92,106.83,125.88,130.98,112.21,164.69,155.78,93.78,429.31,394.57,87.61,16.65,134.60
2024-04-30,168.49,175.00,64.14,104.39,124.19,127.22,108.48,161.35,154.64,91.60,426.88,381.90,86.25,16.51,133.48
2024-05-01,167.47,179.00,63.80,103.80,122.90,121.61,109.30,162.42,152.99,93.62,435.83,387.40,82.90,16.30,131.14
2024-05-02,171.16,184.72,65.46,107.94,125.64,121.19,110.69,165.16,153.23,95.60,438.30,390.24,85.67,15.83,132.40
2024-05-03,181.40,186.21,68.60,105.43,123.09,125.05,109.76,165.77,154.18,93.51,448.50,398.90,88.64,15.69,137.58
2024-05-06,179.75,188.70,69.71,107.38,127.07,128.21,112.76,166.62,156.88,96.70,462.12,405.64,91.98,16.08,138.81
2024-05-07,180.43,188.76,68.50,109.01,128.11,127.50,113.03,169.74,156.67,97.97,464.66,401.52,90.40,15.84,137.14
2024-05-08,180.77,188.00,72.92,109.15,129.40,129.68,111.45,167.89,158.08,98.10,468.98,402.70,90.26,16.09,139.56
2024-05-09,182.58,189.50,74.02,108.06,132.92,127.75,114.45,168.47,156.24,100.61,471.78,404.45,88.59,16.20,138.77
2024-05-10,181.32,187.48,78.51,107.93,132.76,130.41,115.39,167.17,157.06,101.68,472.56,406.82,89.72,16.22,145.06
2024-05-13,184.52,186.57,77.47,105.74,130.78,130.87,113.61,167.65,157.45,98.83,464.43,405.82,90.24,16.08,142.29
2024-05-14,185.66,187.07,78.42,106.79,135.24,135.03,117.19,168.84,157.26,101.00,468.24,408.61,91.20,16.19,147.67
2024-05-15,187.93,185.99,81.51,111.07,139.81,140.52,122.15,170.99,158.11,106.16,477.85,415.75,94.47,16.46,151.20
2024-05-16,188.05,183.63,80.02,109.02,136.86,138.17,118.96,172.65,158.77,102.69,469.61,413.70,94.20,16.51,147.95
2024-05-17,188.08,184.70,79.97,109.36,135.87,136.52,116.91,174.51,158.83,103.17,468.30,412.93,92.32,16.61,147.41
2024-05-20,189.24,183.54,79.85,109.23,134.90,138.35,116.91,175.36,159.67,103.41,465.25,417.97,94.62,16.60,149.23
2024-05-21,190.53,183.15,79.25,110.92,134.02,136.90,118.80,176.29,163.00,104.99,461.07,421.61,95.22,16.70,149.35
2024-05-22,189.10,183.13,79.12,110.09,135.07,136.22,117.85,174.83,163.21,104.28,464.20,423.06,94.79,16.69,151.76
2024-05-23,185.12,181.05,75.36,109.16,135.07,136.32,114.53,172.02,160.37,102.52,462.22,419.60,103.62,16.62,152.67
2024-05-24,188.19,180.75,76.64,111.71,136.25,137.75,115.02,173.45,160.58,104.93,474.56,422.71,106.29,17.01,155.50
2024-05-28,188.20,182.15,76.87,111.79,134.69,138.20,112.76,174.85,159.42,103.96,476.25,422.87,113.70,17.26,154.92
2024-05-29,188.49,182.02,77.08,109.44,132.67,136.07,108.03,174.35,156.97,101.75,470.73,421.74,114.63,16.97,150.00
2024-05-30,189.48,179.32,75.92,112.92,133.42,133.47,111.01,170.60,155.64,102.37,463.48,407.49,110.31,17.08,148.66
2024-05-31,190.43,176.44,74.41,112.33,130.80,129.99,112.10,170.98,156.78,101.39,463.26,407.94,109.44,15.88,146.79
2024-06-03,192.20,178.34,74.10,112.71,128.96,129.34,110.90,171.65,155.31,101.72,473.84,406.36,114.80,15.68,150.59
2024-06-04,192.51,179.34,73.29,110.13,126.15,130.21,110.78,172.26,155.81,99.89,473.34,408.86,116.24,15.29,148.18
2024-06-05,194.02,181.28,74.39,112.45,130.23,138.26,113.22,173.87,157.28,101.95,491.27,416.67,122.23,15.26,158.34
2024-06-06,192.64,185.00,74.14,109.25,125.04,137.10,110.86,175.18,158.05,98.09,489.98,417.17,120.79,14.77,157.51
2024-06-07,195.03,184.30,74.20,108.66,124.04,137.63,109.42,172.93,159.75,96.61,489.19,416.51,120.68,14.73,159.76
2024-06-10,191.30,187.06,74.39,114.86,127.69,140.94,111.35,173.67,160.10,107.42,498.75,420.46,121.58,15.34,163.43
2024-06-11,205.19,187.23,76.19,112.87,126.70,142.95,110.71,175.27,159.10,108.66,503.59,425.18,120.71,15.37,161.05
2024-06-12,211.06,186.89,77.83,114.48,128.30,146.33,114.82,176.43,158.80,109.92,504.95,433.42,124.99,15.57,168.11
2024-06-13,212.22,183.83,82.92,112.45,124.82,164.28,113.69,173.82,158.92,107.82,500.24,433.93,129.40,15.30,168.57
2024-06-14,210.48,183.66,82.12,112.05,124.63,169.76,112.79,175.44,159.00,107.65,500.80,434.90,131.66,15.10,168.18
2024-06-17,214.62,184.06,85.02,112.46,125.95,178.94,113.64,175.88,159.27,108.62,503.25,440.60,130.76,15.31,172.80
2024-06-18,212.27,182.81,85.08,113.46,126.86,176.36,114.33,173.75,160.26,108.93,496.16,438.61,135.36,15.64,175.18
2024-06-20,207.70,186.10,85.05,114.53,126.59,169.72,115.99,174.95,163.43,108.50,498.35,437.98,130.56,15.68,170.98
2024-06-21,205.53,189.08,84.34,113.90,123.84,162.29,115.46,178.26,162.05,107.29,491.48,441.99,126.36,15.45,169.60
2024-06-24,206.17,185.57,82.30,114.38,125.78,156.28,116.53,177.85,164.45,105.96,495.58,439.92,117.92,15.59,163.60
2024-06-25,207.10,186.34,83.63,114.57,127.19,155.16,115.74,182.62,162.19,105.91,507.20,443.14,125.88,15.59,168.27
2024-06-26,211.24,193.61,83.68,114.17,127.28,156.26,115.50,182.47,161.50,104.29,509.70,444.33,126.19,15.74,167.76
2024-06-27,212.08,197.85,86.98,114.11,127.75,155.74,115.46,183.99,160.54,104.37,516.10,445.01,123.79,15.80,167.33
2024-06-28,208.63,193.25,87.62,114.18,125.24,157.59,115.17,180.76,162.51,103.76,500.86,439.21,123.34,15.67,169.45
2024-07-01,214.70,197.20,89.18,114.83,127.99,161.05,113.71,181.59,164.53,103.04,501.31,448.82,124.10,15.72,168.01
2024-07-02,218.19,200.00,89.25,116.09,127.28,162.69,114.62,183.82,166.60,104.44,506.10,451.32,122.47,15.48,171.29
2024-07-03,219.46,197.59,91.36,115.85,130.01,169.73,114.79,184.40,165.13,104.57,506.56,452.79,128.07,15.62,177.91
2024-07-05,224.20,200.00,91.54,114.83,129.92,167.19,114.16,189.14,165.40,104.59,536.31,459.46,125.62,15.61,179.38
2024-07-08,225.67,199.29,92.77,112.10,127.58,171.36,112.35,187.58,166.92,103.59,525.79,458.16,127.99,14.92,181.95
2024-07-09,226.52,199.34,91.44,112.84,126.65,170.13,112.82,187.53,165.83,104.10,526.47,451.58,131.16,14.93,179.89
2024-07-10,230.78,199.79,90.94,115.28,130.37,171.25,115.60,189.72,167.11,107.91,531.12,458.17,134.69,15.21,186.26
2024-07-11,225.42,195.05,89.90,117.11,132.59,167.45,117.78,184.15,167.55,107.32,509.28,446.82,127.19,15.41,179.87
2024-07-12,228.36,194.49,90.47,116.57,133.95,166.93,120.30,183.65,171.80,109.18,495.54,445.69,129.03,15.62,182.65
2024-07-15,232.19,192.72,90.11,118.46,137.18,168.26,123.14,185.10,171.85,113.34,492.85,446.10,128.23,15.72,180.58
2024-07-16,232.60,193.02,89.56,119.92,139.07,166.25,127.46,182.51,174.60,115.03,486.52,441.73,126.15,16.21,181.38
2024-07-17,226.72,187.93,84.17,117.19,135.05,153.10,125.45,179.63,176.14,112.18,458.91,435.84,117.80,16.58,166.91
2024-07-18,222.06,183.75,83.16,116.37,138.50,157.56,126.90,176.33,174.04,113.29,472.68,432.74,120.89,16.79,167.56
2024-07-19,222.19,183.13,82.64,116.54,138.42,154.45,128.93,176.30,172.19,113.53,473.61,429.54,117.74,17.01,161.61
2024-07-22,221.85,182.55,85.56,119.91,141.70,158.09,131.34,180.28,173.04,116.21,484.15,435.27,123.34,17.50,165.10
2024-07-23,222.89,186.41,86.66,120.73,141.70,160.75,133.60,180.40,172.99,116.30,485.43,437.14,122.39,17.46,165.56
2024-07-24,216.48,180.83,81.47,117.71,135.79,148.55,128.03,171.31,172.92,114.10,458.19,421.47,114.06,17.08,155.79
2024-07-25,215.44,179.85,78.53,117.65,136.54,146.50,130.26,166.00,180.40,115.07,450.39,411.15,112.10,17.29,156.26
2024-07-26,215.90,182.50,79.80,118.14,138.23,148.83,132.10,165.72,180.18,116.84,462.59,417.90,112.87,17.42,157.88
2024-07-29,216.18,183.20,80.14,118.04,136.58,147.45,131.91,168.23,179.95,116.93,462.60,419.34,111.41,17.08,156.00
2024-07-30,216.73,181.71,77.86,118.60,140.56,140.87,132.25,168.99,179.51,118.30,460.10,415.59,103.56,16.82,150.67
2024-07-31,219.98,186.98,86.64,121.18,143.96,157.71,133.01,170.23,180.55,121.71,471.66,411.10,116.83,16.83,161.64
2024-08-01,216.30,184.07,84.66,112.15,140.16,144.31,128.21,169.45,178.22,118.07,494.42,409.88,109.03,15.16,154.21
2024-08-02,217.78,167.90,79.83,100.12,130.86,141.17,124.49,165.38,177.71,107.09,484.89,401.41,107.09,14.35,146.10
2024-08-05,207.29,161.02,78.73,95.89,125.67,139.46,121.18,158.03,172.25,104.74,472.56,388.30,100.28,13.95,144.24
2024-08-06,205.27,161.93,80.89,100.05,127.56,141.26,121.93,157.08,175.53,108.06,490.80,392.69,104.08,14.46,151.49
2024-08-07,207.84,162.77,79.33,99.72,127.12,133.75,119.38,157.72,175.53,107.26,485.66,391.53,98.75,14.37,151.15
2024-08-08,211.30,165.80,83.62,99.79,130.58,143.05,122.25,160.79,180.99,111.19,506.23,395.71,104.80,14.91,160.42
2024-08-09,214.20,166.94,83.95,101.25,133.00,145.52,122.51,162.42,181.47,112.27,514.32,398.99,104.58,15.08,162.93
2024-08-12,215.73,166.80,84.58,99.64,131.88,145.88,120.96,161.05,179.60,111.28,512.51,399.76,108.84,14.95,163.43
2024-08-13,219.43,170.23,86.55,101.16,133.00,153.28,124.77,162.90,181.04,114.36,525.02,406.84,115.95,15.27,168.02
2024-08-14,219.88,170.10,87.16,102.49,135.16,154.78,127.40,159.14,182.30,116.90,523.25,409.64,117.89,15.63,165.71
2024-08-15,222.86,177.59,89.15,107.18,136.82,163.06,127.50,160.07,183.84,118.71,533.75,414.48,122.66,15.91,169.60
2024-08-16,224.17,177.06,88.47,107.79,136.26,162.66,125.64,161.71,183.68,117.59,523.90,411.96,124.38,15.71,170.16
2024-08-19,224.02,178.22,88.01,108.39,135.86,164.61,125.99,165.39,184.58,118.67,525.75,414.97,129.79,15.77,171.05
2024-08-20,224.63,178.88,88.45,106.68,135.98,162.89,124.43,165.90,185.81,117.16,523.22,418.19,127.04,15.60,167.73
2024-08-21,224.52,180.11,88.97,106.12,135.79,162.72,126.08,164.58,186.93,117.27,531.59,417.54,128.29,15.49,167.14
2024-08-22,222.67,176.13,88.04,105.34,134.85,159.34,126.12,162.55,185.75,117.24,528.38,409.09,123.54,15.44,162.27
2024-08-23,224.96,177.04,88.78,108.29,138.13,163.29,130.32,164.35,185.88,120.70,524.48,410.31,129.16,15.49,166.99
2024-08-26,225.30,175.50,86.17,108.66,138.10,156.67,132.83,164.89,187.66,120.62,517.65,407.06,126.25,15.58,164.83
2024-08-27,226.14,173.12,86.40,110.30,137.33,158.41,132.16,163.42,188.37,120.86,515.64,407.40,128.09,15.67,166.27
2024-08-28,224.61,170.80,85.29,110.12,136.43,155.26,131.07,161.60,188.12,120.10,513.33,404.21,125.40,15.35,164.96
2024-08-29,227.88,172.12,86.65,109.99,135.64,154.03,131.54,160.54,188.53,120.64,514.76,406.70,117.40,15.79,164.91
2024-08-30,227.10,178.50,88.35,112.39,137.57,159.81,133.20,162.13,191.60,122.22,517.83,410.65,119.17,15.73,167.40
2024-09-03,220.92,176.25,81.68,108.10,133.46,149.97,129.25,156.16,190.79,116.79,508.35,403.07,107.82,15.20,156.47
2024-09-04,219.02,173.33,81.51,106.37,132.37,151.28,128.98,155.25,193.47,116.19,509.32,402.54,106.04,14.84,156.84
2024-09-05,220.54,177.89,82.11,105.71,132.54,150.00,129.38,156.04,192.03,116.95,513.41,402.04,107.03,14.71,159.60
2024-09-06,218.99,171.39,78.58,104.88,129.16,134.47,128.30,149.77,190.28,114.78,496.93,395.45,102.66,14.37,152.89
2024-09-09,219.08,175.40,81.19,104.48,131.63,138.22,130.78,147.77,192.92,116.97,501.42,399.41,106.29,14.80,158.70
2024-09-10,218.28,179.55,81.69,103.66,131.64,145.47,133.06,147.72,194.62,116.58,501.42,407.76,107.92,14.92,158.36
2024-09-11,220.81,184.52,85.73,105.53,132.93,155.35,134.05,150.20,198.95,116.81,508.42,416.46,116.72,15.12,165.96
2024-09-12,220.92,187.00,88.84,109.12,135.17,161.52,137.08,153.71,200.58,118.85,522.10,420.36,118.95,15.32,167.75
2024-09-13,220.65,186.49,89.94,111.09,138.51,164.59,141.46,156.46,203.60,121.26,521.12,423.89,118.91,15.64,168.80
2024-09-16,214.53,184.89,89.79,113.78,141.27,160.99,144.62,157.06,205.84,124.95,530.23,424.63,116.60,16.08,165.45
2024-09-17,214.99,186.88,90.24,114.39,144.50,159.47,145.08,158.31,202.97,126.37,533.25,428.38,115.41,16.23,163.76
2024-09-18,218.86,186.43,90.43,114.15,144.07,158.69,144.96,158.80,203.74,127.63,534.87,424.11,113.19,16.20,163.69
2024-09-19,226.97,189.87,94.83,118.11,148.01,164.87,149.39,161.11,202.74,131.13,555.90,431.87,117.69,16.80,172.44
2024-09-20,226.31,191.60,96.11,120.88,148.15,168.49,147.95,162.55,206.35,131.56,558.14,428.50,115.82,16.75,170.34
2024-09-23,224.59,193.88,96.39,121.61,147.76,170.31,147.10,160.82,209.01,130.94,561.18,426.77,116.08,16.82,171.01
2024-09-24,225.48,193.96,96.27,121.52,148.78,172.18,147.41,161.26,209.45,130.73,560.11,422.50,120.68,17.07,178.06
2024-09-25,224.49,192.53,97.05,120.93,149.46,172.85,142.94,160.47,209.70,130.02,565.06,425.39,123.32,17.15,178.43
2024-09-26,225.63,191.16,96.57,121.88,147.57,175.38,143.60,161.70,211.79,129.73,564.59,424.60,123.85,16.90,182.82
2024-09-27,225.90,187.97,95.07,122.18,148.38,170.06,144.97,162.91,209.33,130.48,564.11,421.36,121.21,17.16,174.15
2024-09-30,231.07,186.33,95.96,121.30,147.37,169.87,143.28,164.80,209.56,128.94,569.17,423.61,121.25,17.26,169.94
2024-10-01,224.33,185.13,95.46,128.20,147.82,164.92,142.08,165.93,207.92,128.24,573.17,414.15,116.82,17.40,168.38
2024-10-02,224.90,184.76,97.40,128.87,149.46,168.06,142.42,164.81,208.28,130.56,569.53,410.64,118.66,17.57,172.02
2024-10-03,223.80,181.96,97.53,127.57,148.52,169.27,141.47,164.81,211.11,129.26,579.44,410.06,122.66,17.94,175.63
2024-10-04,224.92,186.51,98.99,131.42,151.67,173.95,142.15,166.00,214.22,131.61,592.53,409.59,124.73,18.62,177.27
2024-10-07,219.85,180.80,98.14,130.34,151.83,172.41,139.48,161.95,215.28,129.68,581.43,403.17,127.52,18.48,180.55
2024-10-08,223.90,182.72,100.06,132.17,145.05,177.98,139.83,163.34,216.70,129.70,589.50,408.26,132.68,18.15,182.05
2024-10-09,227.64,185.17,101.73,134.03,149.57,183.12,138.87,160.83,222.09,133.26,587.13,410.97,132.44,18.46,183.12
2024-10-10,227.14,186.65,102.44,133.94,149.23,182.86,139.44,161.05,220.88,131.45,580.49,409.37,134.60,18.68,181.79
2024-10-11,225.66,188.82,104.23,136.16,153.15,178.72,143.19,162.21,221.10,133.89,586.58,409.85,134.59,19.08,186.71
2024-10-14,229.38,187.54,103.37,137.29,154.47,179.53,145.49,163.91,223.00,134.83,587.04,412.62,137.85,19.31,188.08
2024-10-15,231.91,187.69,98.08,137.46,153.79,173.30,146.26,164.41,220.82,134.08,582.92,412.23,131.39,19.41,183.11
2024-10-16,229.86,186.89,101.52,138.72,154.60,174.13,149.44,164.11,221.49,133.97,573.49,409.65,135.51,19.93,183.45
2024-10-17,230.22,187.53,101.85,141.00,159.56,178.77,158.81,161.90,220.74,136.11,573.63,410.24,136.72,20.91,201.42
2024-10-18,233.05,188.99,100.50,140.82,160.66,177.15,161.27,162.38,220.10,138.06,573.17,411.66,137.78,21.27,196.47
2024-10-21,234.52,189.07,101.50,140.58,159.52,177.25,159.78,163.03,219.67,138.81,571.87,412.27,143.49,21.19,197.61
2024-10-22,233.90,189.70,99.14,139.78,158.66,176.65,157.66,164.09,220.15,138.41,578.68,420.86,143.37,20.65,194.22
2024-10-23,228.85,184.71,98.51,139.39,158.28,170.87,156.18,161.75,220.62,136.81,560.47,418.00,139.34,20.55,196.55
2024-10-24,228.66,186.38,98.93,142.06,161.55,168.74,158.75,161.69,207.01,141.48,564.53,418.12,140.19,20.83,193.68
2024-10-25,229.49,187.83,98.52,138.96,160.26,170.36,156.72,164.22,203.48,138.13,569.97,421.49,141.32,20.48,199.07
2024-10-28,231.46,188.39,98.10,140.66,161.69,169.40,159.86,165.66,201.81,138.99,574.85,419.96,140.30,20.54,190.50
2024-10-29,231.73,190.83,100.39,141.80,161.14,176.51,159.71,168.61,199.46,137.58,589.89,425.23,141.03,20.75,192.71
2024-10-30,228.19,192.73,99.00,141.65,159.82,173.95,161.33,173.35,194.22,138.42,588.41,425.80,139.12,20.60,190.30
2024-10-31,224.04,186.40,96.61,139.12,158.57,167.18,157.77,170.03,195.95,136.51,564.33,400.03,132.55,19.94,186.45
2024-11-01,221.06,197.93,98.54,136.93,153.07,166.35,158.14,170.20,197.40,135.85,563.92,403.99,135.19,19.13,188.81
2024-11-04,220.17,195.78,98.72,135.40,151.00,165.98,157.10,168.17,195.57,135.27,557.47,402.11,135.84,18.70,187.45
2024-11-05,221.60,199.50,101.28,144.96,155.50,171.25,159.53,168.66,196.75,137.42,569.16,405.06,139.69,19.00,191.56
2024-11-06,220.87,207.09,105.78,158.94,163.13,176.82,165.89,175.39,202.47,150.55,568.78,413.65,145.38,20.87,189.07
2024-11-07,225.59,210.05,107.75,155.20,159.13,181.01,165.81,179.60,202.55,149.01,588.32,418.81,148.65,20.28,196.87
2024-11-08,225.32,208.18,100.11,157.32,161.12,180.84,166.90,177.22,202.58,150.48,585.97,415.97,147.40,20.58,196.88
2024-11-11,222.61,206.84,99.33,161.93,162.07,176.18,172.26,179.21,202.44,154.14,579.83,411.51,145.03,20.85,189.88
2024-11-12,222.61,208.91,98.89,159.02,161.23,173.54,169.91,180.47,201.45,151.43,581.47,416.45,148.06,20.53,187.65
2024-11-13,223.50,214.10,98.79,159.59,158.35,170.94,170.76,177.75,201.50,150.41,576.68,418.59,146.04,20.19,182.65
2024-11-14,226.58,211.48,96.49,159.56,159.84,167.78,170.43,174.47,199.66,148.82,573.86,420.25,146.53,20.41,184.45
2024-11-15,223.38,202.61,93.60,158.90,158.12,162.33,170.62,171.40,195.84,148.33,550.91,408.55,141.76,20.30,182.02
2024-11-18,226.38,201.70,92.62,160.02,158.33,163.15,172.12,174.19,198.80,150.73,551.23,409.29,139.93,20.74,183.45
2024-11-19,226.64,204.61,94.43,163.85,161.09,162.83,173.91,176.99,200.86,151.06,557.88,411.29,146.78,21.03,185.60
2024-11-20,227.35,202.88,95.43,158.63,162.55,160.76,174.02,174.87,205.02,150.46,562.28,409.03,145.66,21.10,184.32
2024-11-21,226.87,198.38,101.24,160.71,165.50,161.44,182.47,166.57,212.47,155.89,559.87,407.26,146.44,21.87,187.13
2024-11-22,228.21,197.12,101.62,163.18,165.98,161.73,187.21,163.72,213.01,156.84,555.94,411.34,141.73,22.07,186.00
2024-11-25,231.19,201.45,99.93,170.14,166.46,162.31,181.63,166.59,216.03,157.15,561.88,413.10,135.81,21.92,181.11
2024-11-26,233.37,207.86,102.08,171.05,169.11,162.23,180.26,168.05,218.61,159.45,570.26,422.18,136.71,21.89,179.89
2024-11-27,233.24,205.74,100.57,169.31,165.28,157.24,177.77,168.16,216.79,158.22,565.94,417.25,135.13,21.36,177.30
2024-11-29,235.62,207.89,101.46,170.46,167.13,159.61,179.72,167.88,217.26,161.03,571.03,417.71,138.03,21.33,180.69
2024-12-02,237.86,210.71,102.53,167.84,164.50,163.97,175.92,170.40,217.24,157.85,589.44,425.13,138.41,20.71,190.23
2024-12-03,240.90,213.44,103.61,168.48,165.54,165.59,175.09,170.25,218.78,156.12,610.14,425.34,140.04,20.67,194.62
2024-12-04,241.26,218.16,105.43,170.16,167.24,167.96,174.46,173.27,223.07,155.82,610.27,431.48,144.91,21.06,196.38
2024-12-05,241.29,220.55,106.83,171.14,167.45,167.87,176.06,171.55,224.27,155.27,605.45,436.61,144.84,21.12,199.91
2024-12-06,241.09,227.03,108.25,173.20,168.39,176.80,175.87,173.60,227.41,156.23,620.20,437.55,142.23,21.21,198.66
2024-12-09,244.97,226.09,105.92,167.96,165.76,176.21,174.32,174.46,219.73,150.63,610.06,439.96,138.60,21.00,194.89
2024-12-10,245.98,225.04,104.78,170.15,166.54,169.19,178.29,184.21,221.37,150.10,615.78,437.31,134.87,21.08,187.82
2024-12-11,244.71,230.26,107.23,173.94,172.54,180.41,180.96,194.38,219.85,155.61,629.06,442.89,139.10,22.25,190.42
2024-12-12,246.17,228.97,106.88,171.80,172.81,177.91,178.98,190.96,221.89,153.99,627.18,443.45,137.14,22.07,187.94
2024-12-13,246.34,227.46,112.37,171.82,172.54,221.38,177.21,188.83,220.51,152.60,616.80,441.20,134.05,21.90,197.30
2024-12-16,249.23,232.93,116.53,173.50,173.72,246.19,177.25,195.64,219.09,154.36,621.17,445.46,131.80,22.30,198.51
2024-12-17,251.65,231.15,112.95,171.71,169.50,236.57,172.21,194.40,218.75,149.52,616.39,448.29,130.20,21.85,196.97
2024-12-18,246.26,220.52,108.07,163.07,160.84,220.21,161.48,187.42,210.34,141.35,594.25,431.45,128.72,20.53,191.97
2024-12-19,247.99,223.29,109.07,165.20,162.61,214.99,158.86,187.53,213.92,141.91,592.64,431.09,130.49,20.76,191.07
2024-12-20,252.66,224.92,112.81,166.56,167.32,217.43,160.67,190.42,213.39,145.92,582.37,430.67,134.50,21.11,193.59
2024-12-23,253.43,225.06,113.09,167.15,170.13,229.42,161.94,193.62,212.02,147.26,596.90,429.34,139.46,21.26,203.55
2024-12-24,256.34,229.05,114.65,170.28,172.09,236.66,165.24,195.09,214.39,150.86,604.76,433.36,140.01,21.63,202.54
2024-12-26,257.15,227.05,114.86,169.81,173.67,242.27,165.96,194.58,214.85,150.80,600.38,432.16,139.72,21.59,199.33
2024-12-27,253.75,223.75,113.03,165.83,170.61,238.71,163.66,191.76,212.83,148.17,596.86,424.68,136.81,21.22,197.93
2024-12-30,250.38,221.30,111.45,162.16,170.15,232.61,161.81,190.25,210.42,146.72,588.33,419.06,137.28,21.02,196.71
2024-12-31,248.62,219.39,110.53,160.84,168.26,228.92,162.16,188.32,210.01,146.24,582.63,415.78,134.09,20.91,193.86
2025-01-02,242.09,220.22,111.79,161.53,169.97,229.06,163.41,188.45,210.12,147.51,596.29,412.90,138.10,21.20,197.88
2025-01-03,241.61,224.19,115.20,164.64,172.14,229.62,165.44,190.79,212.71,150.31,601.66,417.60,144.25,21.60,204.78
2025-01-06,243.23,227.61,118.98,164.68,171.37,233.43,164.39,195.85,212.73,149.04,627.10,422.04,149.21,21.09,215.97
2025-01-07,240.46,222.11,115.29,158.21,169.54,225.76,161.15,194.47,213.96,144.97,614.85,416.63,139.93,20.35,207.54
2025-01-08,240.95,222.13,115.51,157.75,173.27,226.42,163.62,192.94,213.22,146.57,607.72,418.79,139.90,20.89,203.32
2025-01-10,235.14,218.94,114.34,151.33,166.37,221.49,155.04,191.04,209.94,139.34,612.83,413.26,135.71,20.27,204.54
2025-01-13,232.71,218.46,112.64,150.76,166.80,222.45,155.91,190.02,207.69,139.66,605.34,411.52,133.03,20.10,197.66
2025-01-14,231.60,217.76,114.91,155.17,170.30,221.87,159.25,188.67,208.03,142.03,591.33,410.02,131.56,20.27,197.75
2025-01-15,236.16,223.35,116.10,160.54,175.36,225.13,164.72,194.53,210.21,148.80,614.08,420.52,136.04,20.59,203.00
2025-01-16,226.62,220.66,118.13,161.59,178.59,226.52,166.21,191.91,212.72,151.51,608.29,418.81,133.37,21.03,210.85
2025-01-17,228.32,225.94,119.95,162.63,181.84,234.45,169.24,194.98,214.75,155.79,609.76,423.20,137.50,21.82,207.62
2025-01-21,221.04,230.71,121.50,164.82,185.08,237.28,170.72,197.02,214.25,158.90,613.43,422.68,140.62,22.02,214.68
2025-01-22,222.22,235.01,129.82,164.49,184.21,237.88,171.90,197.34,213.29,159.69,620.43,440.14,146.85,22.95,219.10
2025-01-23,222.05,235.42,129.12,165.32,186.20,237.25,174.48,196.95,215.95,163.47,633.32,440.64,147.00,23.40,220.49
2025-01-24,221.17,234.85,129.17,167.56,187.55,241.62,175.63,199.17,214.76,163.66,644.31,438.03,142.41,23.98,217.80
2025-01-27,228.20,235.42,100.30,162.89,180.57,199.58,171.66,190.81,214.12,159.38,656.63,428.66,118.24,22.75,188.78
2025-01-28,236.54,238.15,106.54,164.89,184.01,204.75,174.55,194.29,215.58,165.17,671.01,441.13,128.80,23.09,198.68
2025-01-29,237.64,237.07,107.84,166.63,183.84,203.75,174.35,194.39,218.42,164.42,673.16,436.32,123.52,23.05,198.61
2025-01-30,235.88,234.64,113.86,167.27,188.27,212.94,167.20,199.83,246.74,164.99,683.62,409.35,124.46,23.20,204.33
2025-01-31,234.30,237.68,115.23,166.51,188.40,218.48,166.57,202.96,244.28,165.19,685.79,409.42,119.89,23.38,205.48
2025-02-03,226.37,237.42,111.50,162.75,186.79,214.99,163.21,200.18,249.09,161.38,694.03,405.34,116.49,22.86,196.13
2025-02-04,231.12,242.06,112.32,158.34,185.68,219.63,160.67,205.31,252.65,147.62,700.73,406.77,118.47,22.15,200.30
2025-02-05,230.80,236.17,115.49,161.42,180.26,229.08,164.45,190.34,251.54,152.07,701.40,407.68,124.64,22.43,204.74
2025-02-06,231.54,238.83,115.27,160.57,182.18,228.45,164.16,190.60,242.12,149.88,708.49,410.17,128.49,22.26,206.63
2025-02-07,225.99,229.15,118.47,159.18,180.91,222.04,160.14,184.38,241.07,146.93,711.01,404.19,129.65,21.18,202.33
2025-02-10,226.26,233.14,120.23,157.93,180.57,232.08,159.93,185.50,239.73,146.26,713.87,406.62,133.37,21.35,204.13
2025-02-11,231.20,232.76,116.84,153.95,177.14,232.08,156.30,184.36,244.95,140.85,716.26,405.85,132.60,21.18,204.91
2025-02-12,235.42,228.93,109.64,153.33,173.76,233.37,152.61,182.66,246.02,137.97,721.81,403.48,130.94,20.94,202.59
2025-02-13,240.05,230.37,109.75,153.79,175.26,232.83,152.22,185.17,249.27,137.73,724.98,404.96,135.09,21.14,198.12
2025-02-14,243.10,228.68,106.87,158.56,176.96,230.11,156.35,184.27,251.28,139.15,733.05,402.88,138.64,21.52,200.16
2025-02-18,242.98,226.65,111.06,158.28,178.37,225.65,158.16,182.82,253.00,139.19,712.85,404.08,139.19,21.70,199.02
2025-02-19,243.37,226.63,103.92,156.53,177.49,225.85,158.26,184.31,254.20,137.08,700.31,409.14,139.02,21.72,197.26
2025-02-20,244.33,222.88,103.40,153.13,170.79,223.88,155.46,183.60,254.60,133.20,691.42,411.30,139.90,20.92,196.42
2025-02-21,244.05,216.58,98.30,147.03,165.47,215.91,150.23,178.73,251.47,130.89,680.19,403.47,134.23,20.04,194.60
2025-02-24,245.59,212.71,92.69,144.42,160.54,205.31,148.98,178.32,251.84,129.87,664.84,399.31,130.09,19.71,188.13
2025-02-25,245.53,212.80,92.88,141.91,159.07,199.99,149.14,174.51,247.88,128.29,654.27,393.28,126.44,19.25,185.89
2025-02-26,238.89,214.35,96.38,144.20,160.60,210.26,151.25,171.83,246.05,131.35,670.39,395.09,131.08,19.70,191.05
2025-02-27,235.85,208.74,91.57,144.00,158.84,195.31,149.29,167.62,243.54,130.87,655.00,387.98,119.97,19.22,177.76
2025-02-28,240.36,212.28,93.05,145.78,162.47,196.92,152.86,169.40,242.78,134.23,664.91,392.38,124.73,19.50,177.21
2025-03-03,236.57,205.02,86.01,141.20,161.35,185.01,150.37,166.14,240.61,131.67,651.83,383.98,113.89,18.86,169.79
2025-03-04,234.49,203.80,85.52,134.70,153.02,185.12,142.97,170.03,243.52,119.57,636.85,384.10,115.82,17.91,176.69
2025-03-05,234.30,208.36,87.82,137.25,154.93,189.17,144.21,172.12,241.73,121.80,653.24,396.37,117.13,18.45,180.90
2025-03-06,233.89,200.70,84.34,131.63,145.77,177.19,138.13,171.45,239.17,114.96,624.84,392.28,110.41,17.53,172.62
2025-03-07,237.61,199.25,83.36,129.31,147.28,192.50,137.68,172.96,251.53,114.11,622.58,388.75,112.52,17.59,173.85
2025-03-10,226.09,194.54,77.56,123.07,134.24,182.13,132.20,165.20,247.06,107.08,595.05,375.75,106.82,16.81,167.52
2025-03-11,219.49,196.59,79.13,127.37,135.93,187.70,131.03,163.38,239.42,110.98,602.73,376.04,108.60,17.08,167.83
2025-03-12,215.65,198.89,80.25,131.77,138.70,191.78,133.31,166.43,240.07,113.22,616.51,378.82,115.58,17.18,173.92
2025-03-13,208.40,193.89,80.14,127.20,133.25,188.95,129.50,162.10,236.39,107.60,587.73,374.38,115.42,16.74,168.44
2025-03-14,212.18,197.95,83.51,131.18,137.21,193.08,133.64,164.82,238.84,112.17,605.15,384.05,121.50,17.40,170.89
2025-03-17,212.69,195.74,85.09,135.46,140.92,192.05,140.17,163.62,243.29,114.52,602.46,384.19,119.36,18.00,173.00
2025-03-18,211.39,192.82,83.99,134.23,137.96,186.29,138.66,160.02,237.50,112.88,580.01,379.07,115.27,17.96,170.61
2025-03-19,213.92,195.54,84.42,140.05,141.40,193.11,142.01,163.23,242.63,115.37,581.70,383.32,117.36,19.03,171.23
2025-03-20,212.79,194.95,82.97,141.39,141.14,188.71,141.09,162.14,234.00,115.54,583.64,382.35,118.36,18.69,174.89
2025-03-21,216.94,196.21,83.13,140.06,141.49,189.82,140.66,163.33,234.53,115.33,593.85,386.72,117.54,18.70,174.16
2025-03-24,219.38,203.26,87.51,144.93,147.28,189.41,144.25,167.00,238.94,120.75,616.35,388.52,121.24,19.52,178.53
2025-03-25,222.38,205.71,86.94,144.45,149.08,186.45,143.43,169.87,240.33,120.95,623.78,390.57,120.52,19.61,178.27
2025-03-26,220.18,201.13,81.66,141.26,146.83,177.55,139.11,164.39,240.76,118.24,608.52,385.45,113.60,19.06,170.98
2025-03-27,222.48,201.36,78.96,138.71,142.15,170.34,137.06,161.58,236.78,116.36,600.15,386.05,111.27,18.47,165.79
2025-03-28,216.57,192.72,77.94,133.76,138.80,167.50,131.00,153.70,234.66,113.71,574.41,374.40,109.52,18.25,162.85
2025-03-31,220.77,190.26,77.48,133.74,140.44,165.82,132.58,154.01,239.14,114.45,574.04,371.03,108.23,18.15,163.59
2025-04-01,221.83,192.17,78.49,135.14,143.15,166.90,135.45,156.43,240.76,116.66,583.64,377.76,110.00,18.49,166.19
2025-04-02,222.52,196.01,80.16,138.22,148.00,170.44,140.06,156.40,240.41,119.69,581.57,377.71,110.27,19.16,167.91
2025-04-03,201.95,178.41,71.27,120.57,125.09,152.53,126.25,150.11,234.17,101.52,529.48,368.78,101.66,16.22,155.09
2025-04-04,187.23,171.00,64.37,106.14,113.07,144.88,118.60,145.01,218.77,91.86,502.69,355.66,94.18,14.40,144.67
2025-04-07,180.35,175.26,68.17,109.74,119.48,152.66,118.23,146.16,217.14,96.56,514.17,353.71,97.50,14.86,144.04
2025-04-08,171.37,170.66,69.50,107.83,118.02,154.53,113.89,144.11,212.57,93.56,508.39,350.45,96.17,14.43,139.31
2025-04-09,197.63,191.10,76.00,125.45,136.38,183.37,130.29,158.07,226.30,109.35,583.41,385.96,114.17,16.48,156.44
2025-04-10,189.26,181.22,72.65,121.04,130.05,170.65,120.89,152.20,220.76,100.85,544.09,376.93,107.42,15.57,148.93
2025-04-11,196.94,184.87,72.67,122.98,131.94,180.19,120.63,156.50,226.46,100.42,541.38,383.94,110.77,15.40,154.80
2025-04-14,201.28,182.12,73.59,122.59,132.55,176.65,123.75,158.43,229.91,102.09,529.34,383.31,110.56,15.58,153.57
2025-04-15,200.90,179.59,73.20,124.86,135.37,177.23,126.67,155.68,231.49,103.18,519.42,381.25,112.04,15.92,155.04
2025-04-16,193.08,174.33,71.87,122.29,133.72,172.93,122.72,152.71,229.44,101.03,500.28,367.30,104.34,15.49,149.46
2025-04-17,195.78,172.61,71.20,123.82,135.29,169.35,123.68,150.55,229.67,102.33,499.46,363.51,101.35,15.77,149.53
2025-04-21,191.98,167.32,67.67,116.84,131.31,164.61,114.03,147.07,227.18,96.97,482.71,354.95,96.77,14.94,145.71
2025-04-22,198.52,173.18,68.67,120.82,135.75,167.95,118.48,150.86,231.68,101.25,498.26,362.56,98.75,15.36,149.20
2025-04-23,203.35,180.60,70.76,123.60,139.81,175.21,120.46,154.72,236.08,105.74,518.17,370.05,102.57,16.00,155.52
2025-04-24,207.10,186.54,75.29,130.21,146.53,186.34,127.62,158.63,220.55,112.11,531.00,382.81,106.28,16.73,161.79
2025-04-25,208.00,188.99,77.91,130.29,147.40,190.46,126.02,161.30,223.51,112.49,545.06,387.30,110.85,16.75,162.70
2025-04-28,208.86,187.70,78.31,133.18,146.92,190.62,127.60,159.96,227.12,112.79,547.52,386.62,108.58,16.98,161.02
2025-04-29,209.92,187.39,80.73,134.34,146.36,189.33,127.56,159.51,230.23,113.20,552.20,389.47,108.87,16.84,162.09
2025-04-30,211.20,184.42,82.27,133.29,146.11,190.62,125.81,158.16,232.56,113.12,546.79,390.67,108.77,16.78,164.27
2025-05-01,212.02,190.20,87.84,134.67,145.86,195.43,127.42,160.65,230.48,113.34,569.90,420.46,111.45,16.22,170.21
2025-05-02,204.09,189.98,91.02,132.21,150.46,201.68,131.26,163.37,236.15,115.76,594.61,430.23,114.34,16.66,176.67
2025-05-05,197.67,186.35,90.38,130.85,153.99,198.79,130.01,163.54,239.64,113.64,596.85,431.11,113.66,16.72,173.83
2025-05-06,197.30,185.01,90.77,126.29,152.91,198.17,128.00,162.57,239.58,112.51,584.94,428.28,113.38,16.16,169.77
2025-05-07,195.05,188.71,86.45,126.32,155.26,202.84,130.04,150.77,243.67,115.04,594.40,428.32,116.90,16.38,172.00
2025-05-08,196.28,192.08,87.27,130.08,158.87,205.77,133.55,153.66,244.41,117.54,595.60,433.09,117.21,16.79,172.67
2025-05-09,197.32,193.06,86.52,129.37,158.01,206.20,133.15,152.13,241.25,116.89,590.10,433.64,116.49,16.73,173.95
2025-05-12,209.78,208.64,92.32,140.10,165.31,219.45,142.33,157.82,245.60,124.16,636.85,444.05,122.83,17.79,184.26
2025-05-13,211.91,211.37,97.25,141.68,165.24,230.19,141.94,158.88,250.35,125.82,653.38,443.93,129.75,18.08,191.17
2025-05-14,211.31,210.25,98.22,140.87,168.43,229.89,141.77,164.70,249.60,127.94,656.70,447.68,135.15,18.30,191.93
2025-05-15,210.43,205.17,96.07,140.63,161.60,230.41,140.18,163.30,258.18,124.57,641.28,448.69,134.64,17.69,191.40
2025-05-16,210.24,205.59,96.42,140.98,162.99,226.41,140.13,165.52,258.25,124.83,637.76,449.82,135.21,17.85,191.40
2025-05-19,207.78,206.16,96.70,139.78,161.54,228.41,138.93,165.87,259.85,124.43,637.85,454.38,135.38,17.78,190.69
2025-05-20,205.87,204.07,95.67,136.52,159.04,229.45,137.74,163.32,258.44,123.09,634.53,453.69,134.19,17.45,190.64
2025-05-21,201.12,201.12,92.43,128.08,152.29,227.52,131.33,167.88,252.55,116.76,632.94,448.14,131.62,16.60,188.97
2025-05-22,200.39,203.10,92.56,128.21,153.15,228.32,130.80,170.18,250.13,117.20,634.00,450.41,132.64,16.70,193.34
2025-05-23,194.33,200.99,91.20,128.27,153.54,226.52,130.02,167.79,250.38,116.19,624.53,445.77,131.11,16.73,189.19
2025-05-27,199.25,206.02,92.49,130.52,157.67,233.39,133.06,172.20,254.84,119.89,639.73,456.18,135.31,17.15,194.81
2025-05-28,199.46,204.72,92.79,128.90,157.09,237.13,132.21,171.66,251.94,120.01,640.98,452.88,134.62,17.20,193.29
2025-05-29,198.99,205.70,86.37,129.08,157.96,239.65,132.66,171.16,250.44,121.29,642.45,454.19,139.00,17.17,194.28
2025-05-30,199.88,205.01,86.64,128.09,158.53,239.74,132.54,171.04,250.80,120.43,644.88,455.85,134.94,17.11,190.51
2025-06-02,200.73,206.65,89.78,127.93,159.77,246.32,132.59,168.35,255.49,120.84,668.19,457.45,137.19,16.99,192.01
2025-06-03,202.29,205.71,94.50,128.49,161.44,254.38,132.78,165.51,256.74,119.46,664.16,458.44,141.02,17.15,194.74
2025-06-04,201.84,207.23,94.94,127.71,161.90,258.57,132.54,167.37,257.05,119.49,685.18,459.33,141.72,17.43,199.46
2025-06-05,199.67,207.91,95.18,127.69,162.83,257.43,131.59,167.53,258.35,119.62,681.86,463.10,139.79,17.42,200.38
2025-06-06,202.94,213.57,97.25,130.80,166.56,244.56,134.16,172.98,260.30,122.35,694.90,465.78,141.52,17.64,202.20
2025-06-09,200.48,216.98,96.80,130.86,165.05,241.93,133.71,175.59,263.41,122.20,691.26,468.12,142.43,17.58,203.99
2025-06-10,201.70,217.61,93.70,132.92,161.48,242.28,136.56,178.09,267.43,122.97,699.57,466.31,143.76,17.46,209.37
2025-06-11,197.82,213.20,94.21,135.29,161.67,250.48,135.06,176.85,272.54,124.93,691.34,467.99,142.64,17.56,210.99
2025-06-12,198.24,213.24,95.77,135.36,163.62,253.61,134.48,175.20,272.07,124.18,690.56,474.18,144.81,17.60,213.07
2025-06-13,195.51,212.10,92.35,129.48,159.55,246.31,130.30,174.17,268.38,120.30,680.12,470.31,141.78,17.13,208.79
2025-06-16,197.47,216.10,95.09,131.43,161.08,249.68,132.07,176.27,272.84,122.35,699.83,474.45,144.50,17.29,213.32
2025-06-17,194.70,214.82,89.68,129.73,159.30,246.97,129.61,175.45,274.03,120.03,694.95,473.36,143.93,17.02,211.56
2025-06-18,195.63,212.52,90.24,130.44,161.38,248.85,131.33,172.83,274.18,121.38,693.50,475.54,145.29,17.10,211.16
2025-06-20,200.03,209.69,86.25,131.85,159.86,248.17,131.52,166.17,272.01,121.56,680.12,472.73,143.66,17.14,207.22
2025-06-23,200.53,208.47,91.95,131.37,159.46,251.92,132.12,164.72,279.96,121.10,696.25,481.24,143.98,17.01,208.02
2025-06-24,199.34,212.77,94.97,137.13,163.77,261.85,137.60,166.30,284.42,126.69,709.87,485.31,147.70,17.50,217.68
2025-06-25,200.59,211.99,96.31,134.99,162.79,262.72,137.14,170.19,281.78,127.75,706.36,487.45,154.10,17.43,220.30
2025-06-26,200.03,217.12,101.59,136.58,165.02,268.20,141.54,173.05,282.62,130.82,723.72,492.58,154.81,17.58,221.56
2025-06-27,200.11,223.30,99.39,140.08,167.01,267.39,144.34,178.02,280.46,133.15,731.23,491.09,157.54,17.81,226.07
2025-06-30,204.18,219.39,102.31,139.05,167.03,273.64,142.88,175.73,285.38,131.90,735.68,492.54,157.78,17.59,224.01
2025-07-01,206.82,220.46,98.91,138.81,168.51,262.81,145.93,175.34,281.92,131.33,716.87,487.23,153.10,17.60,222.22
2025-07-02,211.42,219.92,101.13,139.94,171.64,267.94,146.68,178.13,278.48,133.39,711.24,486.28,157.04,17.77,231.04
2025-07-03,212.52,223.41,102.52,141.60,171.62,273.18,148.18,179.02,282.66,137.42,716.66,493.96,159.13,17.92,232.23
2025-07-07,208.94,223.47,101.47,138.72,168.63,272.19,146.14,176.29,283.14,134.39,716.00,492.85,158.03,17.69,226.66
2025-07-08,209.00,219.36,103.39,142.13,168.86,269.82,149.35,173.86,281.16,136.77,718.32,491.76,159.79,17.73,225.37
2025-07-09,210.12,222.54,106.28,143.73,170.67,275.88,151.57,176.12,280.89,138.04,730.39,498.58,162.66,17.80,229.30
2025-07-10,211.39,222.26,106.29,145.26,173.72,273.40,156.71,177.11,278.27,141.84,724.86,496.57,163.88,17.95,227.25
2025-07-11,210.14,225.02,108.57,144.25,171.05,272.38,154.74,179.68,274.55,139.85,715.17,498.39,164.70,17.32,227.88
2025-07-14,207.62,225.69,108.37,145.58,173.92,273.60,156.04,181.04,274.74,138.25,718.56,498.10,163.85,17.61,226.17
2025-07-15,208.10,226.35,107.37,142.82,168.28,278.90,152.64,181.48,273.69,136.05,708.07,500.87,170.47,17.23,234.36
2025-07-16,209.15,223.19,108.30,149.67,173.51,278.77,158.49,182.45,272.93,141.84,700.61,500.67,171.14,18.48,234.96
2025-07-17,209.01,223.88,111.98,152.95,176.65,284.37,164.76,183.06,273.01,146.35,699.12,506.69,172.77,19.05,242.91
2025-07-18,210.16,226.13,111.78,148.98,176.60,281.28,161.16,184.53,276.76,144.74,701.98,505.06,172.18,18.88,237.77
2025-07-21,211.46,229.30,111.61,145.73,172.52,286.11,159.22,189.56,275.63,143.06,710.64,505.07,171.15,18.34,236.24
2025-07-22,213.37,227.47,109.78,146.68,171.90,276.56,161.79,190.80,272.97,143.74,702.51,500.32,166.81,18.27,232.03
2025-07-23,213.12,228.29,113.04,148.83,174.14,281.63,164.26,189.69,273.02,147.00,711.25,500.92,170.55,18.70,237.70
2025-07-24,212.73,232.23,114.04,148.63,175.85,286.61,170.13,191.62,252.20,148.92,712.46,505.88,173.51,18.60,238.96
2025-07-25,212.85,231.44,114.28,148.13,179.59,288.07,170.12,192.63,251.44,150.87,710.35,508.68,173.27,18.34,242.91
2025-07-28,213.02,232.79,117.55,145.74,180.69,292.16,169.01,192.03,254.82,150.86,715.29,507.48,176.51,18.14,240.09
2025-07-29,210.25,231.01,118.62,144.88,181.24,295.26,169.11,195.19,254.04,149.72,697.71,507.55,175.28,18.18,238.69
2025-07-30,208.04,230.19,122.09,142.57,181.04,300.42,167.49,195.97,251.96,149.15,692.94,508.22,179.03,17.87,240.25
2025-07-31,206.57,234.11,123.22,142.43,178.92,291.56,165.21,191.35,245.08,145.34,770.91,528.28,177.63,17.72,238.98
2025-08-01,201.41,214.75,117.57,135.54,176.32,286.54,162.77,188.59,242.08,141.34,747.56,518.98,173.49,17.26,232.64
2025-08-04,202.37,211.65,120.35,139.20,181.84,295.55,163.85,194.49,243.95,143.90,773.83,530.40,179.76,17.72,236.39
2025-08-05,201.94,213.75,118.12,142.65,181.29,290.80,161.14,194.12,242.68,141.45,760.97,522.58,178.02,17.72,229.93
2025-08-06,212.22,222.31,138.78,142.97,182.55,299.48,162.75,195.53,244.24,143.33,769.47,519.80,179.18,17.90,228.84
2025-08-07,218.97,223.13,139.28,138.31,180.29,301.55,161.10,195.96,242.18,140.98,759.34,515.74,180.53,17.35,239.97
2025-08-08,228.25,222.69,139.18,139.15,181.72,302.75,162.33,200.85,236.13,141.46,766.79,516.93,182.46,18.09,239.18
2025-08-11,226.34,221.30,137.65,139.29,179.91,301.69,163.44,200.43,230.31,140.55,763.37,516.66,181.82,18.09,239.44
2025-08-12,228.80,221.47,141.25,141.73,185.90,310.55,166.97,202.76,228.82,146.18,787.42,524.06,182.92,18.61,241.62
2025-08-13,232.47,224.56,138.01,138.15,184.14,306.84,169.73,201.39,233.99,146.40,777.53,515.48,181.35,18.35,238.80
2025-08-14,231.92,230.98,136.48,137.88,183.67,308.97,167.87,202.36,231.10,145.01,779.57,517.37,181.78,18.21,238.36
2025-08-15,230.74,231.03,137.30,136.62,181.09,304.11,164.93,203.32,233.65,141.26,782.66,515.08,180.21,17.64,236.27
2025-08-18,230.04,231.49,138.04,137.12,182.53,303.54,162.62,202.92,233.38,140.18,764.86,512.04,181.77,17.76,238.77
2025-08-19,229.71,228.01,132.78,134.85,174.16,292.76,160.77,201.00,235.17,137.95,749.03,504.78,175.41,17.44,230.15
2025-08-20,225.18,223.81,131.47,133.14,172.56,289.05,158.06,198.75,236.40,137.10,745.28,500.77,175.17,17.20,226.10
2025-08-21,224.07,221.95,132.03,131.83,171.91,287.49,157.07,199.18,233.33,136.85,736.69,500.13,174.75,17.19,224.84
2025-08-22,226.92,228.84,133.25,132.02,174.62,291.86,163.85,205.50,235.96,140.75,752.32,503.09,177.75,17.41,230.44
2025-08-25,226.32,227.94,133.04,131.71,171.79,292.09,162.89,207.90,233.36,137.71,750.84,500.14,179.57,17.23,233.01
2025-08-26,228.47,228.71,134.27,132.21,172.56,295.84,164.75,206.55,236.48,139.07,751.64,497.94,181.53,17.29,236.11
2025-08-27,229.64,229.12,133.27,133.51,173.12,298.07,164.95,206.89,238.64,139.46,744.94,502.60,181.36,17.22,236.67
2025-08-28,231.70,231.60,136.23,134.17,173.85,306.40,165.31,211.04,239.50,139.08,748.66,505.48,179.93,17.31,235.66
2025-08-29,231.29,229.00,136.55,134.01,172.82,295.23,164.72,212.30,237.32,138.49,736.29,502.56,173.95,17.15,228.34
2025-09-02,228.87,225.34,135.87,133.63,173.38,296.07,162.94,210.75,235.38,137.74,732.71,501.00,170.55,17.08,225.89
2025-09-03,237.59,225.99,137.38,130.47,170.52,300.19,160.82,230.00,237.91,133.86,734.64,501.23,170.39,16.59,228.86
2025-09-04,238.90,235.68,141.17,132.57,173.64,303.87,163.28,231.64,240.92,136.36,746.20,503.82,171.43,16.72,232.64
2025-09-05,238.81,232.33,142.85,129.41,171.00,332.45,163.36,234.33,242.23,134.55,749.99,490.96,166.80,16.48,240.75
2025-09-08,237.00,235.84,140.01,132.25,169.97,343.14,166.54,233.58,249.60,137.69,749.84,494.13,168.09,16.69,244.49
2025-09-09,233.49,238.24,141.91,132.23,168.84,334.22,166.42,239.16,252.54,136.40,763.20,494.34,170.53,16.47,248.18
2025-09-10,225.96,230.33,150.72,131.46,172.56,366.88,171.28,238.70,250.37,138.29,749.52,496.29,177.09,17.24,257.59
2025-09-11,229.18,229.95,153.04,134.18,178.13,357.01,176.75,239.90,250.50,143.97,748.45,496.92,176.94,17.37,256.08
2025-09-12,233.21,228.15,139.39,135.78,176.28,357.25,174.28,240.33,247.02,142.31,753.12,505.74,177.59,17.37,256.49
2025-09-15,235.83,231.43,145.43,136.23,173.51,361.44,176.63,251.12,249.75,143.61,762.20,511.15,177.52,17.22,258.52
2025-09-16,237.27,234.05,142.16,137.77,173.33,357.38,176.56,250.67,250.99,143.34,776.46,504.89,174.66,17.18,260.01
2025-09-17,238.11,231.62,142.84,136.56,173.60,343.65,176.46,249.04,252.52,143.36,773.19,505.86,170.07,17.18,260.74
2025-09-18,237.00,231.23,146.66,141.15,178.00,342.84,181.32,251.54,258.29,148.27,777.70,504.30,176.02,17.68,266.54
2025-09-19,244.60,231.48,149.61,142.39,177.59,342.43,180.31,254.22,259.65,147.85,775.84,513.70,176.44,17.51,262.80
2025-09-22,255.14,227.63,145.40,141.62,176.61,336.90,178.40,252.04,264.49,145.89,763.18,510.25,183.38,17.15,270.50
2025-09-23,253.49,220.71,144.09,142.53,175.79,337.05,177.70,251.17,265.34,146.19,753.44,505.07,178.20,17.27,280.50
2025-09-24,251.38,220.21,142.64,134.93,163.26,337.42,171.14,246.66,260.75,136.95,758.69,505.99,176.74,16.02,278.52
2025-09-25,255.92,218.15,143.06,133.91,158.49,334.23,168.75,245.31,274.31,134.68,746.97,502.89,177.46,16.08,274.50
2025-09-26,254.52,219.78,142.50,135.39,158.23,332.67,168.49,246.06,277.11,133.05,741.82,507.29,177.96,16.45,271.22
2025-09-29,253.49,222.17,143.37,136.19,158.59,326.07,169.27,243.57,272.71,133.51,741.47,510.40,181.62,16.27,271.09
2025-09-30,253.69,219.57,145.71,131.10,155.16,328.07,164.19,242.63,275.01,129.01,732.47,513.72,186.34,15.68,277.11
2025-10-01,254.51,220.63,149.27,127.83,149.58,331.53,161.55,244.42,279.23,126.55,715.48,515.47,187.00,14.95,286.21
2025-10-02,256.18,222.41,144.46,125.16,146.16,336.30,160.09,245.21,279.46,123.73,725.16,511.53,188.65,14.87,285.86
2025-10-03,257.07,219.51,145.50,123.84,147.89,336.48,161.88,244.87,281.06,126.73,708.72,513.13,187.38,15.07,289.91
2025-10-06,255.75,220.90,149.50,124.64,145.66,333.62,160.38,249.94,282.09,125.96,713.80,524.26,185.30,15.30,300.04
2025-10-07,255.54,221.78,145.29,124.00,144.24,334.54,158.48,245.28,286.42,123.82,711.23,519.70,184.80,14.92,291.73
2025-10-08,257.11,225.22,157.36,122.77,145.37,343.57,156.13,244.14,282.13,123.83,715.98,520.57,188.87,15.29,302.14
2025-10-09,253.11,227.74,158.23,121.53,142.91,343.10,154.39,241.06,280.93,123.17,731.61,518.14,192.32,15.05,297.54
2025-10-10,244.37,216.37,154.10,116.30,136.71,322.82,147.78,236.11,270.78,116.97,703.47,506.79,182.93,14.30,278.47
2025-10-13,246.75,220.07,147.45,120.45,139.38,354.71,151.99,243.67,270.20,119.57,713.84,509.86,188.08,14.93,300.52
2025-10-14,246.86,216.39,138.79,125.56,145.16,342.21,157.59,244.97,269.15,125.07,706.81,509.38,179.80,15.52,293.63
2025-10-15,248.42,215.57,143.38,125.62,146.62,349.37,157.52,250.54,273.64,123.56,715.69,509.24,179.60,15.86,302.33
2025-10-16,246.54,214.47,146.01,118.87,137.06,352.18,151.81,250.97,268.98,116.67,710.22,507.43,181.58,14.72,297.50
2025-10-17,251.36,213.04,143.10,119.40,137.67,347.38,150.22,252.81,274.15,116.75,715.06,509.39,182.99,14.99,292.77
2025-10-20,261.27,216.48,146.48,123.15,142.27,347.29,154.19,256.05,276.46,119.25,730.27,512.57,182.41,15.45,295.37
2025-10-21,261.80,222.03,145.94,123.93,145.67,340.75,155.14,249.97,274.90,122.79,731.37,513.44,180.93,15.79,292.21
2025-10-22,257.50,217.95,146.59,124.47,145.66,338.40,155.42,251.20,280.23,122.41,731.51,516.29,180.05,15.90,286.62
2025-10-23,258.62,221.09,152.76,121.05,144.04,342.37,148.94,252.59,277.78,120.09,732.10,516.31,181.93,15.11,288.46
2025-10-24,261.85,224.21,153.82,122.97,144.92,352.16,148.57,259.41,299.67,120.37,736.44,519.34,186.02,15.45,292.65
2025-10-27,267.82,226.97,156.81,124.31,146.51,360.03,147.85,268.74,305.16,121.38,748.87,527.18,191.25,15.64,295.92
2025-10-28,268.01,229.25,156.77,122.44,146.47,370.89,145.78,266.95,304.65,119.74,749.49,537.65,200.77,15.31,299.17
2025-10-29,268.71,230.30,162.03,122.85,146.07,383.83,143.11,274.03,300.40,117.70,749.72,537.13,206.78,15.34,302.70
2025-10-30,270.40,222.86,158.44,121.44,142.93,374.37,142.61,280.93,302.20,117.26,664.74,521.47,202.63,14.69,300.85
2025-10-31,269.37,244.22,157.69,122.29,144.31,367.57,140.92,280.64,299.62,117.48,646.67,513.58,202.23,14.61,298.08
2025-11-03,268.06,254.00,157.59,121.93,150.90,360.53,140.02,283.17,297.01,116.78,636.06,512.81,206.62,14.97,302.48
2025-11-04,269.05,249.32,153.55,128.39,148.49,349.98,138.50,277.00,293.23,117.44,625.69,510.13,198.44,14.51,291.75
2025-11-05,269.15,250.20,140.42,131.57,148.72,356.98,139.92,283.75,299.00,118.03,634.30,503.02,194.96,14.53,291.34
2025-11-06,268.78,243.04,134.02,126.88,146.79,353.61,139.06,284.19,304.50,118.45,617.33,493.04,187.84,13.85,286.98
2025-11-07,267.48,244.41,134.65,130.22,149.33,347.48,141.50,278.29,298.62,120.45,620.10,492.77,187.91,14.29,284.26
2025-11-10,268.70,248.40,137.26,128.79,148.81,356.39,139.91,289.53,302.96,119.25,630.12,501.87,198.80,14.02,292.96
2025-11-11,274.50,249.10,134.93,130.72,149.32,350.00,140.56,290.74,307.46,120.49,625.45,504.53,192.91,14.17,288.89
2025-11-12,272.73,244.20,134.98,131.41,149.15,353.24,139.96,286.15,308.69,122.18,607.43,506.97,193.55,14.17,288.35
2025-11-13,272.21,237.58,130.30,126.61,144.08,338.09,135.28,278.03,298.77,119.88,608.31,499.18,186.62,13.93,279.99
2025-11-14,271.67,234.69,131.37,128.47,142.07,340.55,137.13,275.87,299.59,119.06,607.88,506.02,189.93,13.74,282.59
2025-11-17,266.73,232.87,127.26,122.80,137.86,340.74,134.20,284.46,291.24,113.37,600.45,503.35,186.36,12.94,279.81
2025-11-18,266.71,222.55,123.45,122.78,138.47,338.60,132.37,283.72,284.16,113.53,596.14,489.76,181.13,13.08,275.74
2025-11-19,267.83,222.69,124.81,125.62,140.88,352.44,134.43,292.24,282.77,116.83,588.79,483.14,186.28,12.96,280.16
2025-11-20,265.53,217.14,119.59,125.19,140.04,344.89,134.20,288.88,284.60,113.76,587.62,475.41,180.41,12.92,275.33
2025-11-21,270.75,220.69,117.43,128.40,143.07,338.30,138.33,299.07,291.50,118.00,592.71,469.14,178.65,13.19,272.91
2025-11-24,275.17,226.28,122.17,128.48,145.67,375.85,137.11,317.96,298.05,117.18,611.46,471.01,182.32,13.31,282.41
2025-11-25,276.22,229.67,125.04,129.00,148.35,382.88,139.06,322.81,298.40,120.13,634.57,473.98,177.59,13.58,282.45
2025-11-26,276.80,229.16,127.65,128.65,149.98,395.35,140.51,319.33,297.16,120.15,631.97,482.44,180.03,13.86,287.69
2025-11-28,278.09,233.22,130.68,130.21,152.21,400.71,141.96,319.55,302.42,121.62,646.27,488.91,176.77,14.10,289.23
2025-12-01,282.33,233.88,128.11,129.76,154.79,383.93,141.89,314.28,299.57,121.50,639.21,483.67,179.69,14.13,285.43
2025-12-02,285.41,234.42,127.22,130.44,155.19,379.44,142.27,315.19,295.76,121.99,645.42,486.91,181.23,14.02,289.81
2025-12-03,283.38,232.38,127.80,132.83,157.26,378.49,146.91,319.01,296.58,125.76,637.94,474.72,179.36,14.72,293.14
2025-12-04,279.94,229.11,128.55,135.05,158.25,378.91,146.78,317.00,301.84,127.70,659.81,477.81,183.16,15.10,290.64
2025-12-05,278.02,229.53,128.59,136.41,160.57,388.07,147.52,320.64,301.79,128.69,671.67,480.11,182.19,15.27,292.42
2025-12-08,277.14,226.89,129.11,135.67,159.40,398.86,146.76,313.31,303.01,129.50,665.07,487.92,185.32,15.06,299.51
2025-12-09,276.43,227.92,130.04,142.10,170.99,404.03,151.27,316.67,304.28,135.01,655.26,488.92,184.74,15.67,301.04
2025-12-10,278.02,231.78,132.36,147.23,173.01,410.67,151.83,319.79,306.43,140.74,648.44,475.54,183.56,15.57,307.72
2025-12-11,277.28,230.28,134.39,148.46,171.64,404.11,149.42,312.02,304.54,141.96,651.02,480.42,180.71,15.14,303.28
2025-12-12,277.52,226.19,124.76,146.21,168.64,357.92,146.58,308.89,303.07,135.83,642.56,475.51,174.81,14.71,290.54
2025-12-15,273.37,222.54,125.89,145.01,167.57,337.92,145.76,307.82,302.50,134.05,646.36,471.83,176.08,14.65,286.26
2025-12-16,273.86,222.56,126.13,145.32,168.48,339.40,147.46,306.17,297.13,132.62,655.98,473.39,177.50,14.88,285.40
2025-12-17,271.10,221.27,122.36,144.58,164.59,324.20,148.52,296.33,297.26,131.40,648.34,473.12,170.73,14.47,275.54
2025-12-18,271.45,226.76,124.62,144.48,162.78,328.04,149.05,302.07,294.45,131.22,663.27,480.93,173.93,14.55,283.22
2025-12-19,272.93,227.35,131.12,144.52,161.82,338.46,146.97,306.76,294.97,129.87,657.60,482.86,180.77,14.47,287.46
2025-12-22,270.23,228.43,130.73,147.04,166.33,340.20,151.08,309.38,296.75,130.68,660.32,481.86,183.47,14.93,291.77
2025-12-23,271.62,232.14,131.32,146.53,164.81,348.04,150.43,313.94,297.72,130.26,663.76,483.78,188.98,14.74,295.42
2025-12-24,273.07,232.38,130.77,147.00,165.13,348.93,150.83,313.68,298.48,130.04,666.36,484.94,188.38,14.53,297.26
2025-12-26,272.66,232.52,131.84,146.68,164.80,350.84,150.68,313.10,299.00,129.67,662.11,484.64,190.30,14.13,301.28
2025-12-29,273.02,232.07,134.15,145.44,165.12,348.11,150.41,313.15,299.64,128.69,657.52,484.03,187.99,14.33,299.37
2025-12-30,272.34,232.53,132.44,144.25,159.43,348.57,150.07,313.44,296.02,127.91,664.76,484.41,187.31,14.09,298.04
2025-12-31,271.12,230.82,131.03,142.96,157.87,344.83,149.45,312.59,290.30,126.76,658.91,480.57,186.27,14.04,302.33
2026-01-02,270.27,226.50,133.60,144.79,162.46,346.34,153.96,314.74,285.68,128.17,649.25,469.96,188.62,14.39,317.97
2026-01-05,266.53,233.06,137.19,147.90,168.05,342.16,157.41,316.13,289.08,133.81,657.62,469.87,187.89,14.92,320.59
2026-01-06,261.65,240.93,132.58,150.80,171.90,342.51,157.70,313.93,296.43,135.05,659.44,475.49,187.01,15.08,325.75
2026-01-07,259.62,241.56,130.08,142.49,166.83,342.24,148.91,321.56,290.81,130.09,647.53,480.42,188.88,14.64,317.04
2026-01-08,258.34,246.29,123.72,144.37,171.66,331.26,150.57,325.02,296.68,132.88,644.91,475.10,184.81,14.83,316.38
2026-01-09,258.67,247.38,122.89,144.01,171.82,343.70,152.82,328.14,298.15,133.89,651.90,476.26,184.63,14.79,321.97
2026-01-12,259.54,246.47,123.42,142.12,170.23,350.92,151.81,331.43,305.95,133.21,640.83,474.17,184.71,14.83,330.06
2026-01-13,260.34,242.60,129.93,141.46,165.27,353.31,150.52,335.53,297.11,129.34,629.97,467.70,185.58,14.38,329.51
2026-01-14,259.25,236.65,125.09,142.27,165.97,338.64,153.88,335.40,302.86,131.33,614.42,456.48,182.92,14.66,325.43
2026-01-15,257.51,238.18,130.59,142.36,165.62,341.76,155.91,332.35,292.00,130.58,619.69,453.78,186.82,14.84,339.88
2026-01-16,254.84,239.12,129.83,142.09,165.74,350.42,158.52,329.57,299.57,130.68,619.15,456.96,186.00,14.97,340.64
2026-01-20,246.03,231.00,127.52,136.92,159.36,331.38,149.22,321.58,285.53,122.20,603.04,451.65,177.85,14.43,325.48
2026-01-21,246.98,231.31,127.29,137.80,158.56,327.59,151.22,327.95,291.60,123.63,611.87,441.31,183.10,14.81,324.44
2026-01-22,247.68,234.34,138.41,137.99,157.76,324.30,150.19,330.11,288.79,122.78,646.48,448.30,184.61,14.75,325.69
2026-01-23,247.37,239.16,136.34,134.62,152.26,318.88,145.90,327.50,286.60,120.56,657.59,463.01,187.44,14.23,333.15
2026-01-26,254.72,238.42,143.72,129.93,146.21,323.66,145.50,332.83,290.41,117.98,671.16,467.32,186.24,13.73,331.00
2026-01-27,257.57,244.68,146.69,130.08,145.90,331.57,143.89,334.12,287.99,115.34,671.77,477.55,188.29,13.66,336.60
2026-01-28,255.74,243.01,150.15,131.24,146.31,332.02,142.32,335.57,288.29,116.11,667.54,478.59,191.29,13.63,340.54
2026-01-29,257.58,241.73,148.15,132.82,148.16,329.52,138.59,337.81,303.07,114.33,737.00,430.77,192.28,13.15,337.80
2026-01-30,258.78,239.30,141.74,132.87,146.19,330.08,138.08,337.56,300.58,113.61,715.22,427.58,190.90,12.82,328.86
2026-02-02,269.28,242.96,138.37,131.54,143.06,329.89,136.98,343.24,308.45,113.71,705.15,420.70,185.38,12.61,339.61
2026-02-03,268.75,238.62,139.39,125.27,128.54,319.15,129.80,339.27,288.43,102.70,690.47,408.62,180.12,11.38,334.02
2026-02-04,275.74,232.99,130.28,131.15,134.03,306.92,130.44,332.61,283.28,104.18,667.80,411.58,173.98,11.34,324.07
2026-02-05,275.16,222.69,128.67,124.51,119.03,309.37,122.97,330.82,284.10,98.61,669.02,391.19,171.67,10.93,329.03
2026-02-06,277.37,210.32,137.49,131.38,127.42,331.70,125.74,322.44,292.96,102.62,660.28,398.61,185.18,11.77,347.06
2026-02-09,274.13,208.72,141.74,132.29,134.06,342.68,128.90,323.90,290.42,106.68,676.01,410.99,189.81,11.88,353.58
2026-02-10,273.19,206.96,143.45,130.78,133.80,339.19,131.25,318.17,287.57,106.60,669.53,410.66,188.31,12.19,360.05
2026-02-11,275.01,204.08,140.66,125.37,134.18,341.50,130.91,310.56,268.89,104.47,667.50,401.82,189.82,11.85,372.17
2026-02-12,261.26,199.60,135.12,123.81,130.82,329.95,127.28,308.60,255.79,100.55,648.65,399.31,186.71,11.74,366.21
2026-02-13,255.32,198.79,141.59,123.52,130.76,323.98,127.37,305.32,258.61,101.15,638.63,398.79,182.59,11.56,364.48
2026-02-17,263.41,201.15,142.58,123.60,127.38,331.32,128.87,301.63,254.60,102.16,638.15,394.36,184.74,11.36,362.33
2026-02-18,263.88,204.79,139.54,123.80,130.85,332.29,130.35,302.94,257.04,103.20,642.07,397.08,187.75,11.57,360.40
2026-02-19,260.12,204.86,137.23,117.35,126.83,332.76,123.35,302.46,252.60,101.25,643.63,396.85,187.67,10.89,358.54
2026-02-20,264.11,210.11,132.79,118.72,120.29,331.43,118.94,314.57,253.46,100.79,654.49,395.63,189.59,10.36,368.64
2026-02-23,265.71,205.27,127.43,112.78,111.90,329.13,111.53,311.09,220.14,91.83,636.12,382.92,191.32,10.01,368.14
2026-02-24,271.66,208.56,128.77,113.17,114.43,324.30,114.18,310.50,226.02,95.35,638.16,387.43,192.62,10.29,383.77
2026-02-25,273.74,210.64,132.89,116.23,116.41,331.09,115.95,312.49,234.12,96.26,652.53,398.98,195.32,10.88,385.74
2026-02-26,272.46,207.92,130.25,113.44,115.33,320.52,115.69,306.98,238.53,93.26,655.84,400.10,184.66,10.76,374.87
2026-02-27,263.71,210.00,133.50,103.72,109.40,318.38,111.19,311.35,236.76,87.34,647.03,391.15,176.97,10.11,372.65
2026-03-02,264.25,208.39,129.30,105.56,110.72,317.65,113.12,306.12,235.93,90.26,652.40,396.94,182.26,10.24,367.21
2026-03-03,263.28,208.73,124.60,106.18,110.03,312.69,108.79,303.19,241.75,90.20,653.91,402.30,179.83,9.84,351.32
2026-03-04,262.05,216.82,134.83,108.87,113.51,316.36,111.95,302.74,246.46,93.47,666.54,403.56,182.82,9.91,355.60
2026-03-05,259.83,218.94,139.40,110.31,114.32,331.55,113.33,300.49,252.86,95.22,659.39,409.02,183.12,9.99,352.04
2026-03-06,257.00,213.21,132.89,107.79,107.45,329.27,108.28,298.13,255.13,90.98,643.71,407.31,177.60,9.48,337.15
2026-03-09,259.42,213.49,137.17,107.23,106.32,344.48,108.53,306.18,249.69,90.59,646.24,407.76,182.43,9.40,346.91
2026-03-10,260.37,214.33,139.62,107.26,106.15,341.32,107.85,306.86,246.60,89.61,652.91,404.12,184.54,9.07,345.31
2026-03-11,260.35,212.65,138.23,105.21,101.05,340.32,105.19,308.52,245.29,86.79,653.69,403.25,185.81,8.65,352.74
2026-03-12,255.30,209.53,134.03,99.46,94.25,334.74,100.16,303.37,244.12,83.56,637.04,400.24,182.93,8.25,334.98
2026-03-13,249.67,207.67,133.57,103.56,99.39,320.98,104.73,302.10,242.74,85.60,612.62,393.95,180.04,8.39,336.57
2026-03-16,252.37,211.74,135.35,102.58,98.17,323.73,105.06,305.38,245.67,85.77,626.87,398.34,183.01,8.40,338.48
2026-03-17,253.78,215.20,133.07,107.98,104.62,320.13,109.85,310.73,252.43,88.63,622.08,397.80,181.72,8.77,345.17
2026-03-18,249.49,209.87,136.07,110.27,104.91,314.77,111.35,307.51,247.98,90.28,615.11,390.21,180.19,8.73,338.78
2026-03-19,248.52,208.76,136.26,110.44,106.91,318.67,111.29,306.95,246.77,90.25,606.14,387.45,178.35,8.74,338.00
2026-03-20,247.55,205.37,131.22,111.06,104.81,309.37,108.31,300.82,238.29,89.65,593.11,380.33,172.50,8.74,328.47
2026-03-23,251.04,210.14,135.88,109.52,106.05,322.00,107.25,301.88,244.87,90.49,603.50,381.45,175.44,8.71,337.66
2026-03-24,251.19,207.24,130.80,110.32,104.98,317.79,105.91,290.27,237.13,90.56,592.37,371.24,175.00,8.59,342.45
2026-03-25,252.17,211.71,135.01,108.88,105.44,318.31,106.30,290.76,237.92,88.57,594.34,369.54,178.47,8.66,346.94
2026-03-26,252.44,207.54,122.55,109.06,106.84,308.93,107.53,280.75,238.20,89.64,547.03,364.49,171.04,8.65,325.35
2026-03-27,248.36,199.34,120.77,107.51,105.22,300.20,106.00,274.18,232.94,88.16,525.23,355.33,167.32,8.47,325.98
2026-03-30,246.19,200.95,116.13,109.03,106.59,292.95,109.46,273.34,233.84,90.01,535.88,357.51,164.98,8.69,315.76
2026-03-31,253.34,208.27,122.78,110.49,108.01,309.02,112.78,287.39,238.91,92.14,571.60,368.68,174.20,8.75,337.16
2026-04-01,255.17,210.57,124.85,109.33,104.74,312.99,112.14,297.21,239.64,91.01,578.69,367.88,175.55,8.35,340.69
2026-04-02,255.46,209.77,126.68,106.14,101.41,314.05,110.88,295.59,244.59,90.88,573.93,371.95,177.18,8.22,338.25
2026-04-06,258.40,212.79,126.25,105.22,101.80,313.93,110.09,299.81,243.19,90.70,572.49,371.38,177.43,8.10,340.96
2026-04-07,253.05,213.77,133.64,104.48,101.22,333.44,110.57,305.28,241.55,90.40,574.52,370.79,177.89,8.12,344.51
2026-04-08,258.44,221.25,145.07,106.15,103.78,350.08,115.41,317.13,238.26,93.60,611.85,372.82,181.87,7.98,365.05
2026-04-09,260.03,233.65,146.05,106.08,103.75,354.35,114.66,318.30,233.77,92.47,627.81,371.56,183.70,7.94,364.64
2026-04-10,260.02,238.38,147.35,103.41,99.46,370.96,112.63,317.05,227.44,90.87,629.28,369.37,188.41,7.89,369.73
2026-04-13,258.74,239.89,152.02,109.03,105.62,379.15,119.48,321.12,234.40,97.76,633.94,382.82,189.09,8.10,368.71
2026-04-14,258.37,249.02,154.37,113.86,111.49,380.18,123.91,332.71,236.82,100.04,661.88,391.52,196.28,8.79,379.00
2026-04-15,265.96,248.50,154.33,119.53,118.09,396.09,127.69,336.92,241.28,103.45,670.96,409.56,198.64,9.51,374.22
2026-04-16,262.93,249.70,161.01,119.80,115.06,397.84,125.67,335.82,247.39,101.63,676.24,418.56,198.12,9.25,362.50
2026-04-17,269.75,250.56,164.23,123.57,116.61,405.90,126.60,341.48,249.83,103.20,687.91,421.08,201.45,9.44,369.63
2026-04-20,272.56,248.28,166.85,126.26,117.59,399.00,126.52,337.22,250.06,103.52,670.29,416.38,201.82,9.48,365.38
2026-04-21,265.70,249.91,172.86,126.19,118.64,401.53,126.03,332.09,252.00,104.05,668.22,422.45,199.65,9.46,367.22
2026-04-22,272.68,255.36,177.73,127.98,119.84,421.98,127.24,339.12,248.24,105.51,674.10,431.17,202.26,9.51,386.53
2026-04-23,272.94,255.08,172.55,123.72,113.64,419.28,119.98,338.69,227.76,101.25,658.54,414.07,199.41,9.03,381.77
2026-04-24,270.58,263.99,176.91,123.22,114.08,422.09,119.32,344.19,228.64,101.44,674.40,422.91,208.03,8.80,401.52
2026-04-27,267.13,261.12,172.47,122.30,111.06,417.54,118.06,350.13,224.77,100.31,677.99,423.11,216.36,8.55,404.03
2026-04-28,270.23,259.70,165.29,122.53,111.88,399.20,119.19,349.57,229.69,101.01,670.72,427.52,212.92,8.49,391.42
2026-04-29,269.69,263.04,168.68,121.25,109.75,404.81,117.53,349.73,223.84,98.94,668.50,422.75,209.01,8.51,392.91
2026-04-30,270.87,265.06,172.71,127.64,116.23,416.77,123.17,384.57,227.66,103.94,611.34,406.13,199.34,9.35,395.13
2026-05-01,279.64,268.26,172.70,129.37,117.81,420.61,123.93,385.46,228.86,103.28,608.19,412.77,198.22,9.57,396.74
2026-05-04,276.34,272.05,172.62,128.11,118.78,415.84,121.85,383.02,226.18,102.93,609.84,411.95,198.25,9.70,400.67
2026-05-05,283.67,273.55,170.22,129.21,121.73,426.68,121.48,388.20,225.74,101.61,604.40,409.72,196.27,10.31,393.49
2026-05-06,287.00,274.99,147.06,128.44,122.62,424.77,123.43,397.80,222.49,100.40,612.31,412.29,207.59,10.10,418.52
2026-05-07,286.93,271.17,141.75,126.72,121.92,411.91,121.09,397.75,227.98,99.95,616.24,419.07,211.25,9.92,413.18
2026-05-08,292.80,272.68,141.77,132.08,124.99,429.32,122.52,400.56,228.12,102.13,609.07,413.44,214.95,10.12,410.72
2026-05-11,292.43,268.99,136.43,129.37,123.37,427.75,120.17,388.41,221.96,99.08,598.31,410.99,219.18,9.66,403.59
2026-05-12,294.55,265.82,142.54,130.82,122.43,418.64,121.52,387.12,217.66,99.09,602.44,406.12,220.52,9.59,396.35
2026-05-13,298.61,270.13,140.69,130.50,121.95,416.13,118.41,402.38,213.11,97.05,616.06,403.57,225.57,9.59,398.87
2026-05-14,297.95,267.22,147.81,134.38,127.25,439.10,121.22,400.83,216.81,99.19,617.86,407.78,235.47,9.63,416.74
2026-05-15,299.97,264.14,141.97,134.24,122.18,424.52,116.70,396.54,217.74,96.79,613.66,420.22,225.06,9.28,403.41
2026-05-18,297.58,264.86,141.71,132.95,122.47,420.05,115.86,396.70,221.16,95.79,610.64,421.83,222.06,9.31,395.02
2026-05-19,298.71,259.34,141.58,130.60,119.90,410.42,113.11,387.43,220.75,92.74,602.05,415.74,220.35,9.25,391.69
2026-05-20,301.99,265.01,140.49,131.68,120.89,417.10,115.65,388.68,223.40,94.16,604.50,419.36,223.21,9.55,400.68
2026-05-21,304.73,268.46,148.59,130.35,122.75,413.91,117.37,387.43,251.17,94.58,606.82,418.30,219.25,10.01,406.20
2026-05-22,308.55,266.32,154.03,127.97,123.17,413.49,117.31,382.74,252.03,93.86,609.69,417.78,215.08,9.87,403.57
2026-05-26,308.06,265.29,158.01,129.36,124.03,421.34,116.93,388.65,248.90,94.81,611.77,415.25,214.61,9.91,411.36
2026-05-27,310.58,271.85,154.31,129.72,125.32,421.19,116.81,388.60,253.38,94.85,634.67,411.89,212.35,9.94,421.74
2026-05-28,312.24,274.00,155.27,126.97,124.74,425.91,114.97,389.90,262.34,93.85,634.70,426.19,214.00,9.74,423.87
2026-05-29,311.79,270.64,159.47,128.17,127.22,446.06,115.79,380.11,295.68,95.76,631.92,449.39,210.89,10.09,417.47
2026-06-01,306.05,261.26,170.68,127.68,127.46,459.24,115.76,376.15,318.14,94.83,599.91,459.65,224.10,10.27,434.61
2026-06-02,314.93,256.52,175.33,128.22,127.00,480.81,113.75,361.63,326.89,94.27,597.08,440.48,222.56,9.88,445.65
2026-06-03,309.99,250.02,174.37,123.83,121.87,478.47,109.17,358.78,303.45,90.36,622.40,426.54,214.50,9.51,435.67
2026-06-04,310.96,253.79,166.01,127.87,129.20,418.25,117.35,371.97,299.62,95.28,626.99,427.25,218.66,10.00,443.88
2026-06-05,307.08,246.03,154.27,127.49,124.40,385.12,114.19,368.31,282.81,93.22,592.45,415.89,205.10,9.62,414.20
2026-06-08,301.28,245.22,156.40,127.03,125.60,395.97,113.04,363.31,278.82,93.03,584.85,410.97,208.64,9.24,425.80
2026-06-09,290.30,244.19,152.16,132.14,129.31,391.54,119.08,364.26,275.51,95.66,584.05,402.65,208.19,9.41,426.92
2026-06-10,291.33,238.00,151.76,130.59,127.03,371.51,117.28,356.38,270.42,94.84,570.45,396.61,200.42,9.29,407.80
2026-06-11,295.38,241.51,156.40,133.35,131.50,384.96,119.66,357.77,272.89,95.12,567.90,389.61,204.87,9.54,421.07
2026-06-12,290.88,238.55,163.24,133.32,133.55,381.47,121.55,359.68,270.30,96.06,566.45,390.01,205.19,9.50,423.93
2026-06-15,296.16,246.02,169.09,135.54,134.01,393.32,123.37,369.35,266.80,97.89,593.48,399.01,212.45,9.43,441.40
2026-06-16,298.98,246.00,168.01,137.90,134.98,376.11,126.58,373.25,268.88,98.78,600.21,393.09,207.41,9.65,425.83
2026-06-17,295.69,237.50,164.93,138.33,128.35,392.28,123.75,363.79,260.48,96.99,567.58,378.20,204.65,9.31,432.15
2026-06-18,297.75,244.39,169.67,136.92,129.34,410.70,122.54,368.03,247.33,96.83,577.22,378.69,210.69,9.35,462.12
2026-06-22,296.75,232.79,174.56,134.64,125.90,392.13,122.02,349.68,250.42,96.72,563.85,366.65,208.65,9.06,467.67
2026-06-23,294.05,234.11,162.20,130.06,120.78,380.15,118.86,346.13,263.05,93.32,562.20,373.24,200.04,8.74,436.39
2026-06-24,292.83,234.27,161.74,122.08,113.87,382.07,111.85,345.29,261.09,91.34,557.67,364.77,199.00,8.31,440.83
2026-06-25,274.91,227.01,165.45,121.00,112.47,378.91,113.03,343.71,256.43,92.47,542.87,352.17,195.74,8.32,434.99
2026-06-26,283.54,232.69,157.60,117.79,109.13,365.02,114.23,337.39,269.70,89.96,550.25,372.27,192.53,8.41,432.35
2026-06-29,281.50,240.14,164.10,114.35,107.60,372.45,113.72,353.65,276.02,88.77,562.60,367.88,194.97,8.36,455.10
2026-06-30,289.11,238.34,169.88,117.81,111.31,377.75,116.48,357.37,279.21,91.61,563.29,372.32,200.09,8.59,477.57
2026-07-01,294.13,241.70,166.62,117.94,113.63,369.34,118.34,361.21,284.21,92.38,612.91,383.56,197.58,8.48,444.23
2026-07-02,308.36,242.67,159.99,118.11,116.90,360.45,121.54,359.91,287.46,93.66,582.90,389.76,194.83,8.87,434.16
2026-07-06,312.39,244.16,173.28,121.66,121.83,373.90,122.17,366.46,297.39,95.79,600.29,386.01,195.55,9.31,451.79
2026-07-07,310.39,245.98,166.46,118.83,120.70,370.78,119.67,367.03,303.95,94.96,615.58,388.11,196.93,9.21,432.57
2026-07-08,313.12,243.62,181.05,117.64,118.00,388.69,117.42,361.92,299.90,93.12,603.12,382.62,204.12,9.07,436.98
2026-07-09,315.95,247.04,184.69,119.34,121.66,401.11,120.92,358.89,293.20,96.09,631.48,383.64,202.78,9.12,436.96
2026-07-10,315.05,245.34,186.96,119.83,121.81,399.97,121.85,357.18,285.51,96.76,669.21,384.38,210.96,9.18,434.11
2026-07-13,317.04,247.31,181.15,118.33,120.45,384.05,120.81,352.51,288.16,96.73,656.73,390.26,203.53,9.12,421.58
2026-07-14,314.59,247.49,182.57,119.43,120.30,389.11,123.30,359.51,215.52,97.03,661.04,384.21,211.80,9.44,420.39
2026-07-15,327.22,254.96,171.92,121.32,124.79,394.28,125.77,370.92,209.70,100.76,681.31,394.89,212.50,9.51,419.48
2026-07-16,332.97,249.89,168.56,122.82,125.43,374.45,127.67,354.46,217.49,102.56,664.54,400.35,207.40,9.44,409.74
2026-07-17,333.45,247.23,168.61,119.96,125.68,370.83,125.63,346.77,211.16,100.75,646.01,393.08,202.81,9.34,398.37
2026-07-20,326.31,249.99,169.35,117.74,121.27,378.16,122.36,351.99,211.48,96.79,645.85,401.53,203.28,9.17,402.30
2026-07-21,327.46,247.55,174.58,117.90,120.78,386.50,122.90,347.15,209.00,96.93,643.81,397.00,207.29,9.21,424.61
2026-07-22,325.61,244.85,174.87,118.54,119.57,396.81,121.58,342.09,204.30,95.35,627.17,389.61,212.06,8.99,421.21
2026-07-23,321.38,233.66,176.61,118.50,121.28,392.47,123.24,317.69,205.18,95.79,606.10,380.86,208.76,9.04,415.58
2026-07-24,332.73,232.11,173.99,122.09,126.51,381.92,128.69,319.74,212.66,99.17,595.19,380.98,206.84,9.27,403.41
2026-07-27,336.62,231.39,170.76,123.72,127.76,383.22,131.26,326.56,214.74,101.44,593.87,388.37,196.51,9.50,399.09
2026-07-28,339.79,230.86,169.71,124.17,127.90,380.91,132.55,333.71,225.93,102.47,593.41,392.61,197.01,9.63,392.31
2026-07-29,337.90,226.65,157.97,119.27,124.60,370.32,128.09,336.71,224.83,99.09,585.61,389.81,190.01,9.37,374.67
2026-07-30,333.14,235.50,171.02,119.74,124.12,387.84,126.78,333.66,220.16,100.79,539.03,450.25,195.04,9.97,403.31
2026-07-31,308.64,271.58,180.35,125.06,128.09,389.28,126.46,356.13,222.06,101.24,556.71,463.85,200.75,10.11,404.25
