Date,AAPL,AMZN,ANET,APO,ARES,AVGO,BX,GOOGL,IBM,KKR,META,MSFT,NVDA,OWL,TSM
2020-12-15,0.04887615,0.00257827,0.01844579,0.01019218,0.01534877,0.01508696,0.03165966,0.00502081,0.01924226,0.01039944,0.00494786,-0.00032661,0.00388104,0.00195899,0.01466587
2020-12-16,-0.00054765,0.02367866,0.02161812,0.02068720,0.00347474,0.01622872,-0.00322893,-0.00221136,-0.00302225,0.01452949,0.00043541,0.02376585,-0.00887148,0.00000000,0.00104605
2020-12-17,0.00693933,-0.00150688,-0.00115579,-0.00589616,0.00305587,0.00282040,0.00629454,-0.00953775,0.00000000,0.00520885,-0.00432616,0.00063845,0.00742933,0.00000000,-0.00822375
2020-12-18,-0.01597755,-0.01069640,0.00820122,-0.02602923,0.00486994,0.02814427,-0.01138963,-0.00824414,0.00238683,-0.00944553,0.00697060,-0.00379009,-0.00520404,0.05612517,0.00365059
2020-12-21,0.01231894,0.00141390,-0.00160003,-0.02157905,0.00222410,-0.01315658,-0.00232498,0.00481977,-0.01974085,-0.00852800,-0.01314686,0.01813377,0.00452916,-0.05514717,0.00526050
2020-12-22,0.02806708,0.00010603,0.01231678,0.02471361,-0.00587419,0.00979123,0.00603288,-0.00830171,0.00178146,-0.00530377,-0.02111663,0.00604673,-0.00405852,-0.00293698,-0.00852605
2020-12-23,-0.00700053,-0.00664918,-0.01500095,0.00478717,-0.00183024,-0.01779738,0.00323347,0.00464585,0.00234333,0.00404373,0.00381185,-0.01312490,-0.02046677,0.07550772,-0.00173339
2020-12-24,0.00768260,-0.00395724,0.00816929,0.01912637,-0.00142585,0.01400380,-0.00092268,0.00342509,0.00635597,0.00478032,-0.00265159,0.00779671,-0.00119227,0.05224729,0.02107542
2020-12-28,0.03514125,0.03447015,0.00724418,-0.01498241,-0.01065599,0.00097273,-0.00493599,0.02269130,0.00104205,-0.00907717,0.03527168,0.00987266,-0.00724087,0.01710920,0.00169711
2020-12-29,-0.01340460,0.01151705,-0.01189421,-0.00601479,-0.01661852,-0.00659742,-0.00201225,-0.00917405,-0.00820540,-0.00126737,-0.00079452,-0.00360741,0.00334706,-0.03101020,-0.00557359
2020-12-30,-0.00856336,-0.01094170,0.00506538,0.01055380,-0.00104803,0.01340514,0.00247605,-0.01231266,0.00435251,0.00657238,-0.01789892,-0.01108048,0.01552408,-0.01055421,0.03115047
2020-12-31,-0.00773205,-0.00884033,0.00555630,0.00820031,-0.01351063,0.00692101,0.00169874,0.00939566,0.01230918,0.01995576,0.00473383,0.00333265,-0.00692732,0.00617015,0.00128467
2021-01-04,-0.02503017,-0.02182110,-0.02583241,-0.02501430,-0.00789518,-0.02926961,-0.02832544,-0.01524132,-0.01553150,-0.02096391,-0.01556937,-0.02149538,0.00447102,-0.04309484,0.02410209
2021-01-05,0.01228778,0.00995465,0.01001469,0.00771545,-0.01141866,0.00675005,-0.00302019,0.00803200,0.01759485,-0.00963016,0.00751958,0.00096410,0.02196701,0.00548951,0.00953355
2021-01-06,-0.03424086,-0.02521178,-0.00048966,-0.01338359,0.01013249,-0.00618570,-0.01847892,-0.00991660,0.02466541,0.00203488,-0.02867597,-0.02627134,-0.06076249,-0.02400860,0.02487209
2021-01-07,0.03355372,0.00754857,0.03472096,-0.01271214,0.01659264,0.04127867,0.02514335,0.02943121,-0.00232294,0.02062429,0.02041240,0.02805946,0.05622028,-0.00093491,0.04911559
2021-01-08,0.00859443,0.00647451,0.03371906,0.00127865,0.00231803,0.00506178,-0.00523244,0.01315186,-0.00357279,0.00793490,-0.00436318,0.00607447,-0.00505280,0.00373506,-0.02282288
2021-01-11,-0.02352339,-0.02175438,-0.01037641,0.01059100,-0.01633988,0.00026919,-0.00334441,-0.02337668,0.00038931,0.00222034,-0.04092790,-0.00974581,0.02563514,0.00742798,0.03241200
2021-01-12,-0.00139646,0.00212354,0.04302714,-0.01016517,-0.00450310,0.00811043,-0.00175609,-0.01079684,0.00488751,-0.00395068,-0.02264203,-0.01184061,-0.01008998,0.01103980,0.00325730
2021-01-13,0.01609639,0.01433517,-0.02124984,0.00339998,-0.00581954,0.00404157,0.02196836,0.00563623,-0.01788204,0.01911352,0.00218811,0.00653877,0.00347929,0.01272703,-0.03113007
2021-01-14,-0.01524273,-0.01220978,0.01114460,0.02244452,-0.01043041,0.00190439,-0.00737447,-0.00939010,0.01602286,-0.00535423,-0.02413232,-0.01546504,-0.02480302,-0.00090353,0.05879265
2021-01-15,-0.01382574,-0.00745230,0.01259994,-0.00540791,-0.01407860,-0.01385467,-0.00236493,-0.00190843,-0.00450713,-0.00636463,0.02301902,-0.00173840,-0.02615269,-0.01457235,-0.00969496
2021-01-19,0.00541237,0.00530442,0.00280297,0.00499286,0.01167287,0.02965590,0.01659421,0.03237702,0.00489496,0.00612072,0.03801730,0.01766557,0.01280672,0.00183352,0.04733280
2021-01-20,0.03232815,0.04468698,-0.01110044,-0.00290943,0.01628877,0.00566667,0.01249704,0.05218743,0.00818183,0.01188905,0.02414133,0.03584947,0.02580575,0.00729910,-0.00503942
2021-01-21,0.03600213,0.01327492,-0.00891226,-0.00500726,-0.01432010,0.01063874,0.00718104,0.00216781,0.01199754,-0.00774824,0.01995058,0.00280449,0.03685248,-0.01280910,0.02658772
2021-01-22,0.01594577,-0.00447330,-0.00144496,-0.02928894,-0.01054508,-0.00386333,-0.01009820,0.00445359,-0.10430609,-0.02311412,0.00595590,0.00434631,-0.01124014,0.01098915,-0.03813616
2021-01-25,0.02730769,0.00053749,-0.01137511,-0.01191671,-0.00221072,-0.00049471,-0.00076925,0.00090824,-0.00025302,-0.01630130,0.01270599,0.01572022,-0.00433000,-0.02770267,0.01062965
2021-01-26,0.00167791,0.00970687,-0.00224504,0.06945783,0.01711718,-0.00198131,-0.00123214,0.00719077,0.03244162,-0.01016507,0.01442713,0.01212508,-0.01609589,-0.02945588,-0.03009934
2021-01-27,-0.00771357,-0.02852892,-0.00427622,-0.03307430,-0.03138409,-0.04220439,0.00399834,-0.04777538,-0.00016354,-0.04146069,-0.03576783,0.00245026,-0.03927957,-0.00968967,-0.03953968
2021-01-28,-0.03561149,0.00155791,0.01196643,0.01003754,0.03529258,0.01570693,0.02859301,0.01865988,-0.01970764,0.03608221,-0.02658660,0.02556155,0.01026256,0.03162693,0.03304430
2021-01-29,-0.03813880,-0.00975205,-0.00586777,-0.04511392,-0.02146824,-0.00274889,0.00208565,-0.01404161,-0.00811109,0.00025673,-0.02549211,-0.02960567,-0.00470431,-0.01425205,-0.03485321
2021-02-01,0.01638493,0.04174627,0.02770478,0.03633658,0.02751847,0.03541447,0.03135313,0.03532754,0.01193465,0.03754085,0.01414489,0.03261469,0.01885561,0.00000000,0.04142767
2021-02-02,0.00631672,0.01104302,0.00072706,0.02589989,0.04733250,0.02149256,0.02366133,0.01366692,-0.00916767,0.04520388,0.01916550,-0.00058433,0.02386845,0.01141773,0.01395546
2021-02-03,-0.00780851,-0.02016349,0.00104240,0.02484727,-0.01908379,-0.02481927,-0.01475860,0.07029534,-0.00268264,-0.00497588,-0.00161147,0.01446621,-0.00193829,0.01595544,-0.00734544
2021-02-04,0.02543127,0.00556036,0.01011411,0.01642472,0.02072615,0.01162640,0.01475860,-0.00255319,0.01582442,0.04095551,-0.00060007,-0.00408239,0.00983665,-0.02833045,0.00508499
2021-02-05,-0.00310245,0.00632934,0.00601349,-0.00511599,-0.00164237,-0.00986512,0.01150023,0.01699521,0.00634227,0.01785123,0.00602330,0.00078474,-0.00537523,-0.00191767,-0.00289134
2021-02-08,0.00109636,-0.00875197,-0.00566982,0.00491957,0.00899992,0.01425366,-0.00410224,-0.00206551,0.01483324,0.01379027,-0.00568568,0.00111424,0.06050792,0.00860017,0.03664997
2021-02-09,-0.00659579,-0.00541348,-0.00031248,-0.00669668,0.00507745,0.00407475,0.00480783,-0.00438956,0.00098340,0.02788250,0.01070852,0.00534701,-0.01222923,-0.00381305,0.00098015
2021-02-10,-0.00456889,-0.00558899,-0.00451030,0.02459620,0.02540387,-0.00969646,-0.00042330,0.00532938,0.00114577,0.04227310,0.00894114,-0.00390463,0.03452234,-0.00478711,0.00758374
2021-02-11,-0.00192214,-0.00746708,-0.00157085,-0.02677270,-0.00079018,0.01758726,-0.00282683,0.00108745,-0.01093963,-0.00723368,-0.00545848,0.00685405,0.03241984,-0.00288312,0.04010060
2021-02-12,0.00177457,0.00476460,0.01640304,0.01902955,0.01666205,0.01644053,-0.00638870,0.00300201,-0.00091053,0.00000000,0.00040661,0.00204292,-0.01916518,0.00957818,-0.00793601
2021-02-16,-0.01623528,-0.00267620,-0.01448689,0.00116524,0.02438908,0.00576154,0.00185015,0.00745175,-0.00606121,-0.00540763,0.01274650,-0.00527960,0.02436432,0.01419844,0.01431106
2021-02-17,-0.01780101,0.01206847,-0.02044870,0.00831188,0.00737176,-0.01368873,-0.00656141,0.00374526,-0.00083303,-0.00837735,-0.00146096,0.00435017,-0.02806397,-0.01801854,-0.02736126
2021-02-18,-0.00867444,0.00590336,-0.01082027,-0.00448927,-0.02054860,0.00161517,-0.00286607,-0.00606483,0.00631482,-0.00972101,-0.01539728,-0.00168042,-0.00517891,-0.01348783,-0.01210793
2021-02-19,0.00123283,-0.02381643,0.00677642,0.01379326,-0.01024074,0.01376903,0.00415322,-0.00810559,-0.01451716,-0.00394746,-0.02949668,-0.01163463,0.00655329,-0.00097041,0.01496579
2021-02-22,-0.03025193,-0.02151031,-0.06233056,-0.01614337,-0.02338242,-0.02814987,-0.00645196,-0.01667871,0.01559325,-0.03083194,-0.00471367,-0.02717435,-0.03898764,0.00290863,-0.02287044
2021-02-23,-0.00111166,0.00431673,-0.01754073,-0.01044666,0.00811798,-0.00940698,-0.00316964,0.00284843,-0.00124180,-0.00508438,0.02101996,-0.00530155,-0.01500138,-0.00582527,-0.03403837
2021-02-24,-0.00406045,-0.01100733,-0.00251117,0.01064260,0.02876786,0.01885056,0.00804813,0.01143363,0.02049926,0.00706696,-0.00584740,0.00547228,0.02493045,0.00775940,0.02448481
2021-02-25,-0.03540196,-0.03293690,-0.02153193,-0.04265327,-0.01059444,-0.05058406,-0.02097422,-0.03310722,-0.00602413,-0.01061971,-0.03707535,-0.02399050,-0.08575191,-0.00970907,-0.04879043
2021-02-26,0.00222912,0.01163247,-0.00149978,0.01179599,0.00656244,0.02742247,0.01191557,0.00295197,-0.02933097,0.01325717,0.01143846,0.01469555,0.03012608,-0.00488988,-0.00047607
2021-03-01,0.05245123,0.01705749,0.02853414,0.01842999,0.00976383,0.04109196,0.02143547,0.02334181,0.01510423,0.01611196,0.02790454,0.01943296,0.00923572,-0.01084279,0.02501396
2021-03-02,-0.02111499,-0.01654030,-0.01272216,-0.00897231,-0.00937906,-0.01869986,-0.01094635,-0.00250602,-0.00340154,0.00323454,-0.02256219,-0.01304162,-0.03196855,-0.00099169,-0.02453789
2021-03-03,-0.02476051,-0.02935848,-0.01903326,0.00956759,-0.01218929,-0.03699138,-0.00530279,-0.02604244,0.01672968,0.01198362,-0.01395778,-0.02735125,-0.04590471,0.00099169,-0.02499209
2021-03-04,-0.01593852,-0.00917007,-0.02791891,-0.01700556,-0.01866658,-0.04295579,-0.03673503,0.01113400,-0.01855937,-0.00683022,0.00869304,-0.00365417,-0.03452194,-0.00996039,-0.06124016
2021-03-05,0.01068121,0.00765808,0.00661374,0.00000000,0.01457010,0.01465778,-0.01592789,0.03057115,0.02239319,0.00448758,0.02544595,0.02125192,0.00734957,0.00698277,0.04408686
2021-03-08,-0.04256673,-0.01629958,-0.01933914,-0.04329680,0.02566483,-0.06633208,0.02261431,-0.04365092,0.01599110,0.00383075,-0.03453074,-0.01834491,-0.07222094,-0.01099458,-0.05855214
2021-03-09,0.03984525,0.03687987,0.03015715,-0.03625826,0.02409293,0.05169675,0.02659407,0.01623613,-0.00506037,-0.00021272,0.04004000,0.02771384,0.07726960,0.00200834,0.02127648
2021-03-10,-0.00920887,-0.00170247,-0.01437667,-0.00525752,-0.00167515,-0.01364099,0.02012762,-0.00204590,0.02928196,0.01476214,-0.00316616,-0.00583467,-0.00416211,-0.00402042,-0.02215453
2021-03-11,0.01636796,0.01813303,0.01274504,0.04928177,0.02064971,0.03613180,0.04490615,0.03111415,-0.00572520,0.00916863,0.03333776,0.02006256,0.04126387,0.00502268,0.05760727
2021-03-12,-0.00765470,-0.00777038,0.01451780,0.00521340,0.00799727,-0.00556992,0.01115243,-0.02435475,0.00368987,0.00455302,-0.02021148,-0.00583666,-0.01063851,-0.00401638,-0.01908962
2021-03-15,0.02416247,-0.00253114,0.02479648,0.01486365,0.00271153,0.04252545,0.00120208,0.00216342,0.00757276,0.01881826,0.01973668,-0.00399511,0.02574309,0.00201048,0.00657172
2021-03-16,0.01266251,0.00329797,0.00139453,-0.01507198,-0.00437972,0.01561756,-0.00080110,0.01423325,-0.00264784,-0.00854714,0.01999951,0.01227467,0.00755218,-0.00201048,0.00226493
2021-03-17,-0.00647146,0.01408913,0.00798112,0.00249308,0.01272069,0.01125012,0.01616320,-0.00080183,0.00614144,0.00102160,0.01679476,-0.00282258,0.00375474,0.00100578,-0.00119503
2021-03-18,-0.03449309,-0.03496293,-0.01929814,-0.01568583,-0.01418473,-0.04102981,-0.04104636,-0.02967394,0.00795088,-0.02417723,-0.01916082,-0.02702395,-0.04748882,-0.00301945,-0.03652989
2021-03-19,-0.00449051,0.01539283,0.00499109,-0.00316671,-0.00735279,0.02975601,-0.00769757,0.00277659,-0.00895903,0.00812400,0.04041145,-0.00160505,0.00964109,0.00502779,-0.00762723
2021-03-22,0.02794168,0.01161055,0.01748180,0.04405632,0.01447035,0.00172675,0.01479305,0.00183835,0.01271937,0.01155120,0.01175367,0.02418948,0.02616176,-0.00402042,0.03076378
2021-03-23,-0.00691239,0.00852386,-0.01471581,-0.00608882,-0.01060338,-0.02389024,-0.00490697,0.00522589,-0.00068969,-0.01842106,-0.00996275,0.00671520,-0.00879797,-0.00302573,-0.01973626
2021-03-24,-0.02019627,-0.01620388,-0.00543419,-0.02996413,0.00604669,-0.01473958,-0.01431159,-0.00432002,0.00122585,0.00229540,-0.02964762,-0.00896346,-0.03327307,-0.01629386,-0.05299424
2021-03-25,0.00415496,-0.01330779,0.02616119,-0.01479314,-0.01416633,0.00964136,0.01157538,-0.00003469,0.01858305,-0.00125135,-0.01212413,-0.01333934,-0.00855904,0.02434227,0.01358217
2021-03-26,0.00512806,0.00189232,0.06390687,-0.00597906,-0.00129780,0.04311152,0.01792313,-0.00381037,0.02456956,0.01141222,0.01523821,0.01766182,0.02396225,0.00100120,0.05384303
2021-03-29,0.00148415,0.00773531,-0.01156788,-0.00429286,-0.01910537,-0.01973528,-0.00040394,0.01034761,-0.00382007,0.00144307,0.02718701,-0.00525726,0.00845363,-0.00804020,-0.01879243
2021-03-30,-0.01235058,-0.00666778,-0.02911760,0.01409689,0.00471658,-0.03544823,-0.00040398,0.00033246,-0.00842634,0.01330189,-0.00974389,-0.01451551,-0.00592549,-0.00505807,0.00592697
2021-03-31,0.01859191,0.01261609,0.01008757,-0.00297369,0.05314554,0.01630769,0.00376392,0.00781204,-0.01089651,-0.00693593,0.02242013,0.01676601,0.03635029,0.00202641,0.02751414
2021-04-01,0.00693464,0.02139788,0.02016691,0.02104902,0.02902331,0.02616169,0.00881669,0.03209016,-0.00022505,0.03024417,0.01392486,0.02752622,0.03413441,0.00202225,0.05365779
2021-04-05,0.02330347,0.02058080,0.01155481,-0.00689736,0.02482781,0.02598575,-0.00253023,0.04101985,0.02006296,0.01595949,0.03374415,0.02735100,0.01264440,0.00604251,-0.00240673
2021-04-06,0.00245911,-0.00090230,-0.01210688,0.00251354,-0.07531849,-0.00948245,-0.00507957,-0.00438099,-0.01265980,0.00039092,-0.00861543,-0.00486994,-0.00904900,0.00200590,-0.01668465
2021-04-07,0.01330170,0.01709046,-0.00016238,-0.01581465,0.01466223,-0.00291822,0.00814155,0.01338513,0.00527599,-0.00254341,0.02205626,0.00819676,0.02014010,0.00100120,-0.02104632
2021-04-08,0.01905103,0.00605289,0.01108123,-0.01046917,-0.00558612,0.00624008,0.02000315,0.00507855,0.00140714,0.01091006,-0.00022352,0.01331613,0.01219233,0.00000000,0.02909935
2021-04-09,0.02004949,0.02185505,0.01372066,0.01004389,-0.00380210,-0.00080373,0.00195245,0.00895370,0.00450424,-0.00544023,-0.00179069,0.01021445,0.00578070,0.00000000,-0.00511718
2021-04-12,-0.01332174,0.00212985,-0.00489225,0.01120615,-0.00036270,-0.00293147,0.00609348,-0.01153872,-0.00843467,0.01316064,-0.00294861,0.00023443,0.05465907,-0.00501758,-0.01559321
2021-04-13,0.02401590,0.00608023,0.00101848,-0.00400253,0.01351732,0.00266356,0.01309714,0.00436094,-0.02566269,0.00038461,-0.00573001,0.01003123,0.03046672,0.00201048,0.00305555
2021-04-14,-0.01801405,-0.01990267,-0.00593488,0.04337704,0.00642403,-0.01592136,-0.00498751,-0.00556893,0.01099307,0.02054469,-0.02265920,-0.01128251,-0.02600553,0.00300710,-0.00355184
2021-04-15,0.01853460,0.01373367,0.00755609,0.01544517,-0.00642403,0.00564102,0.02093325,0.01914714,-0.00037706,-0.00358398,0.01637655,0.01518206,0.05478193,-0.00703126,-0.02082107
2021-04-16,-0.00253083,0.00600428,0.00579570,0.02612852,0.00053682,-0.00252406,-0.00465610,-0.00109450,0.00758915,0.00734279,-0.00534206,0.00476719,-0.01402540,0.00100738,0.00413146
2021-04-19,0.00505551,-0.00810174,-0.00589099,-0.00155239,0.00214497,-0.03569706,0.00025225,0.00306602,-0.00352448,0.00000000,-0.01295176,-0.00770012,-0.03522445,-0.00403634,-0.02937351
2021-04-20,-0.01291254,-0.01112927,-0.01691426,-0.00330717,-0.02788042,-0.01031263,0.00251876,-0.00470587,0.03716147,-0.01340784,0.00135552,-0.00185691,-0.01247824,0.00604842,-0.00390702
2021-04-21,0.00292562,0.00816227,0.02201547,0.01891594,0.01095510,0.00551754,0.01013708,-0.00028955,0.03827086,0.00946053,-0.00390645,0.00894297,0.01239698,-0.00807265,0.02108952
2021-04-22,-0.01175454,-0.01588388,-0.01141062,0.00780885,-0.00382045,-0.01023077,0.03246462,-0.01140186,-0.01593950,0.01160848,-0.01655588,-0.01317234,-0.03378255,0.00907736,-0.01787607
2021-04-23,0.01787797,0.00957619,0.01840212,0.00906518,0.00925324,0.02392540,0.05007508,0.02082908,0.00810688,0.02536442,0.01542765,0.01535749,0.02756219,-0.00604251,0.02838287
2021-04-26,0.00297363,0.02018469,0.00759721,0.02488050,-0.00688646,0.01219663,-0.00149176,0.00433860,-0.00605661,0.00849371,0.00632274,0.00153065,0.01384068,0.00201835,0.02398517
2021-04-27,-0.00245300,0.00246986,-0.00640543,0.01166840,0.01677071,-0.01172500,0.01707709,-0.00823754,0.00310318,0.01907202,0.00174713,0.00160462,-0.00623789,-0.00302896,-0.00205952
2021-04-28,-0.00604528,0.01194615,0.00543945,0.00434078,0.00374841,-0.01545045,0.00495409,0.02927497,0.00694731,0.00123511,0.01156139,-0.02869359,-0.00684962,0.00302896,-0.01336493
2021-04-29,-0.00074880,0.00369709,0.00544096,0.00216357,-0.03369875,0.01532231,0.00526555,0.01419275,0.00863404,0.00176168,0.07043323,-0.00808575,0.00313687,0.00402416,-0.00469093
2021-04-30,-0.01524915,-0.00112126,-0.02302196,-0.00288568,-0.03277781,-0.02187645,-0.00214508,-0.01654381,-0.01649704,-0.00405658,-0.01353534,-0.00130764,-0.02078579,0.00300710,-0.02001428
2021-05-03,0.00818174,-0.02361687,-0.00146067,-0.00543282,-0.00783712,-0.01337299,-0.00011271,-0.00443739,0.02002668,-0.00549412,-0.00772025,-0.00126998,-0.01157620,0.00200007,-0.00687626
2021-05-04,-0.03602664,-0.02228093,-0.02957082,-0.00127193,-0.01216339,-0.01251863,-0.00169677,-0.01559195,0.00688440,-0.01143894,-0.01316833,-0.01629159,-0.03327006,-0.00099932,-0.00501514
2021-05-05,0.00195363,-0.01255796,0.03600049,0.02938231,0.01981013,-0.00159847,-0.00294811,0.00343603,-0.00364285,0.04361521,-0.01054665,-0.00534139,0.00744553,-0.00200195,0.00017320
2021-05-06,0.01272116,0.01089583,0.03267377,0.00966351,0.02259568,0.01064553,0.00294811,0.00970750,0.02179649,-0.00742737,0.01574749,0.01314018,0.00445102,0.00000000,0.01394285
2021-05-07,0.00531339,-0.00447405,0.00384269,0.01784990,-0.00093145,0.00887731,0.01917408,0.00621835,-0.00903398,0.01786999,-0.00294185,0.01087255,0.01972127,0.00000000,-0.00145396
2021-05-10,-0.02614363,-0.03120229,-0.00708696,-0.01018583,-0.00673145,-0.03709242,-0.01600930,-0.02592054,0.00486925,-0.02815146,-0.04195461,-0.02113617,-0.03759320,0.00000000,-0.03945699
2021-05-11,-0.00743765,0.01042034,0.00165399,0.00277260,-0.01588526,0.00906187,-0.00884156,-0.00950944,-0.01343024,-0.01446744,0.00182864,-0.00385080,0.00283473,-0.00100227,0.00479648
2021-05-12,-0.02525492,-0.02257674,-0.03415065,-0.03575897,-0.02744131,-0.04102859,-0.04102143,-0.03123530,-0.02045467,-0.03932741,-0.01306924,-0.02980241,-0.03903966,0.00000000,-0.04198557
2021-05-13,0.01776117,0.00301898,0.00665990,0.00786000,0.00176138,0.01927442,0.01308158,0.01300009,0.02010768,0.01867870,0.00891729,0.01672124,-0.00680054,-0.00502779,0.00497799
2021-05-14,0.01965046,0.01924448,0.02638839,0.02147596,0.02472636,0.02527009,0.02394694,0.02189369,0.00353124,0.02096997,0.03438857,0.02084856,0.04140936,-0.01421377,0.03354586
2021-05-17,-0.00930166,0.01462765,-0.00180933,-0.00069697,-0.00958595,-0.00381124,0.00342355,0.00461544,0.00296778,-0.01254722,-0.00152065,-0.01204079,-0.00545613,0.00814676,-0.02393711
2021-05-18,-0.01130960,-0.01172149,-0.00033775,-0.00681994,-0.00482779,-0.01419292,0.00352520,-0.01162308,-0.00830404,-0.00814995,-0.01758862,-0.00860196,-0.01062759,-0.01121885,0.00942728
2021-05-19,-0.00128215,-0.00014853,-0.00649979,0.00881225,-0.00913977,0.01823086,-0.00603476,0.00398335,-0.00501547,-0.00346143,0.01164321,0.00247091,0.00356106,0.02631719,0.01397635
2021-05-20,0.02079435,0.00490168,0.03748729,-0.00386793,0.01589187,0.02962117,0.01799642,0.01548589,0.00480693,0.01070902,0.01588144,0.01372564,0.03813444,0.03918232,0.00779854
2021-05-21,-0.01487742,-0.01382802,-0.01137631,0.01155859,0.05589709,-0.00829817,0.01767746,-0.00557264,0.00595930,-0.00271163,-0.00749799,-0.00532880,0.02562280,0.10823835,-0.01270392
2021-05-24,0.01322642,0.01299936,0.01295277,0.00017440,-0.01354561,0.01746460,0.00527610,0.02874850,-0.00013811,0.00144694,0.02621636,0.02262407,0.04053962,0.04220035,0.01578876
2021-05-25,-0.00157459,0.00432349,0.00545379,-0.01437876,0.00331188,0.00076193,-0.00230483,0.00077487,-0.00644671,0.00468896,0.00968704,0.00374130,0.00228742,0.03172294,0.00570408
2021-05-26,-0.00039442,0.00187300,0.00047285,0.01193835,0.00293461,0.00206490,0.01212262,0.00735374,-0.00285565,-0.00090002,-0.00039670,-0.00091416,0.00333353,-0.01532909,0.01493863
2021-05-27,-0.01245383,-0.01079259,-0.00396696,0.00989865,0.00693548,0.01549356,0.00032581,-0.00743426,0.00306418,0.00305681,0.01541495,-0.00870601,-0.01359530,-0.04574602,-0.00198466
2021-05-28,-0.00536236,-0.00218181,0.00668150,-0.00920070,0.00363136,0.00989368,0.00562712,-0.00247054,-0.00055649,-0.00017939,-0.01215474,0.00148272,0.04768897,0.00000000,0.01364060
2021-06-01,-0.00265188,-0.00137236,-0.01337806,-0.01245956,0.00199156,-0.00854745,-0.00270134,0.01027008,0.00312593,0.00071796,0.00121606,-0.00917348,0.00123087,0.01604100,0.00975118
2021-06-02,0.00625660,0.00475464,-0.00209250,0.00105875,0.00505137,0.01150685,-0.00205789,-0.00445719,0.01055494,-0.01318545,0.00006080,-0.00040424,0.03109812,-0.01519020,0.00370571
2021-06-03,-0.01222864,-0.01463349,0.02861378,0.01470883,0.01109518,-0.01903048,0.00097507,-0.00975386,-0.00116732,0.01067007,-0.00949337,-0.00645015,0.01134881,0.07374333,-0.01806877
2021-06-04,0.01884336,0.00600956,0.01858338,-0.00208788,0.00673973,0.02170798,0.00948710,0.01940097,0.01276614,-0.00342386,0.01313266,0.02046398,0.03523014,0.09128092,0.02276580
2021-06-07,0.00007965,-0.00256398,0.00623197,0.00573149,0.01839123,-0.02390485,0.01279292,0.00364063,0.00406168,-0.02319099,0.01868302,0.01197014,0.00231507,0.16143667,-0.01085283
2021-06-08,0.00664979,0.02045845,0.00624973,-0.00381759,0.02569953,-0.00053920,0.00222254,-0.00160805,0.00706856,0.02138435,-0.00865351,-0.00489753,-0.00923666,-0.01483336,-0.01964687
2021-06-09,0.00307222,0.00520677,0.01402503,-0.00557865,-0.00559753,0.00086285,-0.00434318,0.00395296,0.01067608,-0.00036178,-0.01033243,0.00403022,-0.00544365,-0.02267105,0.01038399
2021-06-10,-0.00805542,0.02066191,0.02587638,0.00174665,-0.00443241,0.01016511,-0.00574890,0.01122858,-0.00086323,0.01329783,0.00666971,0.01429076,0.00383799,0.03443227,0.00943203
2021-06-11,0.00978465,-0.00084218,-0.01410380,0.00851520,0.01290144,0.00432197,0.01851236,-0.00202650,0.00490383,0.00853178,-0.00361596,0.00252359,0.02271004,-0.12713420,0.00008460
2021-06-14,0.02428066,0.01100633,0.00249696,-0.00485699,-0.01102369,0.01083985,0.00209387,0.00766940,-0.00829731,-0.02164868,0.01649655,0.00772526,0.01079699,-0.08301708,0.02290691
2021-06-15,-0.00645863,-0.00021872,-0.00869763,0.00865656,-0.00292675,-0.01075472,0.01772707,-0.00841449,-0.00447592,0.00720877,-0.00005933,-0.00590456,-0.01286068,-0.00532948,-0.01281010
2021-06-16,0.00392644,0.00944940,0.01677670,0.00960738,0.00687287,-0.01065700,0.01184901,-0.00534287,-0.01029638,0.02377678,-0.01698104,-0.00380031,0.00122217,-0.04768373,-0.01204375
2021-06-17,0.01252198,0.02143330,0.00590874,-0.00239342,-0.00687287,0.01157001,-0.01380328,0.00800774,-0.01520014,0.00192689,0.01626817,0.01358370,0.04646054,-0.03835648,0.01310606
2021-06-18,-0.01014314,-0.00067088,-0.01945625,-0.01830780,-0.01406398,-0.01641268,-0.00775163,-0.01349997,-0.01717930,-0.01321257,-0.02056615,-0.00565043,-0.00099228,0.01157987,-0.02835329
2021-06-21,0.01400566,-0.00949171,0.01799586,0.01899234,0.01630288,0.01018929,0.01982696,0.01406648,0.02436526,0.02642549,0.00794620,0.01225954,-0.01141213,-0.00908714,-0.01435234
2021-06-22,0.01261856,0.01479468,-0.01403578,-0.00376962,0.01213993,-0.00034440,0.00101679,0.00424351,-0.00197933,0.01133467,0.02008054,0.01090610,0.02463008,0.02378131,0.00166322
2021-06-23,-0.00209224,-0.00046230,0.00071329,0.00068636,0.00609966,0.00474686,0.01181896,-0.00166493,-0.01202891,0.01356848,0.00459080,-0.00090443,0.00898679,0.00967761,0.01493227
2021-06-24,-0.00217120,-0.01574627,-0.00304895,0.01413876,0.02254802,0.00725945,0.00040152,0.00304953,0.00572308,0.01288848,0.00757565,0.00533890,0.00774941,0.02457511,0.01020182
2021-06-25,-0.00225125,-0.01390276,-0.00352753,0.04076785,0.03505142,-0.01686256,-0.01079876,0.00006937,0.00958012,0.01042274,-0.00528818,-0.00628165,-0.00912768,0.01938801,-0.00607432
2021-06-28,0.01246786,0.01239693,0.00165510,-0.00081218,0.01519243,0.02267482,0.00707802,0.00022459,-0.01061204,-0.00395772,0.04095207,0.01386482,0.04891290,-0.02095541,0.02608763
2021-06-29,0.01143451,0.00123327,0.00258747,0.01420052,-0.00930967,0.00915850,-0.00302768,-0.00215271,0.00178782,-0.00231600,-0.01060024,0.00992374,0.00208683,0.04972345,0.00517008
2021-06-30,0.00461054,-0.00231699,-0.00399414,-0.00337051,0.00805246,-0.00064988,-0.01846124,-0.00149788,0.00712001,-0.01906104,-0.01195001,-0.00184422,-0.00121160,-0.03957898,-0.00058235
2021-07-01,0.00226086,-0.00209219,0.00297649,0.01293842,0.00486321,-0.01521465,-0.00030907,0.00290345,0.00170422,0.00857222,0.01902940,0.00258091,0.01041915,-0.01092919,-0.01458660
2021-07-02,0.01940702,0.02246941,0.00603580,0.01917725,0.01691415,-0.00313499,0.00554541,0.02271376,-0.04755846,0.00066919,0.00087430,0.02203048,0.01351431,-0.00629915,0.00412950
2021-07-06,0.01461098,0.04585931,0.02522685,-0.00812916,0.00030778,0.01085563,-0.00112713,0.00741719,-0.00889543,0.00233877,-0.00542765,0.00003649,0.01027072,0.02957411,0.00954127
2021-07-07,0.01779603,0.00565355,-0.00101405,-0.00661398,-0.00292692,-0.00793381,0.01364471,0.00224803,0.00746598,-0.00938806,-0.00651259,0.00814219,-0.01591222,0.02349470,-0.01510738
2021-07-08,-0.00924260,0.00937812,-0.01178992,-0.04491873,-0.01335634,0.00204251,-0.00629009,-0.01137110,0.00655839,-0.02282894,-0.01390543,-0.00900714,-0.02329127,-0.04363495,-0.00321861
2021-07-09,0.01297073,-0.00323995,0.02103820,0.01084811,0.01103931,0.02036538,0.01484961,0.00378748,0.00552705,0.01827086,0.01370584,0.00187267,0.00738362,-0.00785542,0.02256507
2021-07-12,-0.00421246,-0.00021237,-0.01904109,0.00244914,0.00293384,0.01153281,0.02181956,0.01154103,-0.00424897,0.02275092,0.00778862,-0.00223311,0.02279277,0.04246112,0.01702430
2021-07-13,0.00785800,-0.01113875,-0.00248349,-0.02359653,-0.01412962,-0.00358832,-0.02081752,0.00287820,-0.00455176,-0.01751937,-0.00303425,0.01311130,-0.01287946,-0.02448492,0.01030309
2021-07-14,0.02381508,0.00117408,-0.00197506,0.00200172,-0.00784928,-0.00501256,-0.01189065,0.00700782,-0.00328471,-0.00845160,-0.01274812,0.00543068,-0.02037934,0.01689771,0.00394701
2021-07-15,-0.00450228,-0.01380601,-0.00325516,-0.00954390,-0.00791160,-0.00886403,0.03828486,-0.00965375,0.00449586,-0.00152889,-0.00916087,-0.00525279,-0.04511460,-0.02623632,-0.05672828
2021-07-16,-0.01417630,-0.01598125,-0.01257700,-0.04648800,-0.01246800,-0.01961118,-0.00293118,-0.00027554,-0.01109755,-0.00990960,-0.00962639,-0.00099664,-0.04338437,0.00078156,-0.01534722
2021-07-19,-0.02728306,-0.00674976,-0.00366613,-0.00938457,-0.01148607,-0.00514069,-0.02446507,-0.01901890,-0.00708031,-0.01505097,-0.01241690,-0.01341121,0.03350231,0.00778235,-0.00337541
2021-07-20,0.02564283,0.00662661,0.00432623,0.02147180,0.02807582,0.00625112,0.04038443,0.01301123,0.01475413,0.02053054,0.01388147,0.00830460,-0.00897220,0.02752464,0.00906161
2021-07-21,-0.00514517,0.00335547,0.00952313,0.01211528,0.01460589,0.02201404,0.01860485,0.01055727,0.00945736,0.01390560,0.01328719,0.00741912,0.04198169,0.02752132,0.01254983
2021-07-22,0.00958236,0.01462812,0.01674488,0.00651588,0.01485608,-0.00563153,0.04020559,0.00681721,-0.00418426,0.02215091,0.01422414,0.01670413,0.00943495,0.00585200,-0.01117631
2021-07-23,0.01191788,0.00510235,0.02017704,0.01576961,0.02142790,0.01421625,0.01056765,0.03514424,0.00446707,0.01162695,0.05160779,0.01226119,-0.00183905,0.01520146,0.00197135
2021-07-26,0.00289045,0.01173946,-0.00952078,-0.00185224,0.00704198,-0.00188523,0.01772191,0.00763903,0.01006666,0.00665330,0.00719438,-0.00214269,-0.01359015,0.00358535,-0.00980919
2021-07-27,-0.01501252,-0.02004647,-0.00728724,-0.00168698,0.00773317,-0.01436940,0.00808779,-0.01605695,-0.00013994,0.00805420,-0.01256317,-0.00872148,-0.00446717,-0.02463881,-0.01841308
2021-07-28,-0.01227125,0.00108315,0.00643889,-0.00677616,0.01747622,0.00480564,0.00131261,0.03130174,-0.00688883,0.00192332,0.01476250,-0.00111759,0.01524136,-0.01106625,0.01338539
2021-07-29,0.00454198,-0.00840920,0.01044787,0.01166031,0.02615088,0.01343410,0.02025501,-0.00232833,0.00112798,0.02154373,-0.04090245,0.00097771,0.00811959,0.02563310,0.00934190
2021-07-30,0.00150957,-0.07866331,-0.00162857,-0.01115052,0.01548037,0.00266114,-0.00631296,-0.00777061,-0.00685777,-0.00078414,-0.00565344,-0.00556516,-0.00832472,0.02991649,0.00420989
2021-08-02,-0.00233362,0.00116835,-0.00847457,0.00575969,-0.01010557,-0.00148460,-0.00069413,0.00094964,0.00325791,-0.00345623,-0.01228387,-0.00031561,0.01279034,-0.13343072,0.00188424
2021-08-03,0.01256521,0.01037969,0.00526218,0.02436297,0.02631175,0.00434425,-0.00026065,0.00573412,0.01856507,0.01963613,-0.00201948,0.00804262,0.00328600,0.04162340,0.01317681
2021-08-04,-0.00278652,-0.00342811,0.00774999,0.00378464,-0.00164997,0.00207251,0.01371249,-0.00372658,-0.00913404,0.01880346,0.02162981,-0.00212694,0.02289970,-0.04403208,0.00278282
2021-08-05,0.00074839,0.00632035,-0.00398571,0.00409704,0.01312564,-0.00026667,-0.00903442,0.00829847,0.00006963,0.01815914,0.01122065,0.01045131,0.01774626,-0.00322072,0.00403433
2021-08-06,-0.00477856,-0.00923989,-0.00791352,0.00814489,0.00257745,-0.00460386,-0.01226141,-0.00377226,0.00920321,0.00504390,0.00148656,-0.00020778,-0.01321871,0.00000000,-0.00850773
2021-08-09,-0.00034176,-0.00091815,-0.00557698,-0.00569434,-0.01336641,-0.00154623,-0.00043751,0.00861539,-0.00845966,-0.01101070,-0.00524050,-0.00391138,-0.00349228,0.00241634,0.00008451
2021-08-10,-0.00336008,-0.00636100,-0.01017136,-0.01960677,-0.01090619,-0.00500526,-0.00368330,-0.00077443,0.00091997,-0.01568158,-0.00132805,-0.00657615,-0.01784725,-0.01377091,-0.01585853
2021-08-11,0.00178415,-0.00864087,-0.00701948,-0.01289477,-0.01411921,0.00267107,0.00560707,-0.00386693,0.00529077,0.00015195,-0.00324536,0.00177856,-0.01195937,0.00893218,-0.00318477
2021-08-12,0.02056058,0.00345384,-0.00573305,-0.00914334,0.01231319,0.00146738,-0.00842252,0.00669168,0.00659205,0.00439677,0.00744530,0.00991762,0.01040298,0.03025715,-0.00250346
2021-08-13,0.00140949,-0.00288900,-0.00798840,0.00981721,0.03524928,0.00391577,0.01138877,0.00388132,0.00076845,0.00128797,0.00146049,0.01043486,0.01411741,0.01247077,-0.00172986
2021-08-16,0.01345708,0.00152279,0.00394749,0.00134659,-0.00134339,0.00406472,-0.00034863,0.00421664,0.00285957,-0.00973819,0.00926350,0.00595803,-0.01185928,0.00694726,-0.00756111
2021-08-17,-0.00617354,-0.01743819,-0.00241051,-0.01919028,-0.02766805,-0.01954934,-0.01713799,-0.01198697,-0.00818172,-0.02916764,-0.02237286,-0.00517288,-0.02497060,-0.00694726,-0.03118872
2021-08-18,-0.02583141,-0.01264611,-0.00704557,-0.01375760,-0.00888385,-0.02051439,-0.01230831,-0.00891177,-0.02093089,-0.00520872,-0.00840474,-0.00613765,-0.02171647,-0.00933861,-0.00595788
2021-08-19,0.00232008,-0.00421670,0.01308819,-0.01876144,-0.00994880,0.00967673,-0.00955827,0.00170401,-0.01045096,-0.01579107,-0.00092881,0.02056199,0.03903886,0.00078156,0.00063360
2021-08-20,0.01010580,0.00381985,0.00819874,0.00534554,0.00211019,0.00345703,0.02620089,0.01281183,0.00786640,0.01768836,0.01189685,0.02525379,0.05014115,-0.02531768,-0.02195463
2021-08-23,0.01020451,0.02039104,0.00105394,0.02005710,0.01906931,0.01520472,0.02156627,0.01882781,0.00365940,0.01738066,0.01101411,0.00095247,0.05340970,0.02461427,0.02592785
2021-08-24,-0.00060103,0.01214625,0.01660682,0.00503855,0.00769136,-0.00211632,0.01967224,0.00867385,0.00157472,0.00046564,0.00592710,-0.00668556,-0.00754278,0.03544259,0.01031058
2021-08-25,-0.00845714,-0.00199851,-0.00620868,0.00776909,0.00436847,0.00410414,0.01220581,0.00577048,0.00014275,0.00108548,0.00784841,-0.00201792,0.01908898,-0.00151503,0.04294996
2021-08-26,-0.00554222,0.00508531,-0.01315680,-0.00396338,0.01272349,0.00480845,0.01955346,-0.00450390,-0.00775191,-0.00450481,-0.01094498,-0.00971558,-0.00654905,0.03939563,0.00910137
2021-08-27,0.00715910,0.01009067,0.00978319,0.01252485,0.01017016,0.02078142,0.01901725,0.01796174,0.00452919,-0.00046724,0.02238880,0.00210434,0.02541278,-0.00438269,0.00329680
2021-08-30,0.02996347,0.02124962,-0.00204032,0.00374411,0.01348857,0.00593075,0.00152830,0.00406453,-0.00316089,0.00171202,0.02132042,0.01282939,0.00229468,0.02458539,0.00421095
2021-08-31,-0.00846053,0.01428271,-0.00693073,0.01533941,0.01369800,-0.00337312,0.01055414,0.00073978,0.00980987,-0.00031090,-0.00336801,-0.00564876,-0.01326897,-0.01656494,0.00016811
2021-09-01,0.00446870,0.00236262,-0.02729528,0.01971066,0.00620003,-0.00817891,0.01413662,0.00357346,-0.00743828,0.00357092,0.00701299,-0.00016560,0.00249872,0.02013016,0.01211022
2021-09-02,0.00744733,-0.00457493,0.01196995,0.00376535,0.01482638,-0.00255813,0.00625390,-0.01336909,0.00508394,-0.00108548,-0.01787906,-0.00225548,-0.00200720,0.00071152,0.00273580
2021-09-03,0.00422124,0.00430182,-0.00217325,0.00991793,0.00644970,0.01168173,0.00528530,0.00315287,-0.00307581,-0.00015501,0.00260805,-0.00003316,0.01976226,0.02736042,0.02598609
2021-09-07,0.01537063,0.00894193,-0.01013046,0.00145512,-0.00037818,-0.00219240,-0.01507436,0.00375686,-0.01094971,-0.02625753,0.01561116,-0.00319293,-0.00795524,0.02393271,0.00587124
2021-09-08,-0.01013452,0.00460854,0.00027817,-0.01006664,0.00866358,-0.00446029,0.00971096,-0.00409428,0.00440901,0.00476812,-0.01213560,0.00009989,-0.01435539,0.00000000,-0.02279185
2021-09-09,-0.00672772,-0.01179530,-0.00398499,-0.00228727,-0.00300508,-0.00180211,0.00853667,-0.00104456,-0.00672939,-0.00254009,0.00113808,-0.00990858,-0.00727833,0.04362881,0.00646024
2021-09-10,-0.03366223,-0.00431731,-0.02033775,-0.00689318,-0.01033530,0.00939885,-0.00519101,-0.01874049,-0.00524093,-0.00238725,0.00182397,-0.00519424,0.01348138,0.01858442,0.00236112
2021-09-13,0.00388587,-0.00345927,0.02081227,0.02086136,-0.00266405,0.00162455,0.00364438,0.01028588,0.00821306,0.00888329,-0.00577337,0.00431924,-0.01460929,0.01637310,0.00527196
2021-09-14,-0.00960810,-0.00207613,-0.00150819,-0.01593282,-0.00637190,0.00581531,0.01070004,0.00148809,-0.01406864,0.00110477,0.00005315,0.00938362,0.00405464,0.00249528,-0.00429670
2021-09-15,0.00612477,0.00744759,0.00312569,0.03225042,0.02074771,0.01555970,0.03016812,0.01313753,0.00716841,0.01921795,-0.00695577,0.01663919,0.00444101,0.02339997,-0.01300153
2021-09-16,-0.00161137,0.00357551,0.01671745,-0.00493111,0.00753013,-0.00469955,0.00326371,-0.00569024,-0.00562793,0.03078114,-0.00230284,0.00131125,-0.00444101,-0.00549256,-0.00176158
2021-09-17,-0.01851865,-0.00740064,-0.01602108,0.00143411,-0.01613354,-0.00266468,-0.01049619,-0.01976090,-0.00883459,-0.00240385,-0.02260940,-0.01768350,-0.01549567,-0.02165259,-0.02548999
2021-09-20,-0.02159238,-0.03132736,-0.01447229,-0.07212571,-0.02822170,-0.02234267,-0.07511598,-0.01488662,-0.00682655,-0.06253498,-0.02504214,-0.01874958,-0.03659777,-0.04280433,-0.02624372
2021-09-21,0.00342207,-0.00361226,-0.00688864,0.01190908,-0.00156948,-0.00046814,0.02870620,0.00225763,-0.01002711,0.01730342,0.00499188,0.00169727,0.00627984,0.00065240,0.00226423
2021-09-22,0.01673158,0.01083345,-0.00393332,0.00472415,0.00196188,0.01936353,-0.01381266,0.00895379,0.01240689,0.00094371,-0.04073701,0.01274109,0.03218802,0.01745919,0.00788458
2021-09-23,0.00669681,0.01057978,0.02189137,0.03066474,0.01465538,0.00738405,0.01004320,0.00662546,0.01547758,0.00078583,0.00798052,0.00327668,0.02435822,0.00320014,0.00275820
2021-09-24,0.00061277,0.00278300,0.00623903,0.01859809,-0.00503398,0.00122869,-0.01578211,0.00704914,0.00554330,-0.02578119,0.02003173,-0.00070126,-0.01799767,0.01647686,-0.00474500
2021-09-27,-0.01060590,-0.00577347,-0.00937320,0.00925059,-0.02250801,-0.00013874,-0.01416893,-0.00806946,0.00775218,-0.00809320,0.00175501,-0.01745569,-0.01925025,0.01435283,0.00440052
2021-09-28,-0.02408918,-0.02673262,-0.02903376,-0.02491476,-0.03200498,-0.02777652,-0.04273570,-0.03786615,-0.00789775,-0.02484700,-0.03725412,-0.03687530,-0.04538180,-0.00933708,-0.03727685
2021-09-29,0.00646193,-0.00448540,-0.00173263,0.01470246,0.00748773,-0.00314103,0.00624219,-0.01092990,0.01236233,0.01356955,-0.00305792,0.00169188,-0.00883155,-0.02085389,-0.00250529
2021-09-30,-0.00935549,-0.00488298,-0.00678636,-0.01226407,0.00135538,-0.00933912,-0.02193392,-0.00505549,-0.00179785,0.00065739,-0.00064781,-0.00735106,0.00965226,-0.00640614,0.00026854
2021-10-01,0.00809456,-0.00054202,0.01970903,0.00453582,0.00809390,0.00497801,-0.00508423,0.02122071,0.03110949,0.01305503,0.01060975,0.02514952,0.00125457,0.00192617,-0.00080644
2021-10-04,-0.02491380,-0.02888486,-0.01947630,-0.05106371,-0.01598118,-0.02366988,-0.04235315,-0.02134393,0.00549711,-0.02312555,-0.05015708,-0.02093752,-0.04991898,-0.02731003,-0.02303102
2021-10-05,0.01405931,0.00973995,0.02649906,0.04587803,0.01946845,0.01970150,0.03419870,0.01752825,-0.00668391,0.02636294,0.02041972,0.01976070,0.03579038,0.00918673,0.00219891
2021-10-06,0.00628749,0.01265165,0.00161359,0.01707514,0.01422398,0.00689812,-0.00822094,0.01127285,-0.00553381,-0.00032330,0.00204036,0.01495171,0.01210176,-0.02379496,0.00073190
2021-10-07,0.00904335,0.01231506,0.02954344,0.01553133,0.01921750,0.01046117,0.01230628,0.01199462,-0.00387104,0.02427445,-0.01333656,0.00591899,0.01795382,0.01526732,0.01353540
2021-10-08,-0.00272551,-0.00419057,0.02119534,0.02745410,0.00645356,-0.00216871,0.00992638,0.00401766,0.00989385,0.03305452,0.00251806,0.00000000,-0.01164517,0.01113678,-0.00715367
2021-10-11,-0.00062979,-0.01295212,0.01513013,0.00091776,-0.01608134,-0.00103513,-0.01636599,-0.00625400,-0.00553123,-0.00122197,-0.01403526,-0.00210466,-0.00655024,-0.00719191,0.00199713
2021-10-12,-0.00914485,0.00031722,-0.00701622,0.00746224,0.00169819,-0.01444386,0.01214885,-0.01790408,-0.01385669,-0.00214213,-0.00517564,-0.00459878,-0.00116040,0.01109294,-0.00965997
2021-10-13,-0.00424898,0.01131435,0.02356338,0.00197028,0.00935295,-0.00055612,0.02344196,0.00826922,0.00206227,0.00732529,0.00237543,0.01164293,0.01288155,0.03004385,0.00711752
2021-10-14,0.02002380,0.00473254,0.02911181,0.02630136,0.01870178,0.02562668,0.02775188,0.02561012,0.01851187,0.01568853,0.01221963,0.02150146,0.03781644,-0.00822006,0.02318771
2021-10-15,0.00748448,0.03254486,-0.01388543,-0.00562023,-0.02662039,0.01129059,0.00816138,0.00153604,0.00847239,-0.00902096,-0.01154181,0.00481070,0.00532001,0.00884969,0.02022764
2021-10-18,0.01173714,0.01100401,-0.01566935,0.01296829,-0.00234839,0.00021860,0.00631981,0.00992460,-0.01596253,0.01379971,0.03205826,0.01007348,0.01633289,0.00627351,0.00417038
2021-10-19,0.01496745,-0.00075172,0.01531015,0.06901212,0.02591833,0.01386956,0.02378419,0.00320966,-0.00239178,0.02034865,0.01377137,0.00305449,0.00305562,0.04583728,0.01394752
2021-10-20,0.00335559,-0.00848207,0.01292802,0.01518866,0.01403067,-0.00196112,0.01487415,-0.01030160,-0.00056362,0.02976660,0.00232096,-0.00266362,-0.00842513,0.01069546,-0.01178240
2021-10-21,0.00147266,0.00582476,0.00194895,0.03945378,0.01680284,0.00930099,0.02932722,0.00082524,-0.10051752,0.03535534,0.00322251,0.01083824,0.02629897,0.01931570,0.00603764
2021-10-22,-0.00529897,-0.02938230,-0.01262109,0.03095606,0.00799048,0.00244777,0.03783544,-0.03091674,-0.00351278,0.00572751,-0.05183524,-0.00516203,0.00149733,-0.00698092,-0.01787306
2021-10-25,-0.00033621,-0.00456138,-0.01153814,0.00300591,0.02323734,0.01283892,0.01399724,-0.00086897,-0.00187836,0.01779031,0.01249054,-0.00333688,0.01917629,0.00407838,-0.00517856
2021-10-26,0.00456439,0.01663611,0.04445849,-0.00250438,0.01082776,0.02235073,0.01838696,0.01345240,-0.00400363,0.02232417,-0.03997412,0.00640502,0.06480529,-0.00700142,0.00474075
2021-10-27,-0.00315264,0.00485185,-0.00198415,-0.02913135,-0.02008191,-0.02036069,-0.04070189,0.04840428,-0.01553750,-0.00274711,-0.01143279,0.04125139,-0.01081997,-0.00351879,-0.00377339
2021-10-28,0.02468447,0.01581543,0.01049613,0.01103995,0.04034851,0.01227338,0.02088078,-0.00252353,0.00533838,0.03741066,0.01494132,0.00364477,0.01984186,0.03577957,0.01967359
2021-10-29,-0.01832236,-0.02174598,0.00648930,-0.01777495,-0.01743027,0.00395803,0.00101215,0.01495140,-0.00589776,0.00528565,0.02076617,0.02216680,0.02478952,-0.02293624,-0.02011290
2021-11-01,-0.00562332,-0.01623823,-0.00273751,-0.00808975,-0.00889036,-0.00683218,-0.00615955,-0.03120902,0.00938834,-0.02568154,0.01961663,-0.00680821,0.01011778,0.01896047,0.00368700
2021-11-02,0.00709068,-0.00161672,0.18555117,0.00117831,0.00959808,0.01693737,0.04519383,0.01339803,-0.00079222,0.03927025,-0.00577464,0.01135109,0.02198152,0.01637055,-0.00008769
2021-11-03,0.00975098,0.02127978,0.04361962,0.02007965,0.02111966,0.00982005,0.00395253,0.00798210,0.00750076,0.03216657,0.01073217,0.00260799,0.00743422,-0.03533102,-0.00087667
2021-11-04,-0.00350434,0.02711146,0.01939038,-0.00875944,-0.00346985,0.01145759,0.00020779,0.01132386,-0.00568675,-0.02821204,0.01267499,0.00727903,0.11370585,-0.00932454,0.03261740
2021-11-05,0.00357570,0.01200409,0.01267087,-0.00453865,-0.00755938,0.01860014,-0.01379443,0.00393444,0.02258123,-0.00991576,0.01559892,-0.00112989,-0.00164552,0.00000000,0.00008488
2021-11-08,-0.00556832,-0.00856452,-0.00779597,0.00129881,0.00523937,0.00005396,-0.00358430,0.00120183,0.00749550,-0.01695907,-0.00738495,0.00276317,0.03474827,0.00874409,0.02605778
2021-11-09,0.00245658,0.02469967,0.00934039,-0.00978297,0.01567055,-0.00205977,0.03016558,-0.00075496,-0.01682081,0.00908049,-0.00964432,-0.00309080,-0.00478358,-0.06164068,0.00716981
2021-11-10,-0.01934887,-0.02668797,-0.01746573,-0.03047677,-0.00596288,-0.01632087,-0.04849595,-0.02052249,-0.00522675,-0.04598801,-0.02331880,-0.01544828,-0.03986166,-0.00743507,-0.02983820
2021-11-11,-0.00033853,-0.00274637,-0.00143737,0.01235588,-0.01063698,0.01200920,0.01324851,-0.00087078,0.00041577,0.02633599,0.00030505,0.00491527,0.03111431,0.03122384,-0.00008438
2021-11-12,0.01423540,0.01504823,0.00838426,0.00093409,0.00579492,0.01398158,0.01181794,0.01977676,-0.01095179,0.01052738,0.03933931,0.01282238,0.00000000,-0.03621144,0.00422161
2021-11-15,0.00006655,0.00580691,0.00449728,0.01469345,-0.00057813,0.00451746,-0.00139957,-0.00152112,-0.00075682,-0.01290328,0.01937747,-0.00193221,-0.01208329,0.00124927,-0.00481403
2021-11-16,0.00664452,-0.00140547,-0.00170538,-0.00408221,0.00840617,0.00528827,0.00989490,-0.00388770,-0.00345526,0.00474627,-0.01332361,0.01018400,0.00591083,-0.00124927,-0.00033858
2021-11-17,0.01635580,0.00234139,0.00198939,-0.00383339,0.01851793,0.00152868,0.00594559,0.00115569,-0.00338222,0.00459669,-0.00640604,0.00067824,-0.03168564,0.01427252,0.00826507
2021-11-18,0.02813632,0.04060150,0.00355214,0.00531901,-0.00011257,0.00903482,0.01212608,0.01202838,-0.01192933,-0.00114740,-0.00612243,0.00631987,0.07927209,-0.00246742,0.03572255
2021-11-19,0.01683353,-0.00528707,-0.02745762,-0.00598619,-0.00598416,-0.01065112,-0.00279584,-0.00610531,-0.00524270,-0.00127598,0.01932855,0.00537744,0.04052545,-0.03797961,0.00702594
2021-11-22,0.00292324,-0.02869509,-0.00622282,0.01193654,-0.00910148,-0.02752407,-0.01409792,-0.01777966,0.00361268,-0.00012769,-0.01250207,-0.00960567,-0.03169334,0.00193381,0.00393566
2021-11-23,0.00241904,0.00208877,-0.01295814,-0.02726333,-0.02218705,0.00332013,0.00779582,-0.00356092,0.00274367,-0.02090687,-0.01108720,-0.00634664,-0.00659308,-0.00516462,-0.02755026
2021-11-24,0.00327818,0.00010331,0.00998865,0.00189468,-0.01435820,0.00648185,0.01845145,0.00231601,-0.00051375,0.00039121,0.01123389,0.00068067,0.02881259,0.00902074,-0.00537043
2021-11-26,-0.03219101,-0.02141232,-0.02223631,-0.03034084,-0.02630328,-0.02196729,-0.03027189,-0.02731330,-0.00791286,-0.03124846,-0.02355563,-0.02465716,-0.03649653,-0.00966827,-0.03044815
2021-11-29,0.02163779,0.01613654,0.01295878,0.02219438,0.00072996,0.03195795,0.03464728,0.02327088,0.02296207,0.02602039,0.01463174,0.02086203,0.05775441,0.00581214,0.01853072
2021-11-30,0.03108922,-0.01542056,-0.02026720,-0.03566596,-0.01309745,-0.01907002,-0.05119439,-0.02528076,-0.01188469,-0.02467629,-0.04097230,-0.01810571,-0.02119662,-0.02543331,-0.01801850
2021-12-01,-0.00321115,-0.01822862,-0.02175680,-0.00183814,-0.00135654,0.00194874,-0.02723173,-0.00597999,-0.00153812,-0.00606233,-0.04365626,-0.00154370,-0.03859630,-0.02541920,0.02927293
2021-12-02,-0.00614868,-0.00184860,0.01544968,0.01614606,0.02642122,-0.00417262,0.02574648,0.01348178,-0.00017116,0.01980245,-0.00067630,-0.00178910,0.02174351,0.00944014,0.00883115
2021-12-03,-0.01179411,-0.01393573,-0.01701613,-0.02381910,-0.04083659,0.01021106,-0.04333590,-0.00676923,0.01645917,-0.02495126,-0.01150336,-0.01986252,-0.04563072,0.01200809,-0.01966634
2021-12-06,0.02127500,0.01102522,0.00370603,0.00057040,0.00996370,0.01221629,-0.00392640,0.00809030,0.00896346,0.01053942,0.03531618,0.00979649,-0.02160461,0.02229591,-0.00159353
2021-12-07,0.03483263,0.02760204,0.03759110,0.01190329,-0.00111594,0.04400995,0.03364674,0.02833619,0.01383117,0.04339937,0.01542144,0.02641202,0.07656144,0.03128266,0.02634113
2021-12-08,0.02252735,-0.00003690,-0.00659277,0.00084482,-0.00435173,-0.00312149,-0.02905502,0.00620745,0.01177419,-0.00930961,0.02372415,0.00014897,-0.01870774,-0.02160184,-0.00426017
2021-12-09,-0.00297450,-0.01134374,0.02502688,-0.00791297,-0.00374547,-0.00877148,-0.01002506,-0.00370479,0.00446085,-0.01597520,-0.00224102,-0.00559814,-0.04288505,-0.01683970,-0.01906384
2021-12-10,0.02762832,-0.01131130,0.01565483,-0.01198823,-0.01588544,0.07947558,-0.00141903,0.00245564,0.00419922,-0.00555940,-0.00021209,0.02794574,-0.00962294,-0.01050580,-0.00310119
2021-12-13,-0.02089103,-0.01547520,0.01133645,-0.00057432,-0.01253207,-0.01598974,-0.03653362,-0.01480485,-0.01224307,-0.03994291,0.01427198,-0.00920932,-0.06983756,-0.02337332,-0.02301102
2021-12-14,-0.00805580,-0.00281108,-0.00805168,-0.01563678,-0.01347365,-0.01091739,-0.01791171,-0.01325023,0.00958036,0.00893910,-0.00224455,-0.03312960,0.00623025,-0.01978899,-0.00111710
2021-12-15,0.02811045,0.02467073,0.05591202,0.02350676,0.01360233,0.03977362,0.00911335,0.01745530,-0.00526599,0.01224691,0.02345372,0.01903564,0.07221305,0.00343967,0.03473244
2021-12-16,-0.04005559,-0.02597564,-0.06341413,-0.00514445,-0.02490296,-0.03043369,-0.03129725,-0.01372379,0.02264802,-0.03930767,-0.01998417,-0.02956774,-0.07045018,-0.00620022,-0.02819972
2021-12-17,-0.00652275,0.00676626,0.03688618,0.00770657,0.01762757,0.02274624,-0.00533990,-0.01901013,0.01160551,0.00686905,-0.00331985,-0.00339155,-0.02085949,0.01031264,-0.00214665
2021-12-20,-0.00815525,-0.01743466,-0.00519749,-0.02533947,-0.04099040,0.01573487,-0.02922133,-0.00083302,-0.00267221,-0.01406889,-0.02530320,-0.01208635,-0.00295381,-0.02914845,-0.01193463
2021-12-21,0.01890718,0.01978170,0.02630185,0.04727516,0.04424481,0.00825069,0.03043752,0.01308778,0.01492003,0.02213945,0.02653086,0.02280728,0.04776083,0.03392515,0.02151707
2021-12-22,0.01520245,0.00363150,0.01167830,0.00513304,0.02642180,0.01376960,0.05585659,0.02030149,0.00602989,0.02517920,-0.01128441,0.01789592,0.01111584,0.02088323,0.03233940
2021-12-23,0.00363704,0.00018412,0.01649058,0.02729759,0.02943613,0.01454592,0.03382487,0.00341951,0.00675961,0.02324097,0.01439130,0.00446203,0.00813001,-0.00467766,-0.00512450
2021-12-27,0.02271499,-0.00821165,0.03457333,-0.00337143,0.01754434,0.01415900,0.00074070,0.00671588,0.00754988,0.01974078,0.03211224,0.02292106,0.04308682,0.00734065,0.01659995
2021-12-28,-0.00578374,0.00582671,-0.01336870,-0.00745833,-0.00922144,-0.00786137,-0.02792121,-0.00827918,0.00764433,-0.00675421,0.00011560,-0.00351059,-0.02033786,-0.00399727,-0.00522956
2021-12-29,0.00050173,-0.00859173,0.00564356,-0.00916100,-0.01374565,0.00538144,-0.02208748,-0.00021810,0.00541410,-0.02949362,-0.00951878,0.00204917,-0.01064297,-0.00200448,-0.00533967
2021-12-30,-0.00660004,-0.00329443,-0.01772540,0.00329112,0.00160495,-0.01125818,-0.00007773,-0.00310399,0.00419061,0.00361752,0.00413171,-0.00772087,-0.01392935,0.00200448,-0.00818755
2021-12-31,-0.00354139,-0.01149522,0.00418269,-0.00838670,0.00271048,0.00049600,0.00690207,-0.00926648,-0.00186859,-0.00361752,-0.02353527,-0.00888047,-0.00593256,-0.00468392,-0.00091387
2022-01-03,0.02469677,0.02187726,-0.01055987,-0.01250358,-0.02592670,-0.00314592,-0.02156161,0.00096260,0.01764943,-0.01324179,0.00649013,-0.00467927,0.02385390,-0.00875705,0.06818905
2022-01-04,-0.01277291,-0.01706029,-0.02549089,0.02798484,-0.00252873,0.01139256,-0.01343588,-0.00409143,0.01444985,0.01068792,-0.00595502,-0.01729567,-0.02797642,-0.01705945,0.03509139
2022-01-05,-0.02696009,-0.01907385,-0.04054865,-0.05533729,-0.06390578,-0.04250527,-0.05893026,-0.04696191,0.00144811,-0.07442882,-0.03741915,-0.03914430,-0.05928555,-0.03715839,-0.04869279
2022-01-06,-0.01683421,-0.00673360,-0.00361144,-0.00043106,-0.00216145,-0.00932797,0.01156398,-0.00019958,-0.02105659,0.02307166,0.02525148,-0.00793321,0.02058094,0.02120241,0.01103610
2022-01-07,0.00098792,-0.00429700,-0.02433843,-0.00880691,0.01423420,-0.02846934,-0.02128927,-0.00531738,-0.00377552,-0.01556156,-0.00201746,0.00050983,-0.03359811,-0.02048814,-0.03945430
2022-01-10,0.00011622,-0.00659185,0.01578454,-0.00888492,-0.00414186,0.00324129,-0.01668367,0.01198836,0.00148235,-0.00273751,-0.01127507,0.00073189,0.00559963,-0.02164598,0.01215261
2022-01-11,0.01664423,0.02371860,0.01239060,0.03210522,0.04962506,0.00143194,0.05577272,0.00766165,-0.01612594,0.03362250,0.01902113,0.00225704,0.01510415,0.00799144,0.03273551
2022-01-12,0.00256688,-0.00093777,-0.00097652,0.00254702,-0.00562158,-0.00008060,0.00853712,0.01205354,0.00540421,0.00639688,-0.00332530,0.01039070,0.00652159,-0.00144837,0.02341361
2022-01-13,-0.01921111,-0.02446653,-0.01400217,-0.01724793,-0.01914429,-0.04070472,-0.02818504,-0.02031006,0.00872010,-0.03211521,-0.02055408,-0.04324424,-0.05219787,-0.01386369,0.05129711
2022-01-14,0.00509731,0.00571512,-0.01119036,-0.01040620,0.00715719,-0.00137391,-0.02399509,0.00642644,-0.00408968,-0.00660622,0.01646489,0.01756125,0.01371536,-0.01405878,0.01050551
2022-01-18,-0.01907461,-0.02006265,-0.02063702,-0.01729214,-0.01647300,-0.03165085,-0.01912744,-0.02528461,-0.00950791,-0.02096781,-0.04231067,-0.02463998,-0.03932756,-0.04107038,-0.04977513
2022-01-19,-0.02124868,-0.01661436,-0.01410482,-0.00890887,-0.01393823,-0.02420952,-0.01467888,-0.00650290,-0.01028264,-0.01601951,0.00451594,0.00224399,-0.03280659,-0.00155397,-0.02129681
2022-01-20,-0.01040147,-0.03008022,-0.02726151,-0.00074619,-0.00926624,-0.02923680,-0.00625522,-0.01347881,-0.00579294,0.00298625,-0.00952625,-0.00571956,-0.03726778,-0.01016031,-0.02066858
2022-01-21,-0.01284736,-0.06134555,-0.02751976,-0.01655410,-0.01865644,-0.02681132,-0.01608432,-0.02242388,-0.01130046,-0.01896253,-0.04321899,-0.01864087,-0.03266007,-0.04252545,-0.03005831
2022-01-24,-0.00487600,0.01323896,0.02406945,-0.00838099,-0.00151287,0.01553799,-0.00355872,0.00346556,-0.00410567,-0.00624824,0.01810858,0.00114787,-0.00008555,0.00653605,0.01141762
2022-01-25,-0.01145033,-0.03204164,-0.03833236,-0.01853335,-0.00898856,-0.01383297,0.00774019,-0.03002497,0.05497390,-0.00998730,-0.02812004,-0.02694811,-0.04587652,-0.02807769,-0.02801657
2022-01-26,-0.00056301,-0.00798614,0.00851431,-0.00939690,-0.00236424,0.04212283,0.01109574,0.01794183,-0.01361191,-0.00355770,-0.01856204,0.02809477,0.01986935,0.00584552,0.00488686
2022-01-27,-0.00294772,0.00549353,-0.00025437,0.04130658,0.01574815,-0.02694313,0.06570427,-0.00176571,-0.01304454,0.02252445,0.00003406,0.01049383,-0.03703802,-0.02359045,-0.05597384
2022-01-28,0.06745084,0.03061073,0.01906743,0.02872412,0.01631369,0.03227776,0.04307751,0.03313357,0.01483063,0.03264308,0.02371181,0.02769463,0.04001966,0.02525411,0.01051331
2022-01-31,0.02579025,0.03812743,0.03370458,0.02663734,0.07229564,0.04499967,0.06003742,0.01453538,-0.00693849,0.04263322,0.03756745,0.00878502,0.06958828,0.03270946,0.04179761
2022-02-01,-0.00097280,0.01077253,-0.00008040,0.00924329,-0.02682416,0.01160707,0.02232950,0.01715026,0.01456720,0.01810388,0.01815749,-0.00716432,0.00618846,0.04714164,0.00341912
2022-02-02,0.00701924,-0.00385012,0.01048385,0.00536398,0.03916594,0.01790787,0.02220490,0.07254179,0.01261115,0.00988715,0.01246132,0.01510712,0.02421925,-0.01157892,0.00889985
2022-02-03,-0.01686121,-0.08134850,-0.02735916,-0.02928577,-0.03069760,-0.03813760,-0.02859776,-0.03373852,0.00385418,-0.03151037,-0.30639072,-0.03973078,-0.05262453,-0.02994719,-0.03533313
2022-02-04,-0.00168045,0.12694892,0.00081785,0.01938188,0.01420763,0.01590139,-0.00294463,0.00141780,-0.00458303,0.00028174,-0.00282182,0.01544825,0.01537318,0.02449768,0.00979831
2022-02-07,-0.00424352,0.00187597,-0.00122706,0.00778979,-0.00619107,-0.00429616,-0.00462313,-0.02897241,0.00065598,-0.00282348,-0.05273951,-0.01644462,0.01667823,-0.00469476,0.01060305
2022-02-08,0.01829805,0.02178265,0.00969341,-0.04738050,-0.00584693,0.02119860,-0.02250898,0.00142127,-0.00160422,-0.06347425,-0.02125494,0.01192353,0.01525031,-0.02060304,0.01138129
2022-02-09,0.00825980,-0.00138870,0.04811056,0.03302851,0.03544225,0.01835699,0.04474547,0.01560911,0.00560366,0.03624394,0.05229196,0.02160012,0.06166436,0.04615619,0.01452489
2022-02-10,-0.02388177,-0.01365451,-0.01847936,-0.00286660,-0.01001610,-0.03322819,-0.00052008,-0.02121330,-0.01950566,-0.04198490,-0.01708468,-0.02878353,-0.03354651,-0.01851898,-0.00647404
2022-02-11,-0.02042575,-0.03657178,-0.04960896,-0.05912758,-0.00698434,-0.03080667,-0.08497944,-0.03179060,-0.00623592,-0.05033683,-0.03807252,-0.02457355,-0.07537778,-0.01332871,-0.03011781
2022-02-14,0.00142230,0.01214760,0.01559071,-0.00060920,-0.01589571,0.00895867,-0.01936590,0.00921797,-0.01932796,-0.03551822,-0.00846209,-0.00013567,0.01319087,-0.01591104,-0.01029988
2022-02-15,0.02288836,0.00862108,0.05635296,0.02927921,0.02734397,0.04095876,0.03047178,0.00795553,-0.00161483,0.03136687,0.01504465,0.01837286,0.08783870,0.03079586,0.03889298
2022-02-16,-0.00139000,0.01010778,0.01905691,0.00560691,0.01948234,-0.00926684,0.01453958,0.00823424,-0.00586590,-0.00481151,-0.02038740,-0.00116805,0.00060369,0.03063052,-0.00741576
2022-02-17,-0.02149836,-0.02205023,-0.02453600,-0.03509631,-0.04213215,-0.03096636,-0.03328164,-0.03847639,-0.03313296,-0.06053403,-0.04163238,-0.02971921,-0.07860107,-0.11073801,-0.03156077
2022-02-18,-0.00939999,-0.01335068,-0.02594696,-0.01638366,-0.02641875,0.00170825,0.00998021,-0.01624746,-0.00497377,0.01242035,-0.00749042,-0.00967795,-0.03593393,0.03558509,-0.00376466
2022-02-22,-0.01797292,-0.01587890,-0.03302012,-0.01523150,-0.01875824,-0.00437166,-0.01825064,-0.00453074,-0.00346397,-0.01894725,-0.01998897,-0.00072929,-0.01071625,-0.00081323,-0.02032078
2022-02-23,-0.02620440,-0.03641116,-0.03050240,-0.01755842,-0.02860976,-0.02147713,-0.00651660,-0.01729243,-0.01504161,-0.00068974,-0.01812642,-0.02623457,-0.04382808,-0.03056829,-0.00867656
2022-02-24,0.01654258,0.04410800,0.02250861,0.00096576,0.02874219,0.02586604,0.00371716,0.03921658,-0.00081943,0.01319092,0.04507602,0.04983113,0.05901781,0.01663921,-0.03530095
2022-02-25,0.01288212,0.01593037,0.02160830,0.05493053,0.05399051,0.01371588,0.06000378,0.01324007,0.01795692,0.03757643,0.01377758,0.00919089,0.01707592,0.03354117,-0.00582680
2022-02-28,0.00163669,-0.00146734,-0.00625431,-0.00626294,0.01703926,-0.00097002,-0.01022448,0.00443403,-0.01353942,-0.01469523,0.00260959,0.00496550,0.00939390,0.00561543,-0.03867776
2022-03-01,-0.01169644,-0.01589115,-0.04031971,-0.04481396,-0.02383589,-0.02992718,-0.02953686,-0.00739841,-0.00951370,-0.04021908,-0.03638360,-0.01293506,-0.03794679,-0.03334989,0.00967180
2022-03-02,0.02037925,0.00600611,0.04284238,0.03974450,0.03755313,0.02709748,0.05088100,0.00379717,0.02047293,0.04038532,0.02245003,0.01760953,0.03132765,0.04764723,0.01433442
2022-03-03,-0.00198277,-0.02769967,-0.02218847,-0.00556007,-0.06003186,-0.01233300,-0.03413476,-0.00500624,0.01657435,-0.03986602,-0.02500855,-0.01432611,-0.02111288,-0.04023071,-0.00750893
2022-03-04,-0.01858004,-0.01538148,-0.01498620,-0.01702477,-0.03630048,0.02961253,-0.03797851,-0.01499638,0.00546415,-0.03325720,-0.01444089,-0.02069127,-0.03335788,-0.04879008,-0.03488801
2022-03-07,-0.02400333,-0.05786267,-0.03519682,-0.08529450,-0.09446688,-0.04336016,-0.10539737,-0.04281175,-0.00435297,-0.08842758,-0.06499852,-0.03850882,-0.07156258,-0.03509129,-0.05648664
2022-03-08,-0.01174468,-0.01052059,0.00130977,0.02924716,-0.02323261,0.00915728,-0.00385899,0.00572816,-0.00309835,0.02146460,0.01493050,-0.01103187,0.00755887,0.01682186,0.00712530
2022-03-09,0.03439885,0.02371770,0.05111441,0.05304968,0.06658936,0.03592970,0.06694078,0.04849255,0.00428738,0.05036491,0.04223974,0.04483779,0.06739850,0.07197358,0.04831379
2022-03-10,-0.02756276,0.05271119,0.00248429,-0.01946450,0.00604333,-0.01568298,0.00618016,-0.00745175,-0.01492629,-0.02804078,-0.01671308,-0.01013779,-0.01558970,0.00081668,-0.00947784
2022-03-11,-0.02419933,-0.00884586,-0.00830501,0.01566523,-0.00168294,-0.01695327,-0.00695536,-0.01951256,-0.00314113,-0.02194153,-0.03971066,-0.01951797,-0.02493529,0.01136409,-0.02483439
2022-03-14,-0.02692138,-0.02555321,-0.03937755,-0.05946560,-0.01827105,-0.01754523,-0.06487747,-0.03064478,-0.00016141,-0.02792508,-0.00523719,-0.01304568,-0.03546299,-0.05644676,-0.02102625
2022-03-15,0.02924553,0.03813140,0.04974808,0.00235383,0.01841141,0.04302044,0.00878791,0.02545316,0.01362309,0.02390079,0.02852350,0.03801119,0.07420484,0.01357092,0.02770910
2022-03-16,0.02860249,0.03819477,0.02470065,0.04482407,0.06586465,0.02393699,0.05608956,0.03110968,0.01108127,0.06288107,0.05865303,0.02490056,0.06419042,0.06047595,0.03946702
2022-03-17,0.00643343,0.02664948,0.01446924,-0.01130318,0.02098134,-0.00735685,0.03288679,0.00418175,0.00721579,0.03890180,0.02046388,0.00281532,0.01096190,0.01885383,0.00754041
2022-03-18,0.02070293,0.02519215,0.04082199,0.01610861,0.04491454,0.01276107,0.02405612,0.01693944,0.00623240,0.03090827,0.04077591,0.01749394,0.06589777,-0.00155777,0.00215782
2022-03-21,0.00850153,0.00149344,0.00531914,-0.00127916,-0.02729230,-0.00831384,-0.00187404,-0.00017632,-0.00513876,-0.01815594,-0.02336675,-0.00423590,0.01056659,-0.02047309,0.00187211
2022-03-22,0.02058730,0.02082005,0.03037893,0.03428531,0.02343852,0.01657571,0.02822290,0.02729833,0.00746602,0.02952549,0.02410543,0.01624618,-0.00788615,0.00792392,0.00112186
2022-03-23,0.00819986,-0.00902240,-0.02132570,-0.02981554,-0.02038300,-0.01975750,-0.01880720,-0.01145107,-0.00590602,-0.01964326,-0.01483369,-0.01514428,-0.03413023,-0.00871971,-0.01591453
2022-03-24,0.02242459,0.00147681,0.04780622,0.01752638,0.00595633,0.04414123,0.01539222,0.02356050,0.00737714,0.00456740,0.02822168,0.01527574,0.09362743,-0.00079671,0.02410201
2022-03-25,0.00372727,0.00684481,-0.00913449,-0.02199615,-0.00063187,0.00388758,-0.01523064,0.00071306,0.01611709,-0.01000769,0.01019520,-0.00138199,-0.01640362,-0.01283058,-0.01108777
2022-03-28,0.00502397,0.02527067,0.00712776,0.01129590,0.00680444,0.00635645,0.00587923,-0.00153621,0.00091306,-0.00136466,0.00794778,0.02285334,0.01885191,0.00483049,-0.00375489
2022-03-29,0.01895344,0.00191844,0.01006471,0.03878860,0.03794976,0.01348157,0.05658715,0.00739509,0.00356861,0.05318626,0.02765643,0.01504561,0.01536725,0.04630107,0.02709148
2022-03-30,-0.00667190,-0.01796153,-0.01871090,-0.04148178,-0.01240905,-0.01631406,-0.03513713,-0.00398648,0.00143931,-0.04080180,-0.00878307,-0.00492634,-0.03429142,-0.03591314,-0.02333660
2022-03-31,-0.01793568,-0.02006452,0.00570044,-0.01679626,-0.00564692,-0.00223673,-0.00228200,-0.02043442,-0.01609815,-0.01426402,-0.02438972,-0.01784144,-0.01469750,0.00791746,-0.02341450
2022-04-01,-0.00171959,0.00344503,0.00359118,0.00546973,0.02203784,-0.00429698,0.00933067,0.00775734,0.00099915,0.02215742,0.01113595,0.00359413,-0.02126101,0.00863764,-0.01419984
2022-04-04,0.02341729,0.02884445,0.02317366,0.01638980,0.01600804,0.01247405,0.01886430,0.01992845,0.00092168,0.00267284,0.03941719,0.01777770,0.02396923,0.02012455,0.01927032
2022-04-05,-0.01912398,-0.02582264,-0.01183858,-0.03582978,-0.03620111,-0.03319850,-0.05477804,-0.01679054,-0.01064993,-0.04190719,-0.00880342,-0.01307036,-0.05364297,-0.01156061,-0.02209558
2022-04-06,-0.01862293,-0.03283328,-0.06637864,-0.03495708,-0.02400146,-0.01993297,-0.04441520,-0.02917852,0.00387177,-0.02074233,-0.03753123,-0.03729264,-0.06056916,-0.01878044,-0.01296168
2022-04-07,0.00180248,-0.00613823,0.00611725,-0.02330857,0.00689876,0.00174271,-0.02223429,-0.00484160,-0.00651317,-0.00874133,-0.00156870,0.00622435,-0.00818662,-0.01111972,-0.00654431
2022-04-08,-0.01198036,-0.02129181,-0.01356859,-0.00190930,0.00461436,-0.02697525,-0.00581072,-0.01932626,-0.00639923,0.03330402,-0.00278472,-0.01470778,-0.04602873,0.02211788,-0.01231206
2022-04-11,-0.02584708,-0.02185095,-0.02998013,-0.01205986,-0.04218671,-0.01094541,-0.01905489,-0.03406521,-0.01070453,-0.02527342,-0.02675696,-0.04023012,-0.05339224,0.04132188,-0.01747469
2022-04-12,0.01145741,-0.00221582,0.00204254,-0.02420481,-0.01372092,0.00765228,0.00556956,-0.00864587,-0.00309091,-0.01360067,-0.01077577,-0.01128131,-0.01902338,0.00374114,-0.00133310
2022-04-13,0.01621048,0.03103776,0.03052903,0.03956025,0.03427394,0.01268681,0.02619006,0.01692133,0.00126900,0.01768038,0.00396153,0.01952059,0.03198841,0.04882567,0.04082189
2022-04-14,-0.03044697,-0.02496165,-0.03714320,-0.00451238,-0.01731333,-0.03205053,-0.03016537,-0.02465991,0.00332418,-0.02219527,-0.02262728,-0.02745786,-0.04349412,0.00213159,-0.03142473
2022-04-18,-0.00133185,0.00708401,-0.00300661,-0.01277931,-0.00818371,0.02180481,-0.00880101,0.00744081,-0.00308619,-0.01275047,0.00280314,0.00246263,0.02439654,-0.00855323,0.00415985
2022-04-19,0.01401639,0.03429401,0.02070337,0.03173230,0.04513782,0.01878239,0.04785854,0.01810412,0.02334416,0.03388308,0.03055739,0.01689651,0.01887250,0.03516514,0.00686124
2022-04-20,-0.00101582,-0.02638612,-0.01312513,0.00968145,0.02219302,0.00016727,0.02446820,-0.01526106,0.06859561,0.02623441,-0.08090965,0.00370814,-0.03278684,-0.00972225,-0.00443428
2022-04-21,-0.00485564,-0.03772931,-0.05637232,-0.05204055,-0.05514504,-0.00838353,-0.06671717,-0.02551409,0.01100047,-0.07266148,-0.06360102,-0.01957146,-0.06237489,-0.05744576,-0.01372885
2022-04-22,-0.02821551,-0.02696936,-0.02093486,-0.04051813,-0.02597520,-0.00979921,-0.01818961,-0.04237905,-0.01150700,-0.03976303,-0.02128055,-0.02444052,-0.03365708,-0.02393522,-0.02048275
2022-04-25,0.00671468,0.01187243,0.01048020,0.00849346,0.01209261,0.00158325,0.01730134,0.02833626,0.00612972,0.02348123,0.01552151,0.02412012,0.01963693,0.00000000,0.00583584
2022-04-26,-0.03804249,-0.04683040,-0.03160229,-0.06141801,-0.06546257,-0.04846106,-0.04768873,-0.03660776,-0.02114218,-0.04082200,-0.03283442,-0.03812120,-0.05760198,-0.05205033,-0.03672187
2022-04-27,-0.00146789,-0.00881983,-0.00052077,-0.00450651,-0.01986373,-0.00094687,0.00176940,-0.03739943,-0.00833198,0.01560090,-0.03372053,0.04698739,-0.02005274,0.00397905,-0.02742880
2022-04-28,0.04416539,0.04548393,0.04855037,0.02693169,0.01019276,0.03408397,0.00760121,0.03632425,0.00502219,0.01726496,0.16206441,0.02238035,0.07160674,-0.00797447,0.05349551
2022-04-29,-0.03729144,-0.15139791,-0.04517009,-0.04997621,-0.06969763,-0.04333044,-0.05180006,-0.03794445,-0.02634959,-0.03109856,-0.02590006,-0.04271134,-0.06446443,-0.04587205,-0.02434343
2022-05-02,0.00196445,0.00175655,0.02300920,0.04249291,0.02092144,0.03884669,0.04080205,0.02144508,0.00625808,0.03792188,0.05180951,0.02473506,0.05179722,0.03864009,0.00889168
2022-05-03,0.00957658,-0.00198187,-0.03642405,-0.00366631,0.02454112,0.00832807,0.01705607,0.00642111,-0.00391610,0.02518100,0.00425365,-0.00950139,0.00352625,0.01520644,-0.00138739
2022-05-04,0.04019013,0.01339042,0.03244182,0.03662997,0.03822143,0.03796785,0.03631443,0.04113355,0.03616273,0.05483273,0.05228099,0.02868518,0.03666282,-0.00477712,0.02489325
2022-05-05,-0.05732877,-0.07862161,-0.05955335,-0.00541906,-0.03952122,-0.04000024,-0.06134174,-0.04821966,-0.01082984,-0.03531562,-0.07012532,-0.04453160,-0.07609984,-0.03161984,-0.04082637
2022-05-06,0.00471606,-0.01414075,0.00000000,-0.00884539,-0.01925652,0.00018969,-0.03361904,-0.00653601,0.01279319,-0.03324149,-0.02189147,-0.00949144,-0.00900886,0.00983614,-0.00565896
2022-05-09,-0.03375250,-0.05354166,-0.07968234,-0.06542118,-0.07016133,-0.03006301,-0.04876060,-0.02835146,-0.01168419,-0.07139678,-0.03780630,-0.03764503,-0.09691777,-0.07010047,-0.04840842
2022-05-10,0.01598356,0.00064324,0.02533974,0.01780235,0.01816234,0.03228429,0.02412229,0.01660629,-0.04029836,0.02573899,0.00731217,0.01842467,0.03734702,-0.03925557,0.01726151
2022-05-11,-0.05323313,-0.03255652,-0.02115257,0.01123700,-0.02227901,-0.02486864,-0.02370872,-0.00695182,0.01246762,-0.01993948,-0.04612725,-0.03377383,-0.05640641,-0.04751724,-0.01120857
2022-05-12,-0.02726264,0.01468209,-0.01212260,0.01091844,0.01292585,0.00783374,0.02774019,-0.00669916,0.01630968,-0.03758685,0.01315880,-0.02015941,-0.02774165,0.00760448,-0.00159535
2022-05-13,0.03141756,0.05569537,0.06639946,0.04974079,0.07073515,0.02874805,0.08110982,0.02801908,0.00525352,0.06872264,0.03786415,0.02234488,0.09043668,0.05257067,0.03661206
2022-05-16,-0.01072956,-0.02005288,-0.03417137,-0.01281221,-0.01870607,-0.00951405,-0.02936401,-0.01393098,0.01064645,-0.01229145,0.00712374,0.00145409,-0.02527995,-0.00089858,-0.00606522
2022-05-17,0.02510473,0.04030981,0.02232049,0.03132491,0.03692494,0.04280070,0.02852893,0.01756501,0.02443453,0.04115163,0.01281519,0.02013995,0.05153345,0.04225978,0.03167971
2022-05-18,-0.05807297,-0.07425164,-0.04573535,-0.00842951,-0.04393722,-0.06378569,-0.03967000,-0.04005820,-0.04003347,-0.04469163,-0.05258780,-0.04659849,-0.07059739,-0.02974840,-0.03035321
2022-05-19,-0.02495011,0.00192600,-0.01443538,-0.00720267,-0.00164828,-0.04363242,0.00999441,-0.01363611,-0.02498223,-0.00592753,-0.00495405,-0.00370656,0.01092137,0.00714270,-0.00354087
2022-05-20,0.00174586,0.00253132,0.01511760,0.00977575,0.00119918,-0.00554432,0.02818933,-0.01346165,-0.00914248,0.02543668,0.01169366,-0.00229381,-0.02543160,0.03839942,0.00629877
2022-05-23,0.03933498,-0.00031610,-0.00331801,0.01349158,0.02119369,-0.03147382,0.00814741,0.02341351,0.02072090,0.00366399,0.01380322,0.03152973,0.01214589,0.00767583,0.00789975
2022-05-24,-0.01940301,-0.03266897,-0.02584431,-0.03014940,-0.02660085,-0.00411217,-0.00508444,-0.05076090,0.01985216,-0.03845875,-0.07924462,-0.00395974,-0.04502744,0.01014358,-0.03085350
2022-05-25,0.00113944,0.02537187,0.01255992,0.04023951,0.02057005,0.01407457,0.02877566,-0.00155820,0.00439981,0.01212870,0.01396870,0.01110834,0.04957363,-0.00168324,0.01886936
2022-05-26,0.02293469,0.03950432,0.02697322,0.04092230,0.03877801,0.03516981,0.06324343,0.01861009,0.01843160,0.07314748,0.04155486,0.01279296,0.05031809,0.01089229,0.00650476
2022-05-27,0.03994785,0.03597708,0.02061342,0.03732597,0.03143394,0.05754970,0.02289714,0.04111291,0.01723677,0.02896666,0.01809979,0.02723046,0.05238218,0.03198319,0.02998562
2022-05-31,-0.00536043,0.04303085,-0.03449781,-0.04544692,-0.02140751,-0.00541492,-0.02721774,0.01278768,-0.00309242,-0.02219316,-0.00766527,-0.00502663,-0.00741643,0.01203392,0.01618468
2022-06-01,-0.00087393,0.01219142,-0.00598188,0.00225284,-0.01886467,-0.01128528,-0.01453745,0.00114198,0.00424056,-0.00640617,-0.02616053,0.00202104,-0.01903166,-0.03737254,-0.00578795
2022-06-02,0.01667187,0.03096591,0.04302672,0.01306984,0.03599944,0.00542453,0.04727530,0.03222982,0.00515042,0.03411567,0.05276067,0.00789741,0.06712771,0.03737254,0.01664191
2022-06-03,-0.03931888,-0.02550764,-0.02838088,-0.01289688,0.01262711,-0.02354366,-0.00296224,-0.02654761,0.00732261,-0.01844758,-0.04148019,-0.01674626,-0.04552905,-0.00881084,-0.02703864
2022-06-06,0.00521405,0.01974655,0.00329015,0.02377205,0.00068170,-0.00371726,-0.02123745,0.01970583,0.01196942,0.02128309,0.01802520,-0.00471438,0.00351945,0.03089360,-0.00706364
2022-06-07,0.01743296,-0.01444798,0.00760314,-0.00152204,-0.00259295,0.02073765,0.00863269,0.00281228,-0.00070019,0.00775598,0.00718123,0.01385691,0.00742507,-0.02367905,0.00780974
2022-06-08,-0.00505601,-0.01490731,-0.01205705,-0.03024296,-0.00919789,-0.01340570,-0.02904166,0.00037982,-0.01375133,-0.03757151,0.00504723,-0.00769916,-0.01458645,0.01190952,-0.00395078
2022-06-09,-0.03661790,-0.04239457,-0.04607187,-0.01158111,-0.02853733,-0.01629859,-0.02215082,-0.02033000,-0.02058954,-0.03110783,-0.06643882,-0.02100251,-0.03270393,-0.02396268,-0.02843072
2022-06-10,-0.03939457,-0.05758898,-0.03568672,-0.03978566,-0.06932729,-0.02724578,-0.05618224,-0.03251664,-0.01291317,-0.04068873,-0.04689775,-0.04558700,-0.06135218,-0.07641163,-0.02417526
2022-06-13,-0.03903725,-0.05608073,-0.03068942,-0.08366103,-0.11018834,-0.04467691,-0.09864201,-0.04384892,-0.00796153,-0.08777746,-0.06658739,-0.04333842,-0.08140361,-0.10671870,-0.03593347
2022-06-14,0.00665068,-0.01320536,-0.00173890,-0.01448142,0.00339029,0.00491426,-0.02176927,0.00303125,0.00450461,0.00724490,-0.00323174,0.00916283,0.01200643,-0.02556690,0.01898868
2022-06-15,0.01991193,0.05106358,0.01017327,0.02382250,0.00307340,0.01249454,0.01435895,0.02817075,0.00982488,0.03320075,0.03374884,0.02930167,0.04270958,0.05333316,0.02200616
2022-06-16,-0.04045909,-0.03795463,-0.02673523,-0.07750724,-0.08815891,-0.05769799,-0.07639907,-0.03458198,-0.01019329,-0.07747866,-0.05137095,-0.02734043,-0.05766021,-0.06434970,-0.04785436
2022-06-17,0.01146709,0.02439608,0.00573451,0.03094030,0.01496833,0.00295236,0.00633538,0.01041396,-0.00480238,0.00265945,0.01768312,0.01088072,0.01772534,0.00902284,0.00566324
2022-06-21,0.03223553,0.02289536,0.03128468,0.03262247,0.02821178,0.01847153,0.01080063,0.04025002,0.02074302,0.02599817,-0.04171566,0.02429387,0.04229203,0.01387525,0.02268196
2022-06-22,-0.00383461,0.00248125,-0.00845514,0.00679725,0.00498036,-0.01534211,0.00032862,-0.00050662,-0.00560139,-0.01193198,-0.00767006,-0.00240709,-0.01251303,-0.00098504,-0.02374118
2022-06-23,0.02134456,0.03153073,0.02462969,-0.00499332,0.02210998,0.00096671,0.02264339,0.00674467,0.00987247,0.01236323,0.01843663,0.02238403,-0.00828596,0.02047851,-0.00934796
2022-06-24,0.02422149,0.03512809,0.04570935,0.04042132,0.03930739,0.02488042,0.05744986,0.04981574,0.02581235,0.04592222,0.06940850,0.03357995,0.05404443,0.04621308,0.02117234
2022-06-27,0.00000000,-0.02821502,-0.00956268,0.00728124,0.00814308,-0.00666146,-0.01016579,-0.01831908,0.00519561,-0.00206119,-0.00394534,-0.01055234,-0.01512005,0.02817070,-0.00069855
2022-06-28,-0.03024238,-0.05277264,-0.03719587,-0.02141919,-0.02547904,-0.01446018,-0.03144894,-0.03358793,-0.00660445,0.00185523,-0.05337912,-0.03226417,-0.05401476,-0.02449067,-0.01786185
2022-06-29,0.01293981,0.01405345,-0.00347024,-0.03150329,-0.02527434,-0.01626124,-0.04056274,-0.00273573,-0.00813963,-0.02523350,0.02008602,0.01463064,-0.02791699,-0.06545745,-0.00821461
2022-06-30,-0.01819217,-0.02519539,-0.01261481,-0.02445097,-0.00997477,-0.00942425,0.00175559,-0.02482177,0.00340545,-0.02264075,-0.01654481,-0.01326689,-0.02495158,-0.01680713,-0.02297575
2022-07-01,0.01603472,0.03105406,-0.00352652,0.01596086,0.02928909,-0.01654173,0.01738586,-0.00207166,-0.00049589,0.00946037,-0.00759467,0.01065055,-0.04286095,0.00199207,-0.05986060
2022-07-05,0.01875365,0.03533051,0.02891104,0.03608485,0.02496340,-0.00322809,0.01284408,0.04077584,-0.02511440,0.01949634,0.04973286,0.01251856,0.02991380,0.02941407,-0.01162548
2022-07-06,0.00956152,0.00728618,0.02546596,-0.01638549,-0.01088696,0.01316092,-0.00063827,0.01149095,0.00333697,-0.00652698,0.00935043,0.01270174,0.01103217,-0.01166215,-0.00725253
2022-07-07,0.02371599,0.01734198,0.03330322,0.04037579,0.03018972,0.03247507,0.03543964,0.03609472,0.01972031,0.02811805,0.01415407,0.00819357,0.04699471,0.02985311,0.06519166
2022-07-08,0.00470346,-0.00681420,0.01005032,-0.01444128,-0.00573552,0.00030076,-0.01260982,0.00479142,-0.00255943,-0.02369193,-0.00763698,-0.00276124,-0.00126214,-0.00285047,0.01060690
2022-07-11,-0.01486773,-0.03335256,-0.01270172,-0.01682036,-0.01824262,-0.03225802,-0.00972044,-0.03129219,0.00376581,-0.00590583,-0.04794791,-0.01183854,-0.04427954,-0.01921278,-0.02988634
2022-07-12,0.00681036,-0.02290003,-0.03441022,0.00019741,0.00982608,-0.00309060,-0.01257753,-0.01441915,-0.01299185,-0.01277443,0.00239149,-0.04184479,-0.00463068,-0.00583658,-0.00012657
2022-07-13,-0.00253962,0.01074594,0.00040701,-0.00811834,-0.01890490,0.00074772,-0.02826199,-0.02366846,-0.01447415,-0.01077145,0.00134680,-0.00375207,0.00542233,-0.03575374,0.02731035
2022-07-14,0.02027524,0.00208113,0.00810537,-0.03294214,-0.01018493,0.00602241,-0.01955570,-0.00889411,0.01361141,-0.00739120,-0.03384045,0.00536707,0.01362348,-0.02042967,0.02885730
2022-07-15,0.01138521,0.02605202,0.02560283,0.04381732,0.03487362,0.02006000,0.03690970,0.01269450,0.00616545,0.05124961,0.04121414,0.01033693,0.02505428,0.04144092,0.02315513
2022-07-18,-0.02085922,0.00184769,-0.01077881,0.00881060,-0.00280520,-0.00689979,0.00161167,-0.02488721,-0.01287551,0.00969576,0.01524431,-0.00966814,0.02127945,0.01863718,-0.02423139
2022-07-19,0.02637113,0.03837171,0.04062311,0.03392111,0.03490894,0.03588154,0.06060559,0.04290722,-0.05391441,0.04181528,0.04986328,0.02055442,0.05386134,0.05207056,0.03028582
2022-07-20,0.01341964,0.03784996,0.00133562,0.02088460,0.02458779,0.00542733,0.02129354,0.00079063,-0.01307400,0.01601608,0.04074438,0.01050207,0.04684880,0.03623566,0.00474790
2022-07-21,0.01498130,0.01503667,0.01005508,0.00717119,0.02034278,0.01148184,-0.03236799,0.00385561,-0.01583940,0.01614464,0.00043700,0.00975118,0.01355402,-0.00983481,0.01410964
2022-07-22,-0.00814413,-0.01789159,-0.03427590,-0.01179531,-0.00627451,-0.01001753,-0.01492498,-0.05797162,0.00861400,-0.02158484,-0.07891957,-0.01706033,-0.04134114,-0.02455782,-0.01688646
2022-07-25,-0.00742551,-0.01051084,0.01049370,0.00185220,0.00138082,0.00115059,0.00857043,-0.00362102,0.00225868,0.01565680,-0.01559940,-0.00589385,-0.01718041,0.00550986,-0.00023153
2022-07-26,-0.00886562,-0.05366833,-0.00116057,-0.00910871,-0.01747536,-0.00394432,-0.03835719,-0.02343301,-0.00358493,-0.02014771,-0.04604853,-0.02713932,-0.02926554,-0.03068577,-0.02202520
2022-07-27,0.03366166,0.05226402,0.05424039,0.02362184,0.02951336,0.03215259,0.04307563,0.07376780,0.00808684,0.02950189,0.06347762,0.06471221,0.07327796,0.02976963,0.03731894
2022-07-28,0.00356550,0.01077090,0.05553272,0.03017983,0.07665820,0.01096672,0.04756162,0.01020782,0.00077431,0.05201517,-0.05366113,0.02814082,0.01084605,0.03953813,0.01112155
2022-07-29,0.03226679,0.09859083,0.01120891,0.01038657,0.00517725,0.00349838,0.00846103,0.01821854,0.01207671,0.00036049,-0.01013077,0.01554394,0.00990401,0.00527221,-0.00146829
2022-08-01,-0.00617239,0.00325518,0.00836756,0.00035032,0.01551061,0.00166047,0.01139766,-0.01263114,0.00951192,0.00126133,0.00520335,-0.00977204,0.01518994,-0.00351192,-0.02483118
2022-08-02,-0.00933061,-0.00912635,-0.00400428,-0.01250799,-0.00178802,-0.00966655,-0.02620254,0.00234804,-0.00174342,-0.06107484,0.00162429,-0.01154096,0.00459859,-0.00529101,-0.00301679
2022-08-03,0.03753424,0.03917485,0.03818918,0.01443186,0.01285762,0.02881588,0.00515711,0.02530044,0.00401286,0.01990028,0.05235416,0.02745626,0.01961644,0.01404769,0.00533139
2022-08-04,-0.00192814,0.02162517,0.01111305,0.01319250,0.00488059,0.01102278,0.01716357,0.00093119,-0.00530361,-0.00093871,0.01043110,0.00416867,0.01689981,0.03932122,0.02183816
2022-08-05,-0.00139017,-0.01249269,0.02899220,-0.00796417,-0.00828429,-0.00246303,-0.01607586,-0.00611049,0.00636083,-0.01552206,-0.02049352,-0.00261237,-0.01183136,0.03135589,0.01515286
2022-08-08,-0.00290711,-0.00992121,-0.01567319,-0.00191383,0.00000000,-0.01077533,0.01481071,-0.00144840,0.00098081,0.00741241,0.01861570,-0.00919664,-0.06505513,0.01451617,-0.02059636
2022-08-09,0.00030322,-0.01139820,-0.03044844,0.00832468,-0.01691555,-0.02361171,-0.01857275,-0.00572813,-0.01144288,-0.02027596,-0.01015429,0.00703850,-0.04054545,-0.00481532,-0.03153586
2022-08-10,0.02585759,0.03465341,0.05233846,0.03546060,0.03462258,0.03251739,0.06823895,0.02598213,0.01555778,0.06995849,0.05657819,0.02400954,0.05748691,0.03011338,0.03980287
2022-08-11,-0.00444142,-0.01447103,-0.01136109,0.01489103,0.00401128,-0.00908894,-0.01804211,-0.00721055,0.00787773,0.02068554,-0.00477760,-0.00742812,-0.00860199,0.00467262,0.00954031
2022-08-12,0.02119910,0.02048000,0.00656416,0.00180479,0.00239881,0.02319660,0.02588589,0.02361655,0.01103004,0.01082511,0.01681649,0.01689354,0.04186051,0.01235559,0.01485777
2022-08-15,0.00631353,-0.00258090,0.01471079,0.00783809,0.00478100,0.00130675,-0.00101171,0.00328198,0.00684148,0.00697841,0.00215820,0.00532983,0.01711696,-0.00461548,0.00778418
2022-08-16,-0.00092428,0.01111281,0.00904702,-0.01227410,0.00132391,-0.01316413,-0.01017286,-0.00311766,0.01200811,-0.00557880,-0.00788096,-0.00259286,-0.00807148,-0.01632360,-0.01785011
2022-08-17,0.00874626,-0.01868426,-0.00346993,-0.01823234,0.01196837,-0.02395916,-0.01008976,-0.01782425,0.00896664,-0.01160548,-0.02607946,-0.00263987,-0.02923839,-0.01898798,-0.00837289
2022-08-18,-0.00229432,0.00140645,0.02502036,0.00521920,0.01363389,0.03621049,0.00785622,0.00517269,0.00924662,-0.01263702,-0.00108737,-0.00395531,0.02360762,0.00159629,0.00078429
2022-08-19,-0.01521688,-0.02901859,-0.02085792,-0.02413431,-0.03490692,-0.01810545,-0.03836393,-0.02494020,-0.00504611,-0.03166215,-0.03911520,-0.01395102,-0.05047188,-0.04525671,-0.02346092
2022-08-22,-0.02329866,-0.03691703,-0.02224561,-0.01822815,-0.01398651,-0.03654383,-0.02251678,-0.02566581,-0.02059064,-0.02186797,-0.02966908,-0.02979433,-0.04673616,-0.00084204,-0.02273345
2022-08-23,-0.00203141,0.00299801,-0.00141677,0.01753953,0.02236478,0.00194601,0.01327773,-0.00333170,-0.00599358,-0.00170206,-0.01196953,-0.00472782,0.00859267,0.00671694,0.00922532
2022-08-24,0.00179270,0.00134626,-0.01053101,0.01486600,0.00304124,0.00199876,0.00399769,-0.00149429,-0.01127014,0.00622691,0.01325658,-0.00235414,0.00238348,0.01412577,-0.00547832
2022-08-25,0.01481233,0.02567646,0.00682218,0.02263854,0.03106761,0.03569410,0.02574611,0.02570261,0.00561355,0.02342557,0.03325202,0.01103454,0.03933918,0.00903484,0.02322083
2022-08-26,-0.03842817,-0.04873552,-0.02773502,-0.06756082,-0.03995312,-0.05467344,-0.06757811,-0.05561156,-0.02723712,-0.05262886,-0.04235838,-0.03935135,-0.09681864,-0.06415675,-0.03285107
2022-08-29,-0.01378479,-0.00736939,-0.01185572,-0.01249574,-0.02345138,-0.01290777,-0.02423857,-0.00837265,-0.00053715,-0.00934039,-0.01626486,-0.01072519,-0.02863494,-0.02203727,-0.02255599
2022-08-30,-0.01542403,-0.00820055,-0.00395586,-0.01301764,0.00272391,-0.01526632,-0.00594345,-0.00439652,-0.00561779,-0.00883648,-0.01270826,-0.00855771,-0.02129985,-0.01165392,-0.00072445
2022-08-31,-0.01069187,-0.01534276,-0.01012542,0.01139968,0.00826173,-0.01448068,-0.01772599,-0.00663112,-0.00875863,-0.00276497,0.03605608,-0.00572045,-0.02447608,0.00090113,0.00674149
2022-09-01,0.00469591,0.00824863,-0.02192699,-0.01358598,-0.01385320,-0.01432743,0.00223318,0.01394771,0.00937588,-0.00854138,0.01480424,-0.00410070,-0.07975011,-0.00904976,-0.02072910
2022-09-02,-0.01370479,-0.00242821,0.00017055,0.00309566,-0.00507343,0.01654893,-0.00351108,-0.01737258,-0.01452742,-0.01771035,-0.03095299,-0.01680701,-0.02102752,-0.01742368,-0.00910573
2022-09-06,-0.00824901,-0.01104026,0.00212902,0.01120973,0.00452603,-0.00404624,0.00287348,-0.00968976,-0.00840845,-0.01493319,-0.01116493,-0.01103472,-0.01342582,0.01286779,-0.01081230
2022-09-07,0.00921136,0.02637185,0.02287539,0.01993667,0.02899556,0.01381427,0.02363197,0.02441622,0.00778230,0.01858145,0.01160160,0.01893125,0.01862053,0.02791730,-0.00100021
2022-09-08,-0.00966438,0.00262254,0.02065494,0.00211264,0.03075931,0.01337194,0.00579592,-0.00982416,0.00593327,0.01286447,0.01035815,0.00166469,0.01992561,0.00443053,0.00362058
2022-09-09,0.01866435,0.02622825,0.01318847,0.02174580,0.01484170,0.02024580,0.02818541,0.02072833,0.00558877,0.02815982,0.04281913,0.02271723,0.02798233,0.02186361,0.01594895
2022-09-12,0.03778520,0.02358105,0.00272914,0.01418202,0.00101577,0.01266793,0.01147181,0.00189606,0.01131458,0.02265410,-0.00112376,0.00824667,0.00816826,0.00775512,0.00757614
2022-09-13,-0.06047154,-0.07318947,-0.03948690,-0.03945151,-0.03498740,-0.04922009,-0.06611346,-0.06080494,-0.02644502,-0.05221285,-0.09837478,-0.05654755,-0.09951760,-0.05287555,-0.04150714
2022-09-14,0.00950984,0.01354920,0.01932510,0.01332424,0.00902517,0.01399878,0.01043598,0.00649736,0.00345175,0.00279597,-0.01089957,0.00091242,-0.00022857,-0.00090532,0.01072763
2022-09-15,-0.01911129,-0.01781630,-0.04448894,-0.00471326,0.00026251,-0.02099211,-0.00694514,-0.02010555,-0.01737943,-0.01002206,-0.01275693,-0.02749380,-0.01527438,-0.00181310,-0.01567532
2022-09-16,-0.01102059,-0.02201762,-0.01040108,-0.04180678,-0.02054853,0.00470749,-0.02697109,-0.00106945,0.01408473,-0.02282091,-0.02203978,-0.00261148,0.02059234,-0.01094933,-0.00115488
2022-09-19,0.02477335,0.00910603,-0.00684965,0.01160900,0.01726277,-0.00131436,0.03171160,0.00262284,0.00360804,0.02019863,0.01175641,-0.00089937,0.01384536,0.00913263,0.00435569
2022-09-20,0.01554424,-0.02001283,-0.00759798,-0.02909348,-0.02993293,-0.01765071,-0.04525468,-0.01890256,-0.01125874,-0.03766263,-0.01312459,-0.00850170,-0.01551355,-0.01834910,-0.00102316
2022-09-21,-0.02047592,-0.03032677,-0.00219404,-0.02253208,-0.03520273,-0.01404580,-0.02415141,-0.01856154,-0.01090646,-0.03326544,-0.02755110,-0.01454117,0.00643043,-0.01492569,-0.01300812
2022-09-22,-0.00639558,-0.01043048,-0.01122066,-0.02208010,-0.05769592,-0.00944013,-0.03870250,0.00862513,0.00303715,-0.02214256,0.00491366,0.00845964,-0.05423080,-0.03247662,-0.01976892
2022-09-23,-0.01523926,-0.03055323,-0.02318998,-0.03778535,-0.02960913,-0.01887426,-0.02249944,-0.01407923,-0.02096690,-0.02741764,-0.01701861,-0.01277948,-0.00358885,-0.05282715,-0.02354633
2022-09-26,0.00225751,0.01196889,-0.00794273,-0.01482689,-0.02295405,-0.01379263,-0.00407998,-0.00578936,-0.00572080,-0.00525412,-0.02919486,-0.00197741,-0.02327940,-0.04608171,-0.01171020
2022-09-27,0.00654490,-0.00644712,0.01654433,-0.00040954,0.00532010,0.00537216,-0.01465745,-0.00684826,-0.00221548,0.00616514,-0.01455158,-0.00438946,0.01501591,0.00000000,0.00027368
2022-09-28,-0.01273229,0.03098087,0.05071166,0.02426821,0.01778722,0.00260008,0.04835451,0.02581769,0.00834375,0.02450941,0.05225657,0.01951974,0.02568834,0.02852839,-0.01240021
2022-09-29,-0.05036646,-0.02757787,-0.01676502,-0.04955955,-0.04355332,-0.03456349,-0.01818572,-0.02663849,-0.00924755,-0.03895432,-0.03741167,-0.01491955,-0.04135863,-0.03390187,-0.04031368
2022-09-30,-0.03049986,-0.01580369,-0.01634196,-0.02401063,-0.00803867,-0.01368920,-0.00903894,-0.01833596,-0.02345832,-0.00695265,-0.00536602,-0.01955852,-0.00665057,-0.00540252,-0.01044689
2022-10-03,0.03028921,0.02516733,0.02570973,0.05093852,0.03286791,0.02835463,0.03278986,0.03078119,0.02247124,0.02230775,0.02136496,0.03310834,0.03026478,0.02566986,0.01001394
2022-10-04,0.02530054,0.04397889,0.04209543,0.05950574,0.07011685,0.04929269,0.07814655,0.02996046,0.03230911,0.07490367,0.01197637,0.03325335,0.05102535,0.04238362,0.05012979
2022-10-05,0.00205117,-0.00115683,0.00445988,-0.00579362,-0.00686788,0.01024191,-0.01595217,-0.00206839,0.00191057,-0.00211245,-0.00931048,0.00128478,0.00318484,-0.03501900,0.02267746
2022-10-06,-0.00664765,-0.00538856,0.00452213,-0.01208112,-0.01447364,-0.01099254,-0.00468274,-0.00009873,-0.02831173,-0.00530064,0.00064749,-0.00971792,-0.00599882,-0.00736462,-0.00174704
2022-10-07,-0.03740993,-0.04888997,-0.04608258,-0.04490645,-0.03066469,-0.04047431,-0.05878427,-0.02738781,-0.02829479,-0.04656024,-0.04125074,-0.05219152,-0.08367954,-0.03110191,-0.06386608
2022-10-10,0.00235281,-0.00779918,-0.06137656,-0.00452105,-0.02202326,-0.05073582,-0.01023980,-0.00834445,-0.00904610,0.00200211,0.00254461,-0.02153326,-0.03419845,-0.00108939,-0.03367901
2022-10-11,-0.01030785,-0.01292739,-0.02244587,-0.01808209,-0.03689628,-0.01598255,-0.02438849,-0.00697299,0.00042463,-0.01907375,-0.04003128,-0.01689207,-0.00722409,-0.03891595,-0.06098636
2022-10-12,-0.00461558,0.00613038,-0.03227619,0.01291927,0.00341088,-0.00044142,0.02485633,0.00390260,-0.00195463,0.00542246,-0.00812376,0.00150723,-0.00745047,-0.02758776,0.01034824
2022-10-13,0.03306033,-0.00328264,0.00250532,0.00536862,0.01879439,0.01704058,0.00896118,0.01525816,0.03526474,0.02536303,0.02164640,0.03691810,0.03922067,-0.00233354,0.03840442
2022-10-14,-0.03277125,-0.05132601,-0.03466179,-0.02502198,-0.02840749,-0.02513207,-0.02570114,-0.02556116,-0.01447353,-0.02671573,-0.02746717,-0.02454753,-0.06324616,0.00116732,-0.04137252
2022-10-17,0.02870660,0.06246082,0.04089766,0.03240818,0.05355005,0.01917779,0.04770289,0.03470556,0.01225383,0.01921835,0.05584286,0.03849515,0.05720788,0.06875933,0.01506130
2022-10-18,0.00936553,0.02233419,0.01631606,0.02682437,0.03776345,-0.00124088,0.02119519,0.00797055,0.01161775,0.02750656,-0.00929400,0.00407540,0.00662348,0.02898785,-0.01835204
2022-10-19,0.00076484,-0.01114820,-0.01106968,-0.01584632,-0.01611843,0.00108033,-0.02676425,-0.01137731,-0.00350385,-0.01453211,0.00323247,-0.00850552,0.00699465,-0.04767962,-0.00078500
2022-10-20,-0.00327234,0.00156305,0.00502966,-0.00628762,0.00756417,-0.01155295,-0.04308523,0.00340676,0.04617856,-0.01896842,-0.01284196,-0.00139666,0.01179657,-0.03386374,-0.00125761
2022-10-21,0.02669968,0.03470528,0.04515939,0.04086298,0.02999043,0.04416498,0.01640460,0.01153666,0.01239370,0.03134508,-0.01162364,0.02496634,0.02206087,0.02606409,0.00267033
2022-10-24,0.01469397,0.00418166,0.00198862,0.01029819,0.00815741,0.01498508,0.00978448,0.01365095,0.02125070,-0.00172790,-0.00223285,0.02096655,0.01061237,0.00779965,-0.03935248
2022-10-25,0.01915323,0.00648866,0.01692299,0.04867053,0.04176750,0.00774598,0.05940342,0.01893790,0.00180694,0.02159826,0.05831810,0.01369735,0.05121009,0.07379068,-0.00245035
2022-10-26,-0.01982237,-0.04182439,-0.03303546,-0.00313490,0.00416558,0.00240990,0.01291449,-0.09585583,0.01552630,0.02031256,-0.05754769,-0.08029531,-0.02791021,0.01636032,-0.00491898
2022-10-27,-0.03093933,-0.04148512,0.08914268,0.00276662,0.02666085,-0.01261223,0.00762675,-0.02896274,-0.00177907,0.01010642,-0.28179382,-0.01995386,0.02147978,-0.00916946,0.00180648
2022-10-28,0.07283444,-0.07046806,0.01945202,0.02438242,0.03669058,0.03770757,0.00678402,0.04318734,0.02737277,0.01325049,0.01278304,0.03943272,0.04873239,0.03519703,0.01724183
2022-10-31,-0.01552984,-0.00942442,-0.00503447,-0.00486528,-0.01388213,-0.00589567,-0.02213641,-0.01865870,-0.00158967,-0.01530471,-0.06281946,-0.01598333,-0.02466193,-0.00993049,-0.00744591
2022-11-01,-0.01769867,-0.05673359,0.05512921,0.03217195,0.02936812,-0.00473365,0.01955746,-0.04368746,-0.00065103,0.01712590,0.02166131,-0.01720647,0.00340228,0.00298954,0.00048723
2022-11-02,-0.03801862,-0.04945159,-0.02112837,0.03876993,-0.01887326,-0.02569609,-0.00636842,-0.03945500,-0.00996252,0.00745123,-0.05018816,-0.03600896,-0.02421450,-0.03030540,-0.01736328
2022-11-03,-0.04333029,-0.03109058,-0.02256557,0.01833988,0.00481676,-0.02646375,-0.04790818,-0.04155539,-0.01739832,-0.02766651,-0.01816716,-0.02693871,0.01516526,-0.02702875,-0.00397350
2022-11-04,-0.00194931,0.01863822,0.06966346,0.03330674,0.01865593,0.04658766,0.02257634,0.03706099,0.01834776,0.05712407,0.02092459,0.03278255,0.05331806,0.09156728,0.03584614
2022-11-07,0.00389472,-0.00495847,-0.00374551,0.00906697,0.01455265,0.02109544,0.02348931,0.02182070,0.01002567,0.02329945,0.06327099,0.02884930,0.01019093,0.07052996,0.00447135
2022-11-08,0.00416634,-0.00609381,-0.01132132,0.00882879,0.00513760,0.01439438,0.00831830,0.00462266,0.01221348,0.00228131,-0.00258807,0.00437904,0.02082903,0.03434938,0.03537720
2022-11-09,-0.03375341,-0.04361359,-0.04913104,-0.04330383,-0.01080683,-0.02656771,-0.03236286,-0.01793265,-0.00725187,-0.04188284,0.05053111,-0.01923410,-0.05823052,-0.01307198,-0.00030771
2022-11-10,0.08523651,0.11491535,0.03249590,0.05143286,0.07189447,0.07605792,0.14006606,0.07307689,0.02756587,0.11321522,0.09757433,0.07905895,0.13391236,0.11583188,0.08603654
2022-11-11,0.01908561,0.04214993,0.01228834,0.01529562,-0.01123271,0.02248637,0.04947079,0.02595346,0.01364309,0.01233934,0.01022720,0.01685439,0.03597972,0.05546412,0.04134138
2022-11-14,-0.00953110,-0.02308415,0.02040490,-0.04148024,-0.05587255,-0.00944406,-0.07006403,-0.00739170,0.00716843,-0.06253180,0.01056167,-0.02275713,-0.00196178,-0.08479623,-0.01404944
2022-11-15,0.01179958,0.00455863,0.01099118,0.03099932,0.00913722,0.02158834,-0.03819149,0.02822903,0.00097055,0.01020508,0.02473114,0.00173734,0.02251241,0.01358378,0.10004437
2022-11-16,-0.00836607,-0.01856627,-0.01488591,-0.02814429,-0.01670973,-0.02449594,-0.03725978,0.00415615,0.00124622,-0.01919709,-0.03343642,0.00182194,-0.04642283,-0.03636774,-0.01263239
2022-11-17,0.01288816,-0.02365068,0.01042822,-0.01242443,-0.01326417,0.00074232,-0.03825999,-0.00496912,0.01080497,-0.02284086,-0.01584508,-0.00020699,-0.01475322,-0.01409054,0.02522998
2022-11-18,0.00377467,-0.00751365,0.02556765,0.00566651,-0.01266124,0.00593800,0.01284399,-0.00950008,0.01055412,-0.00192720,0.00536910,-0.00190522,-0.01724288,0.00084296,0.00964871
2022-11-21,-0.02191873,-0.01800692,-0.00644228,0.01123786,0.00944680,0.00441621,-0.02016258,-0.01896147,-0.00652367,-0.00988653,-0.01973824,0.00343501,-0.00598840,0.00000000,-0.02885515
2022-11-22,0.01455461,0.00797158,0.01056720,0.03328409,0.01050598,0.02407774,-0.02308004,0.01505365,0.01636389,0.01007933,0.01427950,0.01223637,0.04599769,-0.02300943,0.03213155
2022-11-23,0.00590892,0.00992909,0.00841793,0.00861021,0.00685913,0.00675016,0.00816689,0.01442413,-0.00235026,0.00442643,0.00715298,0.01035307,0.02954991,0.00601656,-0.00692945
2022-11-25,-0.01978798,-0.00767833,-0.01047826,0.01730220,-0.00673134,-0.00701438,0.01658115,-0.01020842,-0.00255809,-0.00442643,-0.00742223,-0.00036345,-0.01518808,0.00342161,-0.00697819
2022-11-28,-0.02661549,0.00576425,-0.01529012,-0.02205924,-0.01618755,-0.01463724,-0.02133703,-0.01457313,-0.01487022,-0.02539202,-0.02388963,-0.02342471,-0.02760553,-0.03918649,-0.02714623
2022-11-29,-0.02137512,-0.01641931,0.00007486,0.01283828,0.00168213,-0.00157160,0.00124770,-0.00899398,0.00211835,0.00000000,0.00623176,-0.00593258,-0.01194967,-0.00445031,0.00138744
2022-11-30,0.04745032,0.04361405,0.04095658,0.05236348,0.01348524,0.05529106,0.03694642,0.05914654,0.01631774,0.02674139,0.07597234,0.05979941,0.07916185,0.00799650,0.04498329
2022-12-01,0.00188948,-0.01083119,0.00343985,-0.00245295,-0.00498757,-0.00050817,-0.07354516,0.00000000,0.00174470,0.01206091,0.01962014,-0.00176530,0.01244933,-0.01966094,-0.00362193
2022-12-02,-0.00337697,-0.01444947,-0.03449877,-0.01411263,-0.02637037,-0.01823163,0.00141024,-0.00546082,-0.00329017,-0.00572513,0.02500844,0.00129487,-0.01523071,-0.00724658,-0.01437451
2022-12-05,-0.00801511,-0.03370736,-0.01650085,-0.05651220,-0.04785612,-0.01896590,-0.03817852,-0.00960406,-0.00851129,-0.05265405,-0.00862081,-0.01908147,-0.01588741,-0.01649902,0.00147093
2022-12-06,-0.02569749,-0.03079572,-0.02894775,-0.01972808,-0.00235031,-0.00912459,-0.04032914,-0.02545193,0.00061036,-0.01054570,-0.07028887,-0.02051258,-0.03822900,-0.01115269,-0.02556271
2022-12-07,-0.01388092,0.00237677,-0.01782683,-0.02969005,-0.01632605,-0.01401900,-0.01394152,-0.02125952,-0.00156074,-0.03527336,-0.00166624,-0.00306450,0.00828476,0.00930266,-0.00403018
2022-12-08,0.01205978,0.02114054,0.01074986,0.02318560,-0.01302760,0.02397269,0.01799796,-0.01304032,0.00345682,0.01924363,0.01221327,0.01232301,0.06304461,0.03815156,0.01949570
2022-12-09,-0.00344040,-0.01404395,-0.00179669,0.00079567,-0.01435563,0.02535911,-0.00723679,-0.00943491,-0.00495160,-0.00560943,0.00493019,-0.00803547,-0.00983314,-0.00895256,-0.00136228
2022-12-12,0.01625678,0.01625516,0.02364326,0.01874797,0.02766436,0.02162902,0.04959073,0.00515721,0.01458173,0.00685152,-0.01032055,0.02847973,0.03092660,0.02749619,-0.00322735
2022-12-13,0.00675969,0.02119829,0.01560754,0.02115743,0.03224538,0.02555838,0.01169319,0.02455935,0.00907356,0.03276973,0.04633378,0.01731405,0.03016517,0.02505532,0.00099427
2022-12-14,-0.01565790,-0.00988758,-0.01537850,0.00973243,-0.01329812,0.00593646,-0.03462922,-0.00587302,-0.00472654,-0.01188452,0.01191360,0.00116702,-0.02226914,-0.00341849,-0.00610503
2022-12-15,-0.04798747,-0.03477554,-0.04217801,-0.03104608,-0.04061878,-0.02903673,-0.04051180,-0.04529359,-0.05134236,-0.03883954,-0.04577210,-0.03243863,-0.04170906,-0.04823431,-0.02492837
2022-12-16,-0.01468611,-0.00669274,-0.01540713,-0.02449353,-0.01239721,-0.00375259,-0.02631212,-0.00662547,-0.01557452,-0.01892699,0.02784799,-0.01750118,-0.02273154,-0.05541576,-0.01702322
2022-12-19,-0.01603756,-0.03403503,-0.00901676,-0.00288359,-0.02331047,-0.00305173,-0.02566118,-0.02037009,-0.00924628,-0.01252979,-0.04233026,-0.01747979,-0.01931540,-0.01146138,-0.00262468
2022-12-20,-0.00052872,0.00317447,-0.00638514,0.00591845,0.01268755,-0.01025949,-0.00532181,0.00653666,0.01720521,0.00498736,0.02254267,0.00559884,-0.01045197,0.01241076,-0.00632726
2022-12-21,0.02353047,0.01837682,0.01272971,0.02892380,0.02011692,0.03114494,0.03693422,0.00627109,0.00606873,0.03025384,0.02254682,0.01081785,0.02553403,0.02714242,0.01990098
2022-12-22,-0.02405982,-0.03494722,-0.02429335,-0.01200223,-0.02234404,-0.01461025,-0.01997676,-0.02052632,-0.00890362,-0.02206768,-0.02229064,-0.02586012,-0.07302220,-0.02052300,-0.02440739
2022-12-23,-0.00280218,0.01727444,-0.00499715,0.00749870,0.00622397,-0.00119397,0.00763839,0.01661163,0.00545037,0.00556291,0.00782440,0.00226445,-0.00870862,0.01031431,-0.00519440
2022-12-27,-0.01397547,-0.02626569,-0.00762687,-0.01315997,-0.01129096,0.00200744,-0.01655611,-0.02083647,0.00542143,-0.02113064,-0.00987565,-0.00744193,-0.07402686,-0.01693374,-0.00764002
2022-12-28,-0.03116586,-0.01480072,0.00260469,-0.01413521,-0.00915592,-0.01575036,-0.02084550,-0.01580109,-0.01699528,-0.01515002,-0.01083881,-0.01030782,-0.00603764,-0.02789996,-0.01709910
2022-12-29,0.02793072,0.02843566,0.02248590,0.01665519,0.03482093,0.02343466,0.03526346,0.02785737,0.00740004,0.03350325,0.03934712,0.02725504,0.03960150,0.04015869,0.03945228
2022-12-30,0.00246575,-0.00214057,-0.00435801,0.00345473,-0.00335480,0.00236353,-0.00751996,-0.00249017,-0.00120591,-0.00687015,0.00066497,-0.00494981,0.00075313,-0.00658219,-0.02006843
2023-01-03,-0.03812219,0.02143528,-0.00363242,-0.01548213,-0.00131590,-0.01015643,0.02581296,0.01003675,0.00467376,0.00558536,0.03591048,-0.00100122,-0.02067222,-0.04930917,-0.00619459
2023-01-04,0.01026135,-0.00795512,-0.06025258,0.02437802,0.01524521,0.01213970,0.02439486,-0.01173830,0.00739039,0.02996643,0.02086475,-0.04472901,0.02986734,0.03218208,0.03046472
2023-01-05,-0.01066110,-0.02401157,-0.03896072,-0.02215152,-0.02835208,-0.00936115,-0.01837081,-0.02157536,-0.01050371,-0.01465974,-0.00338186,-0.03008566,-0.03336626,-0.00674031,-0.00776050
2023-01-06,0.03613300,0.03499174,0.02667545,0.02168536,0.02445403,0.05845375,0.03376250,0.01313830,0.01818797,0.01632188,0.02397378,0.01171646,0.04079668,0.03044959,0.03043132
2023-01-09,0.00408084,0.01476040,0.02129243,0.01527211,0.03803502,-0.01980629,0.01702154,0.00775564,-0.00104427,0.02985273,-0.00423897,0.00968921,0.05045855,0.05559493,0.02828833
2023-01-10,0.00444670,0.02832669,0.00312908,0.01820439,0.00859658,-0.00340331,-0.00062067,0.00453413,0.00866994,0.00982278,0.02682468,0.00758827,0.01782077,0.02538441,0.01188272
2023-01-11,0.02089239,0.05645956,0.00950084,0.01728801,0.02225510,0.00556791,0.03105382,0.03445943,0.00317151,0.04103714,-0.00075239,0.02979025,0.00576611,0.03732399,0.00625573
2023-01-12,-0.00059960,0.00189116,0.00728022,0.01116665,0.03567786,0.00655127,0.02367318,-0.00427074,0.00199481,0.02719718,0.02834038,0.01155428,0.03137589,0.02953477,0.06187542
2023-01-13,0.01006820,0.02947632,-0.01877909,0.01838638,0.00933757,-0.00506484,-0.00023513,0.01080520,0.00233329,0.00612997,0.00197296,0.00301416,0.02322753,0.00080775,-0.00230132
2023-01-17,0.00871827,-0.02132233,0.01124096,-0.00893389,0.00771490,0.00041433,0.00982934,-0.00905086,-0.00480950,-0.00874185,-0.01189691,0.00467080,0.04642319,0.01284148,0.02491720
2023-01-18,-0.00538445,-0.00616162,-0.01124096,-0.01546072,-0.00128182,-0.00858240,-0.02225298,-0.00186382,-0.03347676,-0.00976167,-0.01743849,-0.01907000,-0.01853037,0.00000000,0.00537947
2023-01-19,0.00044375,-0.01882258,-0.03081784,-0.03363310,-0.02651213,-0.01946416,-0.04219224,0.02095962,0.00149444,-0.04850708,0.02325772,-0.01659063,-0.03585424,-0.03406665,-0.01203156
2023-01-20,0.01903837,0.03740026,0.03194761,0.01942087,0.03494151,0.01333333,0.05426314,0.05203430,0.00411616,0.05170902,0.02337495,0.03511963,0.06209393,0.03007141,0.02931725
2023-01-23,0.02322840,0.00277247,0.03440526,0.02604814,0.01276286,0.01883084,0.03263441,0.01789665,0.00466328,0.01326257,0.02759876,0.00977631,0.07315875,0.00239898,0.04961124
2023-01-24,0.01001265,-0.01238147,0.02166683,-0.01669881,-0.01365372,0.00582865,0.00443046,-0.02116644,-0.00261172,-0.00969628,-0.00090784,-0.00222860,0.00374415,-0.00079908,-0.01156587
2023-01-25,-0.00471173,0.00888895,-0.00189056,-0.00147812,-0.00203869,0.00111032,0.00722829,-0.02571151,-0.00517279,0.00374051,-0.01152341,-0.00592563,0.00300619,-0.00883194,-0.02299909
2023-01-26,0.01469492,0.02077469,0.01995747,0.04101114,0.03521455,0.02178676,0.05420936,0.02386733,-0.04586385,0.03214531,0.04017151,0.03025137,0.02448673,0.01361652,0.01119109
2023-01-27,0.01359137,0.02998335,0.01655706,0.00552224,0.02059673,-0.01276116,0.02161754,0.01879293,-0.00044636,0.00324848,0.02969743,0.00064499,0.02803483,0.00317720,-0.00160639
2023-01-30,-0.02028208,-0.01666782,-0.01776758,-0.02227361,-0.02096630,-0.01627424,-0.01006512,-0.02475814,0.00674851,-0.01946765,-0.03132791,-0.02220626,-0.06088838,-0.02814802,-0.00182379
2023-01-31,0.00898043,0.02533516,0.01745022,0.02170876,0.02205142,0.00610402,0.01110772,0.01941016,-0.00422171,0.02503768,0.01290416,0.02079487,0.01938074,0.02576636,-0.00430407
2023-02-01,0.00786972,0.01939761,0.03508591,0.02428570,0.01992312,0.02987344,0.01294194,0.01595861,0.00266833,0.02092268,0.02747690,0.01973855,0.06949449,0.02666819,0.02144399
2023-02-02,0.03639204,0.07120316,0.02212545,-0.00511509,-0.00035471,0.00499818,0.02859663,0.07025988,0.00957721,0.01773967,0.20930760,0.04581840,0.03592226,0.01383566,0.01995998
2023-02-03,0.02410710,-0.08808283,-0.01115306,0.01717670,0.00471537,-0.01354539,-0.02028075,-0.02785792,0.00402444,-0.01493611,-0.01193736,-0.02390396,-0.02845384,-0.00459074,-0.02080476
2023-02-06,-0.01809165,-0.01177227,-0.01735189,-0.01731526,-0.00483337,0.00613883,-0.01462302,-0.01810508,-0.00556520,-0.01997053,-0.00252282,-0.00613448,-0.00052125,-0.00769823,-0.03035232
2023-02-07,0.01906205,-0.00068530,0.03946091,0.01663400,0.01443098,0.02163359,0.01028932,0.04503456,-0.00249968,0.05081123,0.02944511,0.04116312,0.05012365,0.03044385,0.02918972
2023-02-08,-0.01781035,-0.02038058,0.01142366,0.00733490,-0.00361758,-0.02095193,-0.02184791,-0.07994205,0.00102986,-0.01143259,-0.04368125,-0.00310694,0.00144224,0.00746817,-0.00285976
2023-02-09,-0.00693572,-0.01825665,0.00043957,-0.07720462,-0.02557554,-0.00382973,-0.02949452,-0.04486810,-0.00432711,-0.00983009,-0.03049904,-0.01172837,0.00592687,-0.02257429,0.02524107
2023-02-10,0.00245313,-0.00643349,-0.02409398,0.03250697,0.02323454,-0.01033000,0.01362215,-0.00464178,0.01373703,0.00501321,-0.02141711,-0.00197442,-0.04918191,-0.02465452,-0.01374594
2023-02-13,0.01863219,0.01957963,0.02027771,0.00578519,-0.00446251,0.01317861,0.03492480,0.00042289,0.01282306,0.01896040,0.02986826,0.03076481,0.02429668,0.00466924,0.00772915
2023-02-14,-0.00423392,0.00160606,0.03936215,0.00826781,-0.01219760,0.00197771,0.00341564,0.00073941,-0.00980405,-0.00849617,0.00027851,0.00312806,0.05287331,0.03584060,0.01906594
2023-02-15,0.01380761,0.01453781,0.00049466,0.01068778,-0.00334160,0.00889275,-0.00144785,0.02358944,0.00286331,0.00510652,-0.01301042,-0.00802502,-0.00905229,0.03170192,-0.05454364
2023-02-16,-0.01048420,-0.03020652,0.00105924,-0.00470540,-0.00179483,-0.01183581,-0.02292425,-0.01486115,-0.01031683,-0.02055205,-0.02700391,-0.02698359,-0.03404666,-0.00801461,-0.02113611
2023-02-17,-0.00757503,-0.00972626,-0.02465201,-0.00349317,-0.00468152,-0.00827674,-0.00978945,-0.01221975,0.00014820,-0.00644997,0.00254856,-0.01572477,-0.02830359,-0.01103365,-0.00795946
2023-02-21,-0.02704223,-0.02732462,-0.02713172,-0.02969194,-0.03165948,-0.02387271,-0.03028723,-0.02750790,-0.02482049,-0.02622399,-0.00463846,-0.02110780,-0.03487250,-0.06020864,-0.02768252
2023-02-22,0.00289198,0.01271225,0.00504196,0.01317886,0.00384247,-0.00927691,0.00187174,-0.00152632,-0.00563432,-0.00341701,-0.00559452,-0.00460164,0.00478135,0.00157003,-0.00928530
2023-02-23,0.00328479,0.00031312,0.01198316,0.01328836,0.01400533,0.01315571,0.00131939,-0.00832706,-0.00137514,0.00700124,0.00536210,0.01287846,0.13121620,0.00316442,0.03674573
2023-02-24,-0.01816913,-0.02450999,-0.00961932,-0.00478584,-0.02220392,-0.01041720,-0.02176873,-0.01955399,-0.00168354,-0.01568599,-0.00963707,-0.02202506,-0.01610295,-0.01994478,-0.02211194
2023-02-27,0.00821375,0.00277691,0.01806068,-0.00637025,-0.00024956,0.01323947,0.00972082,0.00826822,-0.00061303,0.01120358,-0.00500098,0.00376475,0.00919082,-0.00809066,-0.00923563
2023-02-28,-0.00345373,0.00500029,0.00505962,0.00679311,0.00597089,0.01498671,0.00962799,0.00211195,-0.00916117,0.01250010,0.03135428,-0.00296252,-0.01220129,0.00243411,-0.00263803
2023-03-01,-0.01434857,-0.02210396,-0.00100988,0.01456221,0.00123956,-0.00121235,-0.01129682,0.00332549,-0.00862179,-0.00712372,-0.00872679,-0.01270981,-0.02256479,0.00485042,0.01538587
2023-03-02,0.00412070,-0.00043408,-0.01439289,0.00609752,0.00531230,0.00852201,-0.00805198,0.01798699,0.00575595,-0.00250523,0.00638010,0.01946249,0.02677719,-0.01217050,0.00687526
2023-03-03,0.03448834,0.02962313,0.02957722,0.01003497,0.02386266,0.05541405,0.02396364,0.01777577,0.00549199,0.02039617,0.05960961,0.01650906,0.02440573,0.02817094,0.00849987
2023-03-06,0.01836989,-0.01219206,0.01341550,-0.00782697,0.00731194,0.00025273,0.00328355,0.01567990,0.00423335,0.00210451,-0.00189105,0.00617002,-0.01416388,-0.00796808,-0.00234131
2023-03-07,-0.01460286,-0.00213558,0.00203183,-0.01864538,-0.01710461,-0.01235242,-0.02265433,-0.01344004,-0.01501333,-0.02178452,-0.00211135,-0.01064546,-0.01118784,-0.02511272,-0.00818259
2023-03-08,0.00834231,0.00394725,0.03797620,0.00042136,0.01183611,0.01130931,0.02254471,0.00414662,-0.00156071,0.02038199,0.00248989,-0.00177220,0.03762895,0.00979583,0.02204011
2023-03-09,-0.01502678,-0.01794105,0.00168322,-0.05571423,-0.04117762,-0.01552510,-0.07391462,-0.02069014,-0.01486985,-0.04576860,-0.01789172,-0.00545417,-0.03129384,-0.03977317,-0.02170238
2023-03-10,-0.01397598,-0.01661418,-0.01484211,-0.11103356,-0.07021768,-0.01242981,-0.05776041,-0.01847546,-0.00564370,-0.07907879,-0.01207112,-0.01489321,-0.02030206,-0.10601814,-0.01850966
2023-03-13,0.01317871,0.01856350,0.00279541,-0.03065238,-0.02417941,0.00266372,0.03983409,0.00528240,0.00103579,-0.00958656,0.00771364,0.02121413,0.00004344,-0.04911931,0.00560021
2023-03-14,0.01399072,0.02616130,0.04186998,0.02182266,0.03962800,0.02560731,0.03217906,0.03090792,-0.00743313,0.02065591,0.07001674,0.02669639,0.04666067,0.01469901,0.01751168
2023-03-15,0.00261807,0.01381642,0.00423528,-0.03664039,-0.00410537,-0.01020266,0.00532155,0.02251781,-0.01105157,-0.02065591,0.01904226,0.01767340,0.00683357,-0.01568656,-0.02943571
2023-03-16,0.01852142,0.03914079,0.05613196,0.01959507,0.02227293,0.01657025,0.00678431,0.04287170,0.01145252,-0.00180788,0.03566491,0.03973620,0.05277597,0.03208826,0.03473996
2023-03-17,-0.00546876,-0.01095547,0.00355895,-0.03851981,-0.01612472,-0.00872618,-0.02753580,0.01287544,-0.00813237,-0.02648349,-0.04654546,0.01162671,0.00717847,-0.02127743,0.00190192
2023-03-20,0.01536511,-0.01261074,0.00574119,0.00494089,-0.00413932,0.01999010,-0.02807296,-0.00394423,0.01802722,0.00329756,0.01118408,-0.02610459,0.00677957,0.00195293,0.00635067
2023-03-21,0.01187333,0.02924776,0.02335489,0.06639603,0.04933827,-0.00369966,0.05124458,0.03590187,0.00498973,0.04879023,0.02175249,0.00567743,0.01147826,0.07424749,0.02695452
2023-03-22,-0.00914512,-0.01916675,-0.01209091,-0.02975806,0.00596758,-0.00919784,-0.03394913,-0.01488337,-0.02011067,-0.01321645,-0.01169248,-0.00545681,0.01021524,-0.02941371,0.00129648
2023-03-23,0.00694539,0.00010133,0.01985459,-0.02109315,0.01756843,0.01308511,0.00558097,0.02134355,-0.00549673,0.00416115,0.02212470,0.01952948,0.02694965,0.01756843,0.02104663
2023-03-24,0.00827122,-0.00589315,-0.00266011,-0.00277667,0.00012461,-0.00479844,-0.00605757,-0.00151621,0.01544304,-0.01033605,0.00843308,0.01042591,-0.01526822,0.00821557,-0.01921291
2023-03-27,-0.01236972,-0.00091753,-0.00581774,0.02420919,0.00854531,-0.01477469,0.00297415,-0.02866978,0.03158152,0.00736544,-0.01550732,-0.01504648,-0.00930405,0.00000000,-0.02322246
2023-03-28,-0.00398808,-0.00819344,-0.02997569,0.00254128,-0.01228379,-0.00341963,-0.00631520,-0.01405471,0.00023195,-0.00138923,-0.01070593,-0.00416963,-0.00457107,0.00543969,0.00165302
2023-03-29,0.01959745,0.03048494,-0.00307220,0.02605348,0.01609948,0.00127977,0.01800556,0.00355680,0.00285669,0.01537288,0.02300425,0.01900222,0.02150136,0.00090366,0.02124607
2023-03-30,0.00984139,0.01730575,-0.00006151,0.01293944,-0.00098320,0.01310308,0.00666932,-0.00494373,-0.00378474,0.00429339,0.01205271,0.01254059,0.01467810,-0.00543465,-0.00313113
2023-03-31,0.01552323,0.01256776,0.03251381,0.02744724,0.02573582,0.01221708,0.02408086,0.02776065,0.01436771,0.02252917,0.01953462,0.01485153,0.01428613,0.00633770,0.00593020
2023-04-03,0.00767194,-0.00855618,-0.00071511,-0.01210571,-0.01412135,0.00144858,-0.03333634,0.00605497,0.00737220,-0.01129735,0.00531775,-0.00371816,0.00674537,-0.00724639,-0.00193681
2023-04-04,-0.00325489,0.01492559,-0.00597945,-0.00417546,-0.01716340,-0.01262473,-0.04526519,0.00344365,-0.00348923,-0.01787513,0.00771403,-0.00017420,-0.01847836,-0.01005046,-0.00724293
2023-04-05,-0.01135444,-0.02779987,-0.02354481,-0.01198002,-0.02061422,-0.00854815,0.00258274,-0.00239003,0.00409472,-0.02380571,-0.01520441,-0.00993846,-0.02105562,-0.03551732,-0.02160533
2023-04-06,0.00548075,0.00945074,-0.01865503,-0.00866947,0.00616609,-0.01017871,0.00953560,0.03711249,-0.01248858,-0.01008888,0.02161072,0.02521227,0.00578648,0.01978377,0.00044328
2023-04-10,-0.01610136,0.00107722,0.02031155,0.01597167,0.01035896,0.00759995,-0.00732705,-0.01843102,0.00405308,0.02186432,-0.00626667,-0.00760769,0.01984844,0.00836036,-0.01361171
2023-04-11,-0.00761999,-0.02226823,-0.02181412,0.02048403,0.00012427,-0.00932003,0.02194192,-0.01029332,-0.00466624,0.02159054,-0.00419966,-0.02292928,-0.01497807,0.01469251,0.00246826
2023-04-12,-0.00436268,-0.02113855,0.01121439,-0.00875033,0.01356346,-0.00786569,-0.00951772,-0.00676231,-0.01452015,-0.00408601,0.00070126,0.00233070,-0.02512069,-0.02398626,-0.02691668
2023-04-13,0.03353482,0.04565543,0.02072416,0.03485998,0.03584699,0.01215226,0.02036977,0.02631361,-0.00499122,0.01374786,0.02924111,0.02215245,-0.00120830,0.01666694,0.00207014
2023-04-14,-0.00211620,0.00107365,-0.00724743,0.00323545,-0.02113635,-0.00755778,0.01190820,0.01331513,0.00187475,-0.00173222,0.00516013,-0.01284776,0.01108580,-0.00922506,0.00172142
2023-04-17,0.00012117,0.00224113,-0.00110090,0.00368475,0.00108551,0.01254321,0.02213932,-0.02699848,-0.00250052,0.00786717,-0.01194510,0.00925312,0.00907749,0.02652191,0.00901901
2023-04-18,0.00747663,-0.00429180,-0.00447700,0.00137837,0.03401439,0.00787523,0.04779083,-0.01396908,-0.00031300,0.01347910,-0.00444194,-0.00149006,0.02432953,-0.00724639,0.00170323
2023-04-19,0.00694381,0.01936169,-0.02868210,0.00701558,0.01239069,0.00344165,0.01141032,-0.00306687,-0.01149153,0.01664373,-0.01010176,0.00027744,0.00949677,0.01264681,-0.01037807
2023-04-20,-0.00586324,-0.00470911,-0.01722639,-0.02321582,-0.00727691,-0.00233530,-0.00661320,0.01059819,0.00031655,-0.01796454,-0.01226771,-0.00814530,-0.03005605,-0.00540041,0.02334145
2023-04-21,-0.00982888,0.02989264,0.00308421,-0.01173438,0.00393374,-0.00018964,-0.02745627,0.00113925,-0.00499824,-0.00834288,-0.00084524,-0.00122425,0.00055340,-0.01729685,-0.04489485
2023-04-24,0.00187658,-0.00703667,0.00441701,-0.00378436,0.00288265,0.00258785,-0.00932208,0.00529851,-0.00262795,-0.00057141,-0.00046994,-0.01406137,-0.00284327,0.01277405,-0.00858804
2023-04-25,-0.00948031,-0.03487277,-0.01921769,-0.02673652,-0.04209425,-0.01992790,-0.02502289,-0.02020861,0.00389967,-0.02801302,-0.02493340,-0.02279374,-0.03006815,-0.02571307,-0.02815714
2023-04-26,-0.00006108,0.02322440,0.01537799,-0.00406479,-0.01989137,-0.00941700,-0.01304322,-0.00134902,-0.00031780,-0.01460453,0.00887394,0.06993140,0.02688281,-0.01405182,-0.00048621
2023-04-27,0.02799949,0.04507277,0.00511633,0.02111786,0.02205065,0.00359633,0.02122438,0.03672913,0.00886013,0.02085467,0.13037450,0.03152566,0.00996650,0.03431016,0.01711685
2023-04-28,0.00751292,-0.04060578,0.02145740,0.01110426,0.04841943,0.01299711,0.03427578,-0.00232620,-0.00442022,0.03275210,0.00735063,0.00794013,0.01902739,0.02609266,0.00750161
2023-05-01,-0.00053058,-0.03277396,0.00000000,0.00519231,-0.02333213,0.01811116,-0.00651360,-0.00130506,-0.00253472,0.00338590,0.01183039,-0.00554821,0.04098782,-0.00713024,-0.00380336
2023-05-02,-0.00621071,0.01536392,-0.17104675,-0.03937137,-0.03702152,-0.04097222,-0.04718011,-0.01769295,-0.00740289,-0.03886766,-0.01633448,-0.00049101,-0.02451122,-0.04108309,-0.01221996
2023-05-03,-0.00648843,0.00019302,-0.01680963,-0.00540145,-0.00449698,0.00140350,-0.01944152,0.00085419,-0.01375672,0.00175553,-0.00928047,-0.00331256,-0.01456846,-0.00748376,-0.00313921
2023-05-04,-0.00996257,0.00337105,0.01947315,-0.04859320,-0.03168206,-0.00496999,-0.02833934,-0.00685395,-0.00715395,-0.03389472,-0.01491906,0.00331256,-0.00866992,-0.06899271,0.00950735
2023-05-05,0.04585898,0.01583553,0.01931861,0.04200665,0.02997515,0.03218898,0.01780612,0.00837060,0.00877263,0.03778508,-0.00317389,0.01701173,0.03976195,0.03557696,0.01757144
2023-05-08,-0.00040365,0.00160762,0.00065214,0.02124958,0.00012193,-0.00168352,-0.01212284,0.02062509,-0.00202390,-0.04364903,0.00210271,-0.00645908,0.01628920,-0.00097147,0.00668598
2023-05-09,-0.01002094,0.00743709,0.00325389,0.00693046,-0.01797393,-0.01691334,0.00565117,-0.00390477,-0.00469305,-0.00610280,0.00042863,-0.00535997,-0.02009697,-0.01468451,-0.00562741
2023-05-10,0.01036679,0.03293503,0.01944586,0.02192298,0.01381693,0.01246823,0.01157054,0.04016958,0.00699045,0.00346295,-0.00124343,0.01714846,0.01093019,-0.00098669,-0.00188255
2023-05-11,0.00109411,0.01789856,-0.01591478,0.00125634,-0.00159391,0.00223288,0.00844073,0.04222784,-0.00922115,-0.01165794,0.01155987,-0.00706915,-0.01068525,0.00884515,-0.01746637
2023-05-12,-0.00543212,-0.01726349,-0.00273728,-0.01917194,0.00648250,0.00552920,-0.00505580,0.00803150,0.01591883,-0.00247174,-0.00843284,-0.00368288,-0.00836302,-0.00884515,0.00000000
2023-05-15,-0.00290157,0.00848912,-0.00469983,0.01066135,0.01512531,0.01361196,0.00325326,-0.00854633,0.00422436,0.01270524,0.02136887,0.00158450,0.02139963,0.00982327,0.02637804
2023-05-16,0.00000000,0.01959105,-0.01342495,-0.01820873,-0.02258982,0.00256004,-0.03339157,0.02542301,0.00081019,-0.02724618,-0.00016737,0.00734055,0.00893994,-0.02474168,0.00256486
2023-05-17,0.00359662,0.01834913,-0.00227965,0.02200007,0.02174912,0.02468354,0.04046361,0.01106721,0.01806052,0.03293132,0.01525019,0.00940734,0.03249950,0.01491841,0.05658915
2023-05-18,0.01357355,0.02268449,0.04061292,0.00503310,-0.00108235,0.03060062,-0.00611030,0.01633395,0.00349407,0.01167488,0.01782048,0.01429238,0.04850921,0.00100065,0.01928910
2023-05-19,0.00062809,-0.01621197,0.01717109,0.00849338,0.00635654,0.00639627,-0.00156338,-0.00057003,0.00876040,0.00450767,-0.00491380,-0.00056527,-0.01315523,0.00697551,-0.00075592
2023-05-22,-0.00549566,-0.01072394,0.01009405,0.03311805,0.01765787,-0.00570339,0.02296480,0.01848244,0.00188414,0.02292116,0.01085109,0.00888160,-0.00281859,0.01478572,-0.00933259
2023-05-23,-0.01527100,-0.00017395,-0.03428823,-0.02578418,-0.00459174,0.01191365,-0.01517152,-0.02011303,0.00531911,-0.02112400,-0.00638306,-0.01860386,-0.01577701,-0.00884513,-0.01405390
2023-05-24,0.00163077,0.01518975,0.00532502,-0.02121202,-0.01629928,-0.01020501,-0.00683075,-0.01363681,-0.01969653,-0.01366035,0.00996078,-0.00448282,-0.00489988,-0.01692426,-0.00343364
2023-05-25,0.00667003,-0.01510277,0.10081825,0.01981190,0.01085593,0.06999805,0.00443911,0.02111547,0.00855672,0.02516618,0.01386753,0.03773691,0.21808801,-0.01110542,0.11337233
2023-05-26,0.01400612,0.04347587,0.08671796,0.01835750,0.01085703,0.10899944,0.02564716,0.00910950,0.01666369,0.01914494,0.03633358,0.02116019,0.02511641,0.01411305,0.02214051
2023-05-30,0.01060339,0.01282230,0.02361099,0.02057570,0.02503603,-0.01162081,0.00813478,-0.00757196,0.00456714,-0.00019372,0.00183026,-0.00505951,0.02947459,0.01391664,-0.01198910
2023-05-31,-0.00028216,-0.00891685,-0.04743231,0.00104768,-0.00309555,0.00573458,-0.00883518,-0.00648991,-0.00689749,-0.00348960,0.00834527,-0.00855048,-0.05844247,0.01177624,-0.03380696
2023-06-01,0.01589549,0.01799921,0.00204190,0.01705646,0.01039501,-0.02254262,0.01736368,0.00689400,0.00951997,0.01809150,0.02936955,0.01267838,0.04990472,-0.00488993,0.00253251
2023-06-02,0.00476404,0.01198301,-0.02539776,0.02469243,0.01455272,0.02753038,0.02112025,0.00764936,0.01982983,0.02262966,0.00000000,0.00844339,-0.01120184,0.01556472,0.00101149
2023-06-05,-0.00760007,0.00841522,0.00079971,0.01141240,-0.00168164,-0.01201768,-0.03988611,0.01069091,0.00166000,0.00780069,-0.00448519,0.00160870,-0.00397436,0.00577456,-0.00903606
2023-06-06,-0.00206219,0.01040061,-0.01830595,0.00608096,0.02558438,-0.01544968,0.02174493,0.01026385,0.00037690,0.00884152,-0.00099533,-0.00675022,-0.01328652,0.05052539,0.01789086
2023-06-07,-0.00778665,-0.04342190,-0.02594745,0.00912208,-0.00977989,0.00332364,-0.00114480,-0.03851408,0.01265587,0.00311282,-0.02812881,-0.03135420,-0.03087280,0.02877873,0.00469751
2023-06-08,0.01534687,0.02460607,0.04234542,0.01621314,0.01534110,0.01449143,0.01545848,-0.00294303,0.00022328,0.00018278,0.00371073,0.00579678,0.02724405,0.03055707,-0.00349605
2023-06-09,0.00215750,-0.00662147,0.00123136,0.00315677,0.00282332,0.00052184,-0.00531525,0.00073654,0.00659974,0.00855407,0.00139751,0.00469269,0.00672861,-0.03678179,0.02821533
2023-06-12,0.01551761,0.02512132,0.04499734,0.00900292,0.00756184,0.06115254,0.01909319,0.01146953,0.00824384,0.00884087,0.02276220,0.01536547,0.01819816,0.01417205,0.04060400
2023-06-13,-0.00261521,0.00071085,-0.00826936,0.03167640,0.02024160,-0.00496925,0.00863964,0.00153562,0.00861269,0.02167813,0.00099582,0.00732581,0.03826356,0.01310640,-0.00243147
2023-06-14,0.00348540,-0.00189668,0.00284290,0.00184019,-0.00687886,0.04036690,-0.00419972,-0.00129279,-0.00291136,0.00245790,0.00745386,0.00908246,0.04702204,-0.00696871,0.00569547
2023-06-15,0.01113637,0.00544318,-0.03374249,0.01615250,0.01982371,-0.00310798,0.02580221,0.01141660,0.00870822,0.02732794,0.03055128,0.03139849,-0.00803272,0.02418055,-0.01680041
2023-06-16,-0.00587698,-0.01282680,-0.03536450,-0.00401373,-0.00885606,-0.01749355,-0.01654184,-0.01254943,-0.00666950,-0.02435145,-0.00294953,-0.01671470,0.00091396,-0.01461117,-0.00581660
2023-06-20,0.00048635,0.00230828,-0.02107090,-0.00886108,-0.01118177,-0.00009224,-0.00561215,-0.00348697,-0.01111783,-0.01001508,0.01178081,-0.01258147,0.02580491,0.00259422,-0.00565800
2023-06-21,-0.00569129,-0.00758151,-0.01954250,0.00013080,-0.00257324,-0.01843336,-0.01657874,-0.02093250,-0.01683681,-0.01512357,-0.00950581,-0.01337101,-0.01757055,-0.02447689,-0.02276145
2023-06-22,0.01639013,0.04173476,0.01135376,-0.02036028,-0.00581472,-0.00618904,0.00011186,0.02133853,-0.01902964,-0.01063363,0.01143815,0.01826963,-0.00046459,-0.01966111,0.01455300
2023-06-23,-0.00171288,-0.00632029,-0.02926778,-0.02529387,-0.02393411,-0.02436766,-0.01469117,-0.00659906,-0.01335398,-0.02941924,0.01342400,-0.01390203,-0.01914800,-0.00542986,-0.01190015
2023-06-26,-0.00758139,-0.01558514,0.01334955,0.00913602,0.01427632,-0.00063276,0.01064452,-0.03324216,0.01464922,-0.00937383,-0.03618156,-0.01934914,-0.03807770,0.00362321,-0.01782050
2023-06-27,0.01494674,0.01442457,0.03460190,0.01468772,0.01418300,0.03206219,0.02831798,-0.00008462,0.00758490,0.03388899,0.03034619,0.01800500,0.03015721,0.01347129,0.01948727
2023-06-28,0.00630788,-0.00108434,-0.00173085,0.00507001,0.01303035,-0.00054228,-0.00043810,0.01551342,-0.00439228,0.01482044,-0.00615014,0.00381855,-0.01829117,0.01943511,-0.01142861
2023-06-29,0.00179485,-0.00887366,0.02176823,0.00887697,0.01464175,0.01710646,0.01651299,-0.00902723,0.01730546,0.00376037,-0.01326739,-0.00238501,-0.00720059,0.00957791,-0.00277856
2023-06-30,0.02283973,0.01905114,0.01724022,0.01310459,0.00750097,0.00561841,0.00172258,0.00502520,-0.00186676,0.00089328,0.01917362,0.01625301,0.03561323,0.00948666,0.00277856
2023-07-03,-0.00781516,-0.00107452,-0.01341804,0.00337946,0.00165912,0.01033335,0.01907042,0.00166945,-0.00104661,0.00888896,-0.00335096,-0.00751660,0.00262034,-0.00602633,0.02185602
2023-07-05,-0.00588874,0.00122796,-0.00137681,-0.01358605,-0.00863723,-0.01677536,-0.01971604,0.01531151,0.00425518,-0.02201037,0.02877575,0.00047345,-0.00226567,-0.02447689,-0.02116269
2023-07-06,0.00250556,-0.01561448,-0.00489673,-0.02019469,-0.02005777,-0.01621215,-0.00962535,-0.01356153,-0.01561589,-0.02491434,-0.00811761,0.00918415,-0.00507001,-0.01875896,-0.01576878
2023-07-07,-0.00590860,0.01100188,-0.00568000,0.01993145,0.01166136,-0.00147519,-0.00119605,-0.00525902,-0.00060558,0.01765073,-0.00501294,-0.01193830,0.00945551,0.02052727,0.00821478
2023-07-10,-0.01091510,-0.02063054,0.00976234,-0.00276659,-0.01230119,0.03593355,0.01576016,-0.02568703,0.00618898,0.00545261,0.01221307,-0.01611276,-0.00762823,-0.00088361,-0.00460017
2023-07-11,-0.00281404,0.01289535,0.00387837,0.02809757,0.01881443,0.00490953,0.05318204,0.00590775,0.01152116,0.02045287,0.01414645,0.00192719,0.00531977,-0.00088469,0.01482407
2023-07-12,0.00894545,0.01556395,0.02387452,0.00038460,0.01207355,0.00891677,-0.00294938,0.01516530,-0.01197272,0.03969200,0.03637458,0.01412635,0.03469373,0.00881043,0.02573751
2023-07-13,0.00404916,0.02640666,0.02747810,0.03229769,0.04491037,0.00046054,0.04539876,0.04609192,0.00809751,0.04374634,0.01307117,0.01606244,0.04618146,0.01911466,0.01594518
2023-07-14,0.00078700,0.00282541,-0.01813389,-0.00323312,-0.00059349,-0.00200108,0.01247789,0.00704106,-0.00389073,-0.01067586,-0.01459170,0.00750111,-0.01111048,-0.00690853,-0.00408135
2023-07-17,0.01715754,-0.00835074,0.02881149,0.00806323,-0.00089132,0.02420450,0.00345446,-0.00615833,0.00627726,0.00197956,0.00564974,0.00141841,0.02158237,0.01205874,-0.00333441
2023-07-18,-0.00134099,-0.00548067,0.01796924,0.01860522,0.00789361,-0.00763074,0.02357300,-0.00716562,0.00830867,0.01747982,0.00459330,0.03902814,0.02199020,0.03035635,-0.01577415
2023-07-19,0.00704675,0.01886777,0.01572494,-0.00718074,0.00313998,-0.00228269,0.01199729,-0.01407719,0.00088605,-0.01074592,0.01261046,-0.01234312,-0.00881887,0.01729153,-0.00087290
2023-07-20,-0.01014877,-0.04071114,-0.02790178,-0.00354864,0.00107719,-0.01456127,-0.00612019,-0.02346419,0.02117958,-0.00163813,-0.04362654,-0.02339321,-0.03363263,-0.00573078,-0.05177351
2023-07-21,-0.00618060,0.00030769,0.00134089,-0.00973093,-0.00628323,0.00942246,-0.02467174,0.00685562,0.00403876,-0.00823173,-0.02768361,-0.00897712,-0.02696404,-0.00164316,-0.00625281
2023-07-24,0.00421102,-0.00927361,0.00046599,0.00061881,-0.01059366,0.00538273,0.00228556,0.01250280,0.00430894,0.00461806,-0.00904641,0.00389014,0.00681496,0.01550398,0.01023030
2023-07-25,0.00450334,0.00255885,0.01370714,0.00395055,0.00911545,0.01802685,-0.00696808,0.00557976,0.00564551,0.00262928,0.00975998,0.01686630,0.02363589,0.00323365,0.02084977
2023-07-26,0.00453482,-0.00761828,-0.05696583,0.00344407,-0.00792175,-0.02749927,0.00296502,0.05616230,0.00525967,-0.00411139,0.01382704,-0.03836402,-0.00498193,0.00322341,-0.00911231
2023-07-27,-0.00660272,0.00078008,-0.02126427,-0.00900422,-0.01795500,0.00049248,-0.01375090,0.00100517,0.01337823,-0.02587593,0.04306902,-0.02109332,0.00980828,-0.02608131,-0.00060388
2023-07-28,0.01341744,0.03041013,-0.06346662,0.01353709,0.00242592,0.00698148,0.02467127,0.02427800,0.00335187,0.01377267,0.04322779,0.02286808,0.01834929,0.02205063,0.01508448
2023-07-31,0.00316109,0.01105721,0.02612991,-0.00122312,0.00181592,-0.00126769,-0.00247800,0.00105525,0.00507588,-0.00955354,-0.02136468,-0.00726697,-0.00044944,-0.00485820,-0.01709949
2023-08-01,-0.00428511,-0.01499814,0.17964213,0.00305490,0.03027670,0.02348000,0.01223490,-0.00885462,-0.00591262,0.00587687,0.01281739,0.00124950,-0.00476197,-0.00325205,-0.00759320
2023-08-02,-0.01561099,-0.02678110,-0.04591730,-0.00771630,-0.01795621,-0.03057115,-0.03053299,-0.02439231,0.00584346,-0.01382349,-0.02637423,-0.02663451,-0.04931813,0.00406317,-0.02782240
2023-08-03,-0.00734883,0.00544492,0.00270390,0.05501806,-0.00649201,-0.00823757,-0.00272497,0.00054508,0.00193990,0.00558610,-0.00356966,-0.00256824,0.00554138,-0.00162334,-0.00755199
2023-08-04,-0.04921130,0.07945181,0.01029789,0.00244084,0.00439919,-0.00376984,0.00116884,-0.00265047,-0.00145458,0.01590936,-0.00788561,0.00342283,0.00369971,-0.00325470,0.01234725
2023-08-07,-0.01740418,0.01880884,-0.00183912,0.00150784,0.01926650,0.01732777,0.01161343,0.02634567,0.01336001,0.02655898,0.01858839,0.00708314,0.01636047,0.00162872,0.00197375
2023-08-08,0.00529744,-0.01616139,0.00656064,-0.04492586,-0.01966557,-0.01561633,-0.00154088,-0.00098888,-0.00184870,-0.01008147,-0.01246039,-0.01237521,-0.01671845,-0.02387925,-0.01949329
2023-08-09,-0.00899468,-0.01504760,-0.01670844,-0.00950190,-0.00029962,-0.03741176,-0.03610701,-0.01333054,-0.01227616,0.00619108,-0.02405222,-0.01178501,-0.04839400,-0.02788530,-0.00541184
2023-08-10,-0.00123520,0.00513725,-0.00655816,-0.00122457,0.01319011,-0.00924654,0.00109850,0.00023149,0.00531960,0.01194709,0.00173502,0.00216988,-0.00390835,0.00171239,0.00868719
2023-08-11,0.00033747,-0.00108311,-0.00774403,-0.00233098,-0.02020276,-0.01571185,-0.01843251,-0.00100315,-0.00090789,-0.00644017,-0.01350068,-0.00596303,-0.03683651,0.00681999,-0.03008948
2023-08-14,0.00934930,0.01548532,0.01801438,0.00673286,0.02049846,0.02891202,-0.00336025,0.01356936,-0.00849027,-0.00210209,0.01497131,0.00939470,0.06853113,-0.00255171,0.01167182
2023-08-15,-0.01126359,-0.02084613,0.00855303,-0.01772568,-0.04050213,-0.01365088,-0.00583077,-0.01187265,-0.00028204,-0.02176297,-0.01394419,-0.00675040,0.00426501,-0.03378434,-0.01504756
2023-08-16,-0.00497121,-0.01906629,0.00952864,-0.00323402,-0.00020512,-0.01137575,-0.00586514,-0.00835644,-0.00870760,-0.01917591,-0.02569588,-0.00243159,-0.01038602,-0.01688186,0.00109023
2023-08-17,-0.01466255,-0.00810271,0.00763467,-0.00792336,0.00071797,-0.00709610,-0.00103258,0.00943456,0.00014220,0.00016912,-0.03176072,-0.01104690,-0.00327084,-0.02357315,-0.00152655
2023-08-18,0.00281239,-0.00568860,-0.01222146,0.02444623,0.01667194,-0.00152456,0.01964035,-0.01911610,0.00531785,0.01759572,-0.00647510,-0.00126318,-0.00103887,0.03560413,-0.00591017
2023-08-21,0.00770715,0.01089963,0.02261812,0.00479394,-0.00992917,0.04649027,0.00070893,0.00711406,0.00613339,-0.00566383,0.02320621,0.01691879,0.08131572,-0.00539581,0.01589941
2023-08-22,0.00787380,-0.00319781,0.01531509,-0.00024548,0.00294845,-0.01086628,-0.00537922,0.00551576,-0.00556804,-0.01379332,-0.00796537,0.00180024,-0.02804748,-0.01728112,-0.00346321
2023-08-23,0.02171138,0.00941553,0.01224342,0.01859226,0.01130658,0.02400300,0.01454859,0.02516868,0.01347885,0.01978928,0.02282487,0.01398116,0.03121502,0.02536381,0.02123853
2023-08-24,-0.02651901,-0.02753022,-0.05768224,-0.00652256,0.00060204,-0.02555861,-0.00684386,-0.01976052,0.00097555,-0.01118815,-0.02578492,-0.02173301,0.00099697,-0.00448235,-0.01809943
2023-08-25,0.01256398,0.01071303,0.00949765,0.00760560,0.00290512,-0.00309417,0.00644242,0.00077036,0.01246130,-0.00084001,-0.00436868,0.00936302,-0.02457712,0.00089794,0.00614107
2023-08-28,0.00880718,-0.00090086,0.00584256,0.00587572,0.00816903,0.01081212,0.01216740,0.00866262,0.00459896,0.01897839,0.01653516,0.00222695,0.01759831,0.00715592,0.00962082
2023-08-29,0.02157574,0.01320672,0.01899837,0.01565857,0.01134511,0.03295533,0.03333972,0.02681114,0.00294052,0.01765324,0.02628279,0.01444555,0.04077142,0.03330702,0.01142383
2023-08-30,0.01899082,0.00118530,0.00885798,0.00164641,0.00947064,0.00263703,0.00564067,0.00968757,0.00279560,0.00242745,-0.00974553,0.00115643,0.00979132,0.00687302,-0.00316035
2023-08-31,0.00117167,0.02153289,0.04253506,0.02598177,0.00513683,0.03373032,0.01401158,0.00213180,-0.00020413,0.01507888,0.00267355,-0.00313746,0.00184559,0.02285336,-0.01284859
2023-09-01,0.00842787,0.00079673,0.01085115,-0.01035819,-0.00251680,-0.05612443,-0.01783242,-0.00375217,0.00753119,-0.00975922,0.00165449,0.00274203,-0.01728999,0.00334157,-0.00406938
2023-09-05,0.00126573,-0.00617302,0.00050659,0.02659835,0.00145283,-0.00040140,0.03525983,0.00081034,0.00128358,-0.00354329,0.01263983,0.01476905,0.00080375,-0.02107089,0.01501702
2023-09-06,-0.03644955,-0.01401192,0.00040500,-0.01945141,-0.01570378,0.00011481,-0.00314624,-0.00969557,-0.00047263,-0.00420381,-0.00327026,-0.00201080,-0.03102608,0.00932582,-0.02504650
2023-09-07,-0.02968558,0.01822828,-0.01017613,0.00068905,0.01454183,-0.01762611,0.01371473,0.00593210,-0.00365374,-0.00552390,-0.00167275,-0.00896220,-0.01757772,-0.00084421,-0.02424580
2023-09-08,0.00348560,0.00275275,0.00474483,0.00845821,0.02629587,0.00060645,0.02954365,0.00824623,0.00108382,0.02318941,-0.00261483,0.01312899,-0.01457329,0.01675070,-0.00456335
2023-09-11,0.00660073,0.03462480,-0.01683558,0.00838700,-0.00340336,0.00185239,0.00733966,0.00395189,0.00472872,0.00603090,0.03194577,0.01091956,-0.00868330,0.00414427,-0.00044643
2023-09-12,-0.01720778,-0.01315399,-0.02176845,0.01745422,0.00018935,-0.01716336,-0.00849407,-0.01160682,-0.01411727,0.00929217,-0.01936971,-0.01842645,-0.00684091,0.00987674,0.00977351
2023-09-13,-0.01192567,0.02530903,-0.00498517,0.00486834,-0.00236986,0.00990904,0.00186417,0.01007174,0.00170759,-0.00897580,0.01120799,0.01284789,0.01361341,-0.00987674,0.00814525
2023-09-14,0.00874425,-0.00089792,-0.00282177,0.00627157,0.00353128,0.02169907,-0.00035474,0.01011635,0.00544389,0.00787781,0.02159686,0.00782488,0.00210811,-0.00580672,0.00791366
2023-09-15,-0.00416262,-0.03037659,-0.01525761,0.00666850,0.00123769,-0.02316573,0.00953640,-0.00508179,-0.00927256,0.01061512,-0.03728995,-0.02535572,-0.03757652,0.06987997,-0.02456942
2023-09-18,0.01677189,-0.00292473,0.00701305,0.00304627,0.00237583,-0.00197434,0.00508414,0.00587793,-0.00618398,0.00093124,0.00743114,-0.00351881,0.00150226,-0.00388647,-0.00471718
2023-09-19,0.00616174,-0.01693056,-0.00641772,-0.00435453,-0.00676229,-0.00094187,0.00653637,-0.00123086,0.00980786,-0.01610794,0.00829485,-0.00124690,-0.01019587,-0.01096336,-0.00745770
2023-09-20,-0.02019456,-0.01714839,-0.01131739,0.00392002,0.01536286,-0.01675084,-0.00784861,-0.03164589,0.02233919,0.00314808,-0.01785971,-0.02426905,-0.02987671,0.00392914,-0.01003079
2023-09-21,-0.00892942,-0.04505328,-0.02712237,-0.01765123,-0.01440754,-0.02710475,-0.02742590,-0.02498427,-0.01648709,-0.03600099,-0.01323478,-0.00387315,-0.02935749,-0.01980247,-0.02235839
2023-09-22,0.00493244,-0.00162512,0.01384721,0.00441452,-0.00172016,0.02530904,0.00045000,-0.00145774,-0.00319396,0.01262767,0.01126410,-0.00791759,0.01435419,0.01113762,0.00327480
2023-09-25,0.00735334,0.01651414,0.00464703,0.01822326,0.01084373,0.00578502,-0.00794670,0.00658127,-0.00293130,0.02211523,0.00583435,0.00167032,0.01460094,0.00709504,0.00698163
2023-09-26,-0.02367662,-0.04113311,-0.01815697,-0.02851726,-0.02704154,-0.02145415,-0.04033110,-0.01956330,-0.02236743,-0.03262734,-0.00623567,-0.01715192,-0.00739327,-0.01903314,-0.02287064
2023-09-27,-0.00893751,0.00000000,0.02047250,-0.00367834,0.00803536,0.00075893,0.00574147,0.01520611,-0.00048865,0.00938536,-0.00408906,0.00208026,0.01320250,0.01903314,0.01355090
2023-09-28,0.00152466,0.00000000,0.01546345,0.01716083,0.01131347,0.01842626,0.01564427,0.01346794,-0.01116790,0.00738128,0.02067542,0.00271376,0.01451687,0.01790618,0.01128909
2023-09-29,0.00304165,0.00900835,-0.00271474,-0.01481835,-0.01944608,-0.00170832,-0.01012206,-0.01101961,-0.00908184,-0.01530440,-0.01241375,0.00670481,0.00947021,0.00000000,0.00565462
2023-10-02,0.01472661,0.01824046,0.02087559,-0.00178424,-0.00418866,0.00524768,0.00018649,0.02497977,0.00355752,-0.00995188,0.02177903,0.01897953,0.02906837,-0.01476886,0.00859365
2023-10-03,-0.00780022,-0.03730077,-0.01566975,-0.03451736,-0.02390727,-0.02439232,-0.03746030,-0.01305364,-0.00291634,-0.03317249,-0.01935059,-0.02648180,-0.02865455,-0.00786167,-0.02588844
2023-10-04,0.00728233,0.01811585,0.00614689,0.01615789,0.02322364,0.01096042,0.00983322,0.02099694,0.00483212,0.01296645,0.01530091,0.01761721,0.01196921,0.01098909,0.01464455
2023-10-05,0.00717221,-0.00822270,0.01069357,0.00691041,0.03427922,0.00006073,-0.00047980,-0.00125779,0.00318476,0.01081615,-0.00258866,0.00125327,0.01458413,0.03753773,0.00414522
2023-10-06,0.01464267,0.01575332,0.03135975,0.02221682,0.02313963,0.02564364,0.00898155,0.01841256,0.00359720,0.02629802,0.03431383,0.02443598,0.02374901,0.02597558,0.02563658
2023-10-09,0.00841574,0.00234170,0.01219210,-0.01546618,0.00771783,0.01248571,-0.00304855,0.00608671,0.00119620,-0.00695626,0.00924599,0.00779216,-0.01074342,0.00511509,-0.00336558
2023-10-10,-0.00335787,0.00946699,-0.00853940,0.00681688,0.00929224,0.00295188,0.00456935,-0.00260410,-0.00063307,0.00760094,0.01087162,-0.00434504,0.01152965,-0.00952047,0.01804056
2023-10-11,0.00787282,0.01798683,-0.01484802,-0.00558421,0.00776790,0.01863899,0.01863051,0.01787488,0.00785013,0.01645799,0.01841017,0.01219722,0.02177105,0.01822874,0.01522406
2023-10-12,0.00504851,0.00378559,0.00597603,-0.01512111,-0.01550541,0.03487673,-0.02272282,-0.01130513,-0.01399099,-0.02894096,-0.01122719,-0.00379770,0.00296529,-0.02339272,0.00455484
2023-10-13,-0.01034596,-0.01938111,-0.01650765,-0.00444414,-0.00825842,-0.02506858,-0.01016014,-0.01165302,-0.01987912,-0.01727729,-0.02964922,-0.01041135,-0.03212186,-0.03003242,-0.02143553
2023-10-16,-0.00072722,0.02104225,0.03615688,-0.00354663,0.01381736,0.02171707,0.00710381,0.01258795,0.00540217,0.00149266,0.02032012,0.01487074,0.01384977,0.02409764,0.00836641
2023-10-17,-0.00882346,-0.00818126,-0.00729126,0.00980864,-0.00473684,-0.02033659,0.00752854,0.00444719,0.00794192,0.00165576,0.00883532,-0.00174529,-0.04792496,-0.00746820,-0.00241465
2023-10-18,-0.00742230,-0.02573329,-0.00621139,-0.00980864,-0.01712913,0.00296929,-0.02918866,-0.01267635,-0.00249744,-0.04207042,-0.02193650,-0.00588981,-0.04045425,-0.02428041,-0.01550436
2023-10-19,-0.00216354,0.00210493,-0.01410520,-0.04536925,-0.02378052,-0.02188301,-0.08227714,-0.00152338,-0.01410215,-0.04121758,-0.01321103,0.00365894,-0.00225373,-0.02724965,0.03627600
2023-10-20,-0.01481343,-0.02547755,-0.02844544,-0.01230841,-0.02826582,-0.01649782,0.00212037,-0.01573119,-0.00617781,-0.01266741,-0.01338820,-0.01413437,-0.01710474,-0.02396278,-0.01737091
2023-10-23,0.00069403,0.01104369,0.00220059,0.00556960,-0.01191038,0.01001239,-0.01795307,0.00661524,-0.00570297,0.00581076,0.01721703,0.00807973,0.03765159,0.00242211,-0.00219268
2023-10-24,0.00254003,0.01567922,0.02106123,0.01414717,0.03320831,0.02167204,0.02586497,0.01678141,0.01028555,0.01776637,-0.00466059,0.00366742,0.01588249,0.01520647,0.00580012
2023-10-25,-0.01358356,-0.05738720,-0.02336932,-0.03144158,-0.03043950,-0.03638161,-0.03485486,-0.09992419,-0.00516584,-0.02412370,-0.04254984,0.03021671,-0.04410709,-0.03064748,-0.04463022
2023-10-26,-0.02491311,-0.01510653,-0.09149131,-0.00467922,0.00315483,-0.02729847,0.00423430,-0.02686840,0.04758015,-0.00566490,-0.03803955,-0.03823607,-0.03539740,0.01624720,-0.00217022
2023-10-27,0.00793785,0.06609496,0.03682388,-0.00830384,-0.00740989,0.01394528,-0.02087215,-0.00089997,-0.00866285,-0.00864992,0.02864778,0.00583857,0.00430545,-0.01461078,-0.01683633
2023-10-30,0.01222993,0.03816942,-0.00267115,-0.00236754,0.00573516,0.00344130,0.03044376,0.01857094,0.00077161,0.01758933,0.01978746,0.02248560,0.01618937,0.00489408,0.00081361
2023-10-31,0.00281498,0.00285922,0.13127381,-0.03452117,-0.02830058,0.00014260,-0.00032499,-0.00305782,0.01399399,0.00615608,-0.00460319,0.00236885,-0.00929954,0.00324937,0.00290070
2023-11-01,0.01856501,0.02895536,0.05093390,0.07713805,0.03115588,0.01365767,0.02565617,0.01892031,0.00524050,0.02759401,0.03451538,0.02326988,0.03718623,0.01768536,0.01711625
2023-11-02,0.02048210,0.00777993,0.00397613,0.00560297,0.01773585,0.02129700,0.03576444,0.00819097,0.01101214,0.03060686,-0.00314757,0.00648056,0.02752079,-0.00880363,0.03006740
2023-11-03,-0.00519448,0.00383127,0.00381929,0.01075973,0.03362154,0.01297656,0.02712368,0.01254942,0.00603580,0.03956772,0.01192730,0.01277972,0.03387481,0.06383494,0.01437432
2023-11-06,0.01449948,0.00819146,0.00150478,-0.02235793,-0.02870763,-0.00209803,-0.02580076,0.00886827,0.00720865,-0.02839082,0.00380698,0.01051694,0.01643986,-0.01673036,0.00878582
2023-11-07,0.01434719,0.02103105,-0.00098724,0.01432866,0.00756469,0.01910482,0.00608324,0.00551270,-0.00094004,0.04864595,0.00951778,0.01115693,0.00444927,-0.00461186,-0.00205395
2023-11-08,0.00586780,-0.00442435,-0.01421151,0.00496689,0.00921041,0.01471585,0.00232234,0.00662076,-0.00538983,0.00112229,0.00300654,0.00737845,0.01337963,0.02134221,-0.00444661
2023-11-09,-0.00262802,-0.01047127,0.00968573,-0.00615324,-0.00104008,0.00027453,-0.02357131,-0.01220993,0.00170661,-0.00176412,0.00240504,-0.00693484,0.00804087,-0.00226510,-0.00413899
2023-11-10,0.02295448,0.02083403,-0.02294119,0.00839199,0.01930334,0.04938657,0.01831344,0.01788253,0.01623650,0.01986549,0.02532003,0.02459182,0.02907278,0.01500410,0.06158719
2023-11-13,-0.00862053,-0.00677970,0.01649444,0.00890576,0.00767357,-0.01112137,-0.00926845,-0.00377792,-0.00619319,0.00658736,0.00127670,-0.00812118,0.00587888,0.01184314,-0.01052307
2023-11-14,0.01418454,0.02226249,0.02312784,0.02260748,0.01135537,0.02711778,0.04853204,0.01151624,0.01547718,0.04074071,0.02139815,0.00974286,0.02108438,0.02255480,0.02549652
2023-11-15,0.00303631,-0.01799361,-0.00680747,-0.00813059,-0.05647309,0.00250463,0.01633907,0.00745605,0.01432432,-0.00330720,-0.01076203,0.00040598,-0.01558736,-0.01376343,-0.00111265
2023-11-16,0.00900166,-0.00258711,-0.00206071,-0.00161908,-0.01759283,-0.01638303,-0.00557759,0.01701390,0.00314092,-0.00325103,0.00443841,0.01743046,0.01203664,-0.01026407,-0.00263496
2023-11-17,-0.00010568,0.01631918,0.00621600,0.00507961,0.04879960,0.01876909,0.01207724,-0.01190138,-0.00111126,0.01338846,0.00254039,-0.01694373,-0.00368493,0.01184336,0.01049874
2023-11-20,0.00923551,0.00652237,0.00330252,0.01689931,0.01215953,0.01822248,0.01409618,0.00692306,0.00950390,0.01733269,0.01460727,0.02031414,0.02228617,0.00879137,0.00380885
2023-11-21,-0.00423978,-0.01537810,-0.00009283,-0.00408432,-0.00471646,-0.01467969,-0.00631392,0.00527024,-0.00285460,0.00190750,-0.00883376,-0.01164554,-0.00926751,-0.01247743,-0.01562767
2023-11-22,0.00350838,0.01933932,0.01094672,0.02514716,0.00867579,-0.00942054,0.00940912,0.01103651,0.00789544,0.00336567,0.01329480,0.01273122,-0.02489491,0.00294997,0.00243575
2023-11-24,-0.00702903,0.00020446,0.00321041,0.01036749,0.00366903,0.00704326,0.00205826,-0.01308276,0.00032212,0.01089733,-0.00959219,-0.00111201,-0.01948398,-0.00147390,-0.00834701
2023-11-27,-0.00094794,0.00672390,0.00128128,-0.00693645,-0.00265878,-0.02968445,-0.00233911,-0.00205044,0.00251006,-0.00202516,-0.01049152,0.00312128,0.00970678,-0.01186955,-0.00635764
2023-11-28,0.00320873,-0.00474962,-0.00651497,0.00132491,0.00695267,-0.00410215,0.00830258,0.00577461,0.00051421,0.00462299,0.01273591,0.01074492,-0.00876521,0.00298058,0.00788982
2023-11-29,-0.00542427,-0.00484059,0.00939191,0.01793366,0.01322252,-0.00585005,0.03406567,-0.01623895,0.00487093,0.07441682,-0.02023333,-0.01011114,0.00664854,0.00222962,0.00914360
2023-11-30,0.00305827,-0.00157321,0.00186786,-0.00293050,0.00984793,-0.01617981,0.00893903,-0.01839172,0.01365221,0.01461042,-0.01531843,0.00015836,-0.02887133,0.00074210,-0.01600519
2023-12-01,0.00676837,0.00641379,-0.01407154,0.00757983,-0.00392759,0.00460198,0.01685445,-0.00506826,0.01247247,-0.01287249,-0.00714771,-0.01168016,-0.00010697,0.00959764,0.01266217
2023-12-04,-0.00950975,-0.01500698,-0.00713392,-0.03111540,-0.02179008,-0.00650503,0.01096532,-0.01983759,0.00341976,0.00466364,-0.01488748,-0.01444261,-0.02720322,-0.02003762,-0.01575002
2023-12-05,0.02084442,0.01398630,0.00283188,0.00963519,0.00200902,-0.01181231,-0.00225299,0.01321796,0.00179846,0.00292069,-0.00542066,0.00911469,0.02302659,-0.00375527,-0.00330395
2023-12-06,-0.00570323,-0.01619802,-0.01076663,-0.00176511,-0.01562979,-0.01043627,-0.02788332,-0.00743291,-0.00690147,-0.00945598,-0.00264274,-0.01003615,-0.02309252,-0.00755287,0.01192560
2023-12-07,0.01008822,0.01619802,0.00881762,0.00253634,0.00351499,0.02039616,0.01548898,0.05178162,-0.00037457,0.01011850,0.02838521,0.00581274,0.02373669,0.01952024,0.01460925
2023-12-08,0.00738502,0.00366968,0.03979404,0.01410682,0.02137674,0.02361660,-0.01139419,-0.01426910,0.01080168,0.01915563,0.01868601,0.00880343,0.01934117,-0.01422722,0.01061921
2023-12-11,-0.01301158,-0.01043273,0.01127401,-0.00162996,0.00072253,0.08613213,0.00372405,-0.01267361,0.00952470,0.00363220,-0.02270509,-0.00786027,-0.01867619,-0.00075442,0.00596118
2023-12-12,0.00788901,0.01083964,0.01441645,0.01393346,0.01256545,0.04096655,0.00194510,-0.00579349,0.00731234,0.00400587,0.02711313,0.00826089,0.02184989,-0.01138531,0.00641820
2023-12-13,0.01655352,0.00917933,-0.00134955,-0.01045900,0.01618982,0.01610607,0.05616174,0.00037711,-0.00663980,0.02596893,0.00155456,-0.00002664,0.00900309,0.02338851,0.00510519
2023-12-14,0.00075760,-0.00958624,0.00642668,0.00938563,0.00809584,0.01529964,0.07028927,-0.00476333,-0.00434875,0.04219830,-0.00470106,-0.02280263,0.00543341,0.05794520,0.01764137
2023-12-15,-0.00272962,0.01714964,0.01958791,0.01439188,0.02210282,0.02079462,0.00698103,0.00498962,-0.00418299,0.00959105,0.00523875,0.01303225,0.01110669,0.00771117,-0.00883532
2023-12-18,-0.00853973,0.02697181,0.01353277,-0.00424261,0.00709023,0.01516234,-0.02671203,0.02384603,0.00313885,0.00784419,0.02855078,0.00516548,0.02398903,0.00487644,0.00379612
2023-12-19,0.00534592,-0.00181910,-0.00887474,0.00720178,-0.00238646,-0.00190239,0.01832886,0.00623981,-0.00727723,0.00260118,0.01651875,0.00163553,-0.00949057,0.03146630,0.00909100
2023-12-20,-0.01077178,-0.01091834,-0.01506857,-0.03315235,-0.02584286,-0.02595740,-0.01721804,0.01229136,-0.00939037,-0.03191258,-0.00308745,-0.00709801,-0.03056059,-0.00404852,-0.03757024
2023-12-21,-0.00077028,0.01124343,0.00930633,0.00141738,0.00845736,0.01511415,0.02382172,0.01492365,0.00455074,-0.00219677,0.01367722,0.00784777,0.01810546,0.01276465,0.02478058
2023-12-22,-0.00556282,-0.00273383,0.01233123,-0.00239953,0.00536835,-0.00472158,0.01193093,0.00759120,0.00842332,0.00085504,-0.00197860,0.00278052,-0.00327143,-0.00066784,0.00583359
2023-12-26,-0.00284498,-0.00006515,-0.00306857,0.01096829,0.02144372,0.00879388,0.00518972,0.00021192,0.00657762,0.00316866,0.00406626,0.00021350,0.00915316,0.00930872,0.01252438
2023-12-27,0.00051789,-0.00045645,0.00084163,0.00613732,0.00606720,-0.00506629,0.00939480,-0.00815926,0.00153046,0.01401672,0.00841928,-0.00157617,0.00279657,0.00396288,0.00191298
2023-12-28,0.00222377,0.00026088,-0.00320200,0.01184453,0.00711571,-0.00334442,0.00391368,-0.00099793,0.00177262,0.00287556,0.00136855,0.00322951,0.00212250,-0.00595041,0.00047764
2023-12-29,-0.00543896,-0.00943281,-0.00618020,-0.01152265,-0.00804032,-0.00550323,-0.01673974,-0.00385810,-0.00122211,-0.00877241,-0.01224263,0.00202326,0.00000000,-0.01200818,-0.00670821
2024-01-02,-0.03644273,-0.01331725,-0.01691434,-0.02016113,-0.02952681,-0.02804475,-0.02044893,-0.01094085,-0.01261378,-0.01876300,-0.02190710,-0.01384413,-0.02772218,-0.02033959,-0.02403668
2024-01-03,-0.00751572,-0.00978554,-0.00937183,0.00915559,0.00086582,-0.02500179,-0.04725172,0.00541353,-0.00870644,-0.01761815,-0.00526996,-0.00072808,-0.01251356,0.00410118,-0.01348547
2024-01-04,-0.01278146,-0.02661906,0.00504394,0.02813476,0.00792969,-0.00908143,0.00448532,-0.01838005,0.00473586,0.00087582,0.00766378,-0.00720343,0.00897812,0.01017992,-0.01043675
2024-01-05,-0.00402104,0.00462371,0.00156020,0.00137028,0.00488161,0.00025728,-0.00563027,-0.00485086,-0.01062439,0.01625050,0.01381861,-0.00051654,0.02263850,-0.00677521,0.00483060
2024-01-08,0.02388733,0.02622968,0.06265030,0.01422471,0.01610186,0.02407701,0.00106322,0.02265485,0.01236350,0.01040460,0.01888564,0.01869561,0.06229941,0.01685254,0.02606038
2024-01-09,-0.00226610,0.01510988,-0.00264743,-0.00656424,-0.02701132,0.00708262,-0.01101349,0.01508285,-0.00659996,-0.00880639,-0.00343534,0.00293151,0.01683270,-0.02162249,-0.00342934
2024-01-10,0.00565561,0.01547065,0.01630196,0.01101989,0.02465473,-0.00177522,0.00437062,0.00939175,0.00715829,0.01245293,0.03583293,0.01840366,0.02251464,-0.00068328,-0.01075530
2024-01-11,-0.00322797,0.00938790,0.01002068,-0.01437082,-0.00295362,0.01780336,-0.01333636,-0.00140678,0.00575161,-0.00669545,-0.00216157,0.00484759,0.00864679,0.00952388,0.00415802
2024-01-12,0.00177675,-0.00361522,0.00115129,0.00073412,-0.00194596,0.00697566,-0.00484819,0.00400389,0.02219894,-0.00097764,0.01295415,0.00993411,-0.00204499,0.00472821,0.00019746
2024-01-16,-0.01239379,-0.00948731,0.00486848,0.00052388,-0.00987149,0.00655089,-0.00917551,-0.00112219,0.00697186,-0.00293868,-0.01895057,0.00462290,0.03010352,-0.00811914,0.00423838
2024-01-17,-0.00518693,-0.00951230,-0.01700385,0.00626553,-0.01066129,-0.01017762,-0.01079801,-0.00718412,-0.00528471,-0.00430125,0.00247346,-0.00205201,-0.00585220,0.02548752,0.01251109
2024-01-18,0.03205165,0.01172972,0.03383994,0.00539883,-0.01305033,0.03581127,0.00093978,0.01410791,0.00456563,0.00442388,0.02084703,0.01123410,0.01862893,0.00000000,0.09340983
2024-01-19,0.01541344,0.01191567,0.02283866,0.02414180,0.01942642,0.05715960,0.01685270,0.02001033,0.02743132,0.03173725,0.01927435,0.01211312,0.04089831,0.02226681,0.01029807
2024-01-22,0.01209002,-0.00361149,0.01165808,-0.01517403,0.01930912,0.00764886,0.01574712,-0.00266781,0.00784196,0.00083092,-0.00436477,-0.00543263,0.00273625,-0.00454392,-0.01029807
2024-01-23,0.00663121,0.00797949,-0.01725223,-0.02220476,-0.00990575,0.00474902,-0.01658728,0.00716643,0.00640192,-0.00320939,0.00891823,0.00600938,0.00366434,-0.00980719,0.00968512
2024-01-24,-0.00348999,0.00543317,0.00163960,0.02864865,-0.00051064,0.02222511,0.01377253,0.01122614,-0.00005766,-0.00776910,0.01417739,0.00913331,0.02456524,0.02209324,0.02072464
2024-01-25,-0.00169815,0.00559410,0.00740200,0.01918690,0.02687655,-0.01922065,0.02343226,0.02109392,0.09063171,0.02383184,0.00632750,0.00572196,0.00414699,0.01972698,0.00034311
2024-01-26,-0.00905369,0.00864710,-0.00007571,0.00329514,0.00397004,-0.02063413,0.00870753,0.00210513,-0.01593242,0.01626996,0.00243846,-0.00232443,-0.00955595,-0.00126115,0.00598766
2024-01-29,-0.00359234,0.01335933,0.01940206,0.00893212,0.01197905,0.01064140,0.02583352,0.00863575,-0.00149507,0.00471505,0.01730518,0.01423233,0.02322456,0.00691619,-0.00239056
2024-01-30,-0.01943334,-0.01411373,0.00878982,0.00384603,-0.00294053,-0.00792284,-0.00494065,-0.01344405,0.00389326,0.00697427,-0.00239665,-0.00276180,0.00493447,-0.01007556,-0.00789580
2024-01-31,-0.01954750,-0.02418961,-0.05006322,-0.01188143,-0.00631840,-0.02358409,-0.02185661,-0.07796496,-0.02266405,-0.01365083,-0.02510882,-0.02731615,-0.02006472,-0.01659268,-0.02707353
2024-02-01,0.01325255,0.02594906,0.01648628,0.00149303,0.00934051,0.01681548,-0.00120587,0.00753748,0.01748751,0.01797091,0.01182284,0.01547416,0.02408696,0.00192854,0.00379932
2024-02-02,-0.00541985,0.07572555,0.03776003,0.02533522,0.02830209,0.02007200,0.00807350,0.00860563,-0.00595659,0.01542220,0.18496508,0.01825825,0.04851303,0.02097307,0.02059955
2024-02-05,0.00979854,-0.00876891,-0.00047615,-0.00126134,-0.01308654,0.01520622,-0.02532605,0.00908896,-0.01283853,-0.01202460,-0.03335054,-0.01363773,0.04683032,-0.01138528,0.02592448
2024-02-06,0.00859455,-0.00683443,-0.03004720,0.01417100,0.01980257,-0.01658754,0.01887249,0.00291898,-0.00005432,0.05637929,-0.01026127,-0.00039441,-0.01612471,0.00380954,0.00495455
2024-02-07,0.00058099,0.00812537,0.00812116,0.01359525,0.01454073,0.02775500,0.02026891,0.00994331,0.00179750,0.01221410,0.03217809,0.02089037,0.02712680,0.02255747,0.04584213
2024-02-08,-0.00577135,-0.00405443,0.03256643,0.01415801,0.05069149,0.01398224,0.01378359,0.00253922,0.01244410,0.01903023,0.00087273,0.00014498,-0.00655533,0.01537062,0.06766900
2024-02-09,0.00408577,0.02678135,0.02349930,0.02319061,0.00852136,0.00678612,-0.00125223,0.02095617,0.01068256,0.00495916,-0.00402942,0.01543189,0.03515861,0.06381376,-0.00464684
2024-02-12,-0.00904280,-0.01216890,-0.00557404,-0.00959772,0.00255693,-0.01447183,0.01862246,-0.00991485,-0.00096629,0.00606226,0.00168626,-0.01265866,0.00159284,0.01251450,-0.02010925
2024-02-13,-0.01133852,-0.02170299,-0.05627501,0.00905171,-0.01581082,-0.01060942,-0.04023609,-0.01633271,-0.01330243,-0.01798518,-0.01890223,-0.02176368,-0.00166225,-0.01883081,-0.02255829
2024-02-14,-0.00482121,0.01378030,0.00060245,0.02427731,0.01325389,0.00840931,0.02372592,0.00549668,-0.00070802,0.00072981,0.02819986,0.00961883,0.02427046,0.03786828,0.01339479
2024-02-15,-0.00157609,-0.00692527,0.00311926,0.01306169,-0.01125461,0.00225545,0.01781614,-0.02196051,0.01781701,0.00453133,0.02245980,-0.00718095,-0.01694926,-0.00055472,-0.00185840
2024-02-16,-0.00846595,-0.00170940,-0.01798439,-0.00804136,-0.00155481,-0.01560658,-0.01828520,-0.01588512,0.00411215,-0.00583702,-0.02237524,-0.00616829,-0.00061977,-0.01340793,-0.01830167
2024-02-20,-0.00412245,-0.01443914,-0.00820940,-0.02798077,-0.01763997,-0.01531560,-0.01227298,0.00426087,-0.02263759,-0.02669650,-0.00332251,-0.00314783,-0.04450784,0.00056208,-0.01079300
2024-02-21,0.00417727,0.00899696,-0.01991888,-0.00292408,-0.00749357,0.00073362,-0.00110878,0.01008203,-0.02059876,0.00556736,-0.00685625,-0.00151552,-0.02892316,0.00112358,0.00007987
2024-02-22,0.01118123,0.03491339,0.05455726,0.02020103,0.01754766,0.06118748,0.00867913,0.01074536,0.02478754,0.02227839,0.03794358,0.02327361,0.15186984,0.01572190,0.02932490
2024-02-23,-0.01008484,0.00234576,-0.00410129,0.00089634,-0.01542263,-0.00655834,-0.01727445,-0.00090254,0.00816362,0.00031318,-0.00432918,-0.00318735,0.00354601,0.00278176,0.00355752
2024-02-26,-0.00747916,-0.00148696,0.02246118,-0.00656209,-0.00455916,0.00979468,0.00135788,-0.04540268,-0.00859791,0.00000000,-0.00474244,-0.00684702,0.00348304,-0.00724857,0.00853298
2024-02-27,0.00808154,-0.00683382,-0.00670757,-0.00054136,-0.00565212,-0.00990257,0.01166541,0.00947753,0.00401071,0.00229375,0.01096228,-0.00014719,-0.00495595,0.00669275,-0.01581635
2024-02-28,-0.00664743,-0.00219204,0.00462322,0.00871483,0.00527120,-0.00526757,-0.00339827,-0.01816537,0.00232318,-0.00177200,-0.00624055,0.00058872,-0.01327688,-0.00949466,-0.00945442
2024-02-29,-0.00369987,0.02057681,0.01587074,0.00008956,0.01045946,0.00854852,0.01180463,0.01513640,-0.00145810,0.02483255,0.01254449,0.01441544,0.01848549,0.00782553,0.01007615
2024-03-01,-0.00604861,0.00822590,0.03609216,-0.00709134,0.00368758,0.07313829,0.00211004,-0.00957904,0.01698722,0.00679553,0.02452680,0.00448659,0.03925139,0.00111288,0.03984244
2024-03-04,-0.02570899,-0.00359753,0.00069487,0.00314791,0.02052148,0.00220581,-0.01170055,-0.02802501,0.02549583,-0.00313848,-0.00821591,-0.00139684,0.03531970,0.00665218,0.03204264
2024-03-05,-0.02885311,-0.01967653,-0.02628536,-0.01766582,-0.00265316,-0.04336565,-0.01415983,-0.00511255,-0.00576611,-0.02059176,-0.01612731,-0.03001816,0.00854009,-0.01111128,-0.02408321
2024-03-06,-0.00589571,-0.00350949,0.01426648,-0.00559097,0.00147475,0.00538499,-0.01225225,-0.00961871,0.02169566,0.00402862,0.01190315,-0.00139170,0.03133124,-0.00504062,0.04774157
2024-03-07,-0.00070976,0.01889710,0.00693551,0.01920770,-0.00125347,0.04136231,0.01209202,0.02242553,0.00193523,0.01005246,0.03193828,0.01738153,0.04377402,-0.01242944,0.05249339
2024-03-08,0.01018459,-0.00834830,-0.04779417,-0.01966734,-0.01075469,-0.07241732,0.00948996,0.00763552,-0.00300636,0.00681497,-0.01225783,-0.00716260,-0.05707526,0.00113615,-0.01915001
2024-03-11,0.01176218,-0.01952208,-0.00768201,0.00009184,-0.01132428,-0.01199165,-0.01133464,0.01655224,-0.02177143,-0.01285473,-0.04520041,-0.00419378,-0.02024271,-0.01257144,-0.05151981
2024-03-12,0.00277472,0.01975013,0.03921786,0.01079122,0.01087687,-0.00095926,-0.00717020,0.00601094,0.03106746,0.01821269,0.03287046,0.02625180,0.06912654,0.00573402,0.03796945
2024-03-13,-0.01219683,0.00664869,-0.00408836,0.00036371,0.00505996,-0.02667880,0.01937772,0.00927104,-0.00547586,-0.01237714,-0.00839924,-0.00043349,-0.01121469,0.00114271,-0.01577478
2024-03-14,0.01086839,0.01232743,0.01172254,0.00027264,-0.00757760,0.00349177,-0.01036285,0.02340254,-0.01676387,-0.01149915,-0.00757553,0.02408722,-0.03292770,-0.00975608,-0.01788821
2024-03-15,-0.00219920,-0.02452201,-0.02239516,0.00362949,-0.00505869,-0.02143590,0.00136132,-0.01350832,-0.01227589,-0.00144672,-0.01584163,-0.02091223,-0.00121730,-0.00173175,-0.01908933
2024-03-18,0.00635215,0.00034392,0.04088391,-0.00117806,-0.01479360,0.00140734,-0.01239959,0.04501222,0.00323968,-0.01615873,0.02625837,0.00215879,0.00701116,0.00690859,0.00156738
2024-03-19,0.01349371,0.00810552,-0.00832989,0.00416252,0.01524769,0.00062222,0.00444611,-0.00441123,0.00857089,0.00639038,-0.00149024,0.00975304,0.01060424,0.01537187,-0.01303853
2024-03-20,0.01460220,0.01271024,0.03311347,0.01701179,0.01001253,0.03447460,0.03003319,0.01156321,0.00320145,0.02922631,0.01852794,0.00902397,0.01083629,0.01346810,0.01384323
2024-03-21,-0.04171578,0.00000000,0.02668251,0.01663981,0.02280906,0.05489167,0.03006933,-0.00769386,-0.01067759,0.03036594,0.00442132,0.00968885,0.01169378,0.03666634,0.01955154
2024-03-22,0.00529622,0.00403340,0.00595729,-0.01717257,-0.02004142,0.00404988,-0.02928699,0.02124947,-0.00553893,-0.00869576,0.00357788,-0.00146836,0.03073609,-0.02008223,0.00778612
2024-03-25,-0.00833510,0.00468522,-0.00300698,0.00743343,-0.00059784,-0.00139737,0.00763545,-0.00465354,-0.01080003,0.00089283,-0.01295687,-0.01380972,0.00753342,0.01253077,-0.00220827
2024-03-26,-0.00669485,-0.00787694,-0.02542697,0.00413543,0.00126997,-0.01497574,-0.00747899,0.00399027,-0.00153735,0.00198113,-0.01427576,-0.00286540,-0.02602997,0.00862555,-0.00996154
2024-03-27,0.02099077,0.00854443,-0.03213972,-0.00272555,-0.00508923,-0.00962941,0.02326502,0.00132642,0.01212785,-0.00535803,-0.00410205,-0.00052202,-0.02528419,0.00801893,-0.01560653
2024-03-28,-0.01061530,0.00305379,0.00542890,-0.00999878,-0.00225336,0.00505259,0.00366033,0.00039755,0.00083829,0.00069601,-0.01690805,-0.00168586,0.00117369,0.00425106,-0.00469326
2024-04-01,-0.00849162,0.00326551,0.03313680,0.00017792,-0.00444648,0.01857524,-0.00259134,0.02976541,-0.00593519,-0.00578326,0.01181276,0.00910920,0.00007748,-0.01549596,0.03920656
2024-04-02,-0.00702348,-0.00154841,-0.03014110,-0.01712821,-0.01208277,-0.00855312,-0.03668719,-0.00599907,-0.00501681,-0.02122352,0.01217741,-0.00739949,-0.01013270,-0.00323629,-0.00901645
2024-04-03,0.00478582,0.00947405,0.02693332,0.01819449,0.00898090,0.01809831,0.00205631,0.00232633,0.01063754,0.01671350,0.01866388,-0.00235178,-0.00547032,0.04593055,0.01261459
2024-04-04,-0.00490423,-0.01330007,-0.03411053,-0.01350224,0.00166544,-0.03410627,-0.00443421,-0.02874642,-0.01562686,-0.01395948,0.00821515,-0.00613133,-0.03498997,-0.01769941,-0.01661637
2024-04-05,0.00449162,0.02777732,0.03011984,0.03180777,0.01471722,0.01650816,0.01238247,0.01300228,0.00636474,0.02772661,0.03163214,0.01811757,0.02418593,0.01252621,0.01209890
2024-04-08,-0.00668563,0.00064817,-0.00073952,0.01204883,0.00742627,-0.00248925,0.01354632,0.01529241,0.00358869,0.00710818,-0.01546003,-0.00218792,-0.00999213,0.01646113,0.01006536
2024-04-09,0.00721625,0.00258856,-0.00888326,-0.03676972,-0.01011312,-0.00151292,0.02051196,0.01123778,-0.00269037,-0.01366895,-0.00453594,0.00397258,-0.02062853,-0.01335400,0.01811344
2024-04-10,-0.01120166,0.00150691,-0.02240346,0.02078890,0.00179220,-0.00881626,-0.04588538,-0.00294188,-0.01742427,-0.01264565,0.00565255,-0.00710990,0.01954927,-0.02142756,0.00562384
2024-04-11,0.04236080,0.01653374,0.02859287,-0.01056177,0.00022383,0.04443884,0.00624624,0.02072664,-0.00075275,0.01443908,0.00638537,0.01097291,0.04027436,-0.00317453,0.00667975
2024-04-12,0.00858959,-0.01556617,-0.08938665,-0.02590316,-0.02049667,-0.02816234,-0.02716464,-0.01059471,-0.01971966,-0.03196370,-0.02175806,-0.01419126,-0.02718260,-0.01764258,-0.03230973
2024-04-15,-0.02210605,-0.01357700,-0.03001606,-0.02342677,-0.01573026,-0.02514857,-0.01880378,-0.01836331,-0.00561190,-0.01501607,-0.02306125,-0.01977220,-0.02508934,-0.02567783,-0.01684033
2024-04-16,-0.01935329,-0.00163508,-0.00167314,0.00232113,0.01222196,0.01391842,0.00584249,-0.00297499,0.01369874,0.00468428,-0.00094000,0.00226979,0.01630809,0.01537666,-0.00242918
2024-04-17,-0.00818079,-0.01119051,-0.01337116,-0.00315805,0.00616928,-0.03555935,0.01069105,0.00690603,-0.00354362,-0.01738993,-0.01124844,-0.00663095,-0.03943351,-0.00218240,-0.00552300
2024-04-18,-0.00573057,-0.01142868,-0.00805483,-0.00176912,-0.00762187,-0.01860286,-0.02357307,0.00346738,-0.00894205,-0.01361862,0.01532209,-0.01855203,0.00753953,0.00327159,-0.04984450
2024-04-19,-0.01228786,-0.02594463,-0.04411781,0.00307069,-0.00899212,-0.04407086,-0.01608612,-0.01238315,0.00060594,-0.00785084,-0.04218879,-0.01282074,-0.10541143,-0.00600607,-0.03516169
2024-04-22,0.00507803,0.01477882,-0.00252256,0.02722076,0.01896503,0.01626097,0.03068970,0.01411249,0.00176081,0.01977735,0.00137091,0.00459962,0.04262179,0.01035168,0.01592576
2024-04-23,0.00637118,0.01294969,0.02299504,0.02825865,0.03344699,0.01999544,0.01801992,0.01259000,0.00159300,0.03637897,0.02939377,0.01635093,0.03588117,0.01345903,0.02796744
2024-04-24,0.01262240,-0.01656735,0.01419141,-0.00927193,-0.00403726,0.00608943,-0.00427264,0.00548221,0.01042908,-0.01232428,-0.00525474,0.00364913,-0.03388338,0.00426874,-0.00345330
2024-04-25,0.00513408,-0.01667370,0.03846260,-0.00748004,-0.01646437,0.02947787,-0.00339876,-0.01986530,-0.08611313,-0.01982942,-0.11161666,-0.02480019,0.03641599,-0.01124491,0.02678700
2024-04-26,-0.00347895,0.03368654,-0.00022664,0.00303447,-0.00082306,0.03763951,-0.00032655,0.09734755,-0.01059407,0.00703743,0.00431801,0.01807939,0.05992398,0.01177729,0.01251470
2024-04-29,0.02450541,0.00743257,-0.00389878,-0.01174218,0.00953387,-0.00406288,-0.01538430,-0.03431284,0.00179341,-0.00272523,-0.02436439,-0.01006727,0.00025058,0.01321755,0.00144504
2024-04-30,-0.01843971,-0.03349008,-0.02733583,-0.02307559,-0.01350818,-0.02906750,-0.03381006,-0.02049139,-0.00737337,-0.02346799,-0.00567918,-0.03264657,-0.01556083,-0.00790946,-0.00841088
2024-05-01,-0.00606570,0.02259983,-0.00527578,-0.00564411,-0.01049903,-0.04515658,0.00751811,0.00661283,-0.01070700,0.02178743,0.02075148,0.01430671,-0.03967646,-0.01278648,-0.01762918
2024-05-02,0.02179278,0.03145537,0.02572319,0.03912431,0.02207805,-0.00345774,0.01268630,0.01670331,0.00157978,0.02091097,0.00565346,0.00731598,0.03288281,-0.02938193,0.00951433
2024-05-03,0.05809545,0.00803393,0.04677692,-0.02356454,-0.02048481,0.03142495,-0.00843958,0.00371430,0.00617455,-0.02206800,0.02300805,0.02192754,0.03404556,-0.00887414,0.03837902
2024-05-06,-0.00914842,0.01328333,0.01597956,0.01828607,0.03178413,0.02488140,0.02692477,0.00512908,0.01734901,0.03353317,0.02990521,0.01677681,0.03704635,0.02421692,0.00893159
2024-05-07,0.00379005,0.00031790,-0.01747486,0.01513429,0.00819142,-0.00551000,0.00238967,0.01856535,-0.00136516,0.01304418,0.00548221,-0.01020806,-0.01736280,-0.01479082,-0.01211570
2024-05-08,0.00186230,-0.00403437,0.06253150,0.00123618,0.01000159,0.01693795,-0.01409055,-0.01097984,0.00898687,0.00130515,0.00926838,0.00292742,-0.00156918,0.01587764,0.01749227
2024-05-09,0.00996462,0.00794706,0.01497287,-0.01002177,0.02682395,-0.01497540,0.02660452,0.00341860,-0.01171909,0.02526275,0.00594916,0.00432612,-0.01858739,0.00649725,-0.00565670
2024-05-10,-0.00691422,-0.01071687,0.05889258,-0.00115935,-0.00119415,0.02056571,0.00817578,-0.00773777,0.00527855,0.01057620,0.00163941,0.00585195,0.01266354,0.00107861,0.04431475
2024-05-13,0.01749162,-0.00486561,-0.01333568,-0.02055621,-0.01501343,0.00352748,-0.01551810,0.00290127,0.00244993,-0.02842306,-0.01734834,-0.00246231,0.00577996,-0.00866267,-0.01927895
2024-05-14,0.00615454,0.00267637,0.01215677,0.00987992,0.03353768,0.03129575,0.03095788,0.00706967,-0.00119438,0.02171017,0.00817147,0.00684121,0.01053091,0.00704397,0.03714069
2024-05-15,0.01214383,-0.00578998,0.03867979,0.03935265,0.03318378,0.03987467,0.04151704,0.01265884,0.00536317,0.04979360,0.02032818,0.01733288,0.03521039,0.01660027,0.02360858
2024-05-16,0.00063206,-0.01277005,-0.01838720,-0.01869236,-0.02131766,-0.01688078,-0.02646857,0.00963394,0.00421087,-0.03323867,-0.01740764,-0.00495230,-0.00286780,0.00265170,-0.02176764
2024-05-17,0.00015814,0.00580998,-0.00062496,0.00309995,-0.00725387,-0.01199687,-0.01743286,0.01073571,0.00035494,0.00469346,-0.00279332,-0.00185440,-0.02012517,0.00633591,-0.00361933
2024-05-20,0.00614319,-0.00630028,-0.00156426,-0.00115035,-0.00716852,0.01334142,0.00000000,0.00487276,0.00525155,0.00229102,-0.00652674,0.01213427,0.02457685,-0.00053156,0.01225311
2024-05-21,0.00683400,-0.00212713,-0.00754278,0.01537495,-0.00652382,-0.01054316,0.01610263,0.00524304,0.02067692,0.01523420,-0.00902014,0.00866113,0.00637337,0.00583094,0.00078109
2024-05-22,-0.00756715,-0.00010915,-0.00154696,-0.00752621,0.00783734,-0.00498676,-0.00809792,-0.00829990,0.00126743,-0.00678406,0.00675669,0.00344380,-0.00458133,-0.00052852,0.01600944
2024-05-23,-0.02128303,-0.01142306,-0.04881856,-0.00846876,0.00000000,0.00075391,-0.02858595,-0.01617495,-0.01754034,-0.01706836,-0.00428472,-0.00820996,0.08910601,-0.00423959,0.00600207
2024-05-24,0.01645216,-0.00165839,0.01687615,0.02311857,0.00866701,0.01038871,0.00429586,0.00826297,0.00128840,0.02328896,0.02635758,0.00737335,0.02539747,0.02309809,0.01835497
2024-05-28,0.00005278,0.00771563,0.00306170,0.00069226,-0.01150341,0.00326922,-0.01984942,0.00802544,-0.00722368,-0.00934547,0.00354846,0.00037203,0.06747570,0.01442587,-0.00369439
2024-05-29,0.00157769,-0.00071390,0.00266323,-0.02124487,-0.01514828,-0.01554002,-0.04281457,-0.00283867,-0.01550333,-0.02147320,-0.01165278,-0.00267605,0.00807969,-0.01650382,-0.03232153
2024-05-30,0.00524136,-0.01494463,-0.01519710,0.03131504,0.00568124,-0.01930543,0.02718263,-0.02178173,-0.00853668,0.00608605,-0.01553041,-0.03437012,-0.03839370,0.00622094,-0.00898142
2024-05-31,0.00500605,-0.01619107,-0.01999039,-0.00523768,-0.01984880,-0.02639212,0.00975710,0.00226339,0.00733875,-0.00958062,-0.00047117,0.00110869,-0.00787730,-0.07287642,-0.01263190
2024-06-03,0.00921629,0.01071093,-0.00424208,0.00335193,-0.01415402,-0.00501808,-0.01076316,0.00387661,-0.00945417,0.00320382,0.02257809,-0.00388595,0.04779370,-0.01230444,0.02555794
2024-06-04,0.00164775,0.00559160,-0.01088947,-0.02317512,-0.02202071,0.00672527,-0.00109096,0.00357371,0.00320152,-0.01819299,-0.00104765,0.00614764,0.01241829,-0.02564969,-0.01613473
2024-06-05,0.00779043,0.01075937,0.01482915,0.02085574,0.03181348,0.05998352,0.02184548,0.00927858,0.00942419,0.02041993,0.03718344,0.01890360,0.05027095,-0.00173363,0.06629146
2024-06-06,-0.00712169,0.02031303,-0.00333257,-0.02887880,-0.04065481,-0.00839995,-0.02109017,0.00749704,0.00488687,-0.03854793,-0.00262931,0.00120192,-0.01184720,-0.03292463,-0.00523073
2024-06-07,0.01231576,-0.00379094,0.00074154,-0.00541420,-0.00801720,0.00382504,-0.01309185,-0.01292773,0.01070371,-0.01519175,-0.00162161,-0.00157941,-0.00090952,-0.00239394,0.01421309
2024-06-10,-0.01933338,0.01486453,0.00265820,0.05548078,0.02898963,0.02376558,0.01752949,0.00429477,0.00217395,0.10602376,0.01936659,0.00943983,0.00743377,0.04051051,0.02267439
2024-06-11,0.07013148,0.00090838,0.02387431,-0.01749646,-0.00777633,0.01417210,-0.00578108,0.00915736,-0.00624066,0.01149849,0.00964298,0.01117903,-0.00716967,0.00172459,-0.01467661
2024-06-12,0.02817760,-0.00181758,0.02129604,0.01420742,0.01251515,0.02332554,0.03646671,0.00660242,-0.00189188,0.01154734,0.00269611,0.01918248,0.03486601,0.01312415,0.04293667
2024-06-13,0.00547598,-0.01650878,0.06328714,-0.01789874,-0.02750411,0.11572526,-0.00993345,-0.01490299,0.00070973,-0.01928978,-0.00935905,0.00117820,0.03461758,-0.01715299,0.00274496
2024-06-14,-0.00820188,-0.00092519,-0.00960370,-0.00353211,-0.00150667,0.03283793,-0.00788623,0.00926254,0.00053218,-0.00164720,0.00111145,0.00223955,0.01736237,-0.01335267,-0.00231619
2024-06-17,0.01948061,0.00217554,0.03464401,0.00361813,0.01050040,0.05266795,0.00747706,0.00254229,0.00171222,0.00902657,0.00488720,0.01302006,-0.00684785,0.01392915,0.02704987
2024-06-18,-0.01104530,-0.00681443,0.00076426,0.00881822,0.00721104,-0.01451268,0.00603931,-0.01220460,0.00617569,0.00281001,-0.01419335,-0.00453781,0.03451729,0.02110146,0.01372835
2024-06-20,-0.02174774,0.01783685,-0.00044081,0.00941672,-0.00215037,-0.03843179,0.01437951,0.00688707,0.01956696,-0.00389972,0.00441479,-0.00143476,-0.03604545,0.00225470,-0.02427816
2024-06-21,-0.01049944,0.01588602,-0.00835373,-0.00550356,-0.02191478,-0.04476162,-0.00450156,0.01871209,-0.00843006,-0.01123964,-0.01388920,0.00911239,-0.03272094,-0.01417646,-0.00812958
2024-06-24,0.00312785,-0.01873801,-0.02445475,0.00423620,0.01551017,-0.03769882,0.00914271,-0.00228515,0.01467765,-0.01248355,0.00831266,-0.00470223,-0.06917909,0.00853009,-0.03599326
2024-06-25,0.00445827,0.00414073,0.01603074,0.00160524,0.01114425,-0.00719841,-0.00672865,0.02648442,-0.01386615,-0.00046518,0.02316074,0.00730024,0.06537958,0.00000000,0.02814459
2024-06-26,0.01979593,0.03827289,0.00050809,-0.00346683,0.00073863,0.00706630,-0.00209199,-0.00081523,-0.00423843,-0.01538495,0.00492319,0.00267953,0.00245546,0.00958017,-0.00307548
2024-06-27,0.00397797,0.02166337,0.03876664,-0.00050853,0.00368462,-0.00335979,-0.00032207,0.00828623,-0.00595255,0.00075597,0.01247252,0.00152490,-0.01925046,0.00391839,-0.00256030
2024-06-28,-0.01638765,-0.02352451,0.00730239,0.00059319,-0.01983513,0.01182259,-0.00258146,-0.01773893,0.01221659,-0.00587406,-0.02996954,-0.01311427,-0.00363597,-0.00841536,0.01262162
2024-07-01,0.02868917,0.02023374,0.01759145,0.00565852,0.02167224,0.02173005,-0.01276296,0.00460090,0.01235463,-0.00696065,0.00091178,0.02164570,0.00613302,0.00337481,-0.00855156
2024-07-02,0.01610949,0.01409894,0.00086869,0.01088873,-0.00552174,0.01011453,0.00798574,0.01222080,0.01248608,0.01349559,0.00950537,0.00556764,-0.01320019,-0.01527624,0.01936685
2024-07-03,0.00579416,-0.01212321,0.02328359,-0.00200126,0.02118401,0.04237212,0.00154089,0.00312618,-0.00889445,0.00122656,0.00090239,0.00323885,0.04471761,0.00908064,0.03791750
2024-07-05,0.02138997,0.01212321,0.00196840,-0.00888747,-0.00065079,-0.01509709,-0.00552586,0.02539852,0.00164883,0.00018866,0.05706991,0.01462884,-0.01928371,-0.00056502,0.00818592
2024-07-08,0.00651766,-0.00355635,0.01337493,-0.02403600,-0.01817372,0.02467384,-0.01601734,-0.00827132,0.00916146,-0.00956681,-0.01980911,-0.00282726,0.01865979,-0.04568602,0.01424662
2024-07-09,0.00376775,0.00025087,-0.01444070,0.00653502,-0.00731824,-0.00721445,0.00421392,-0.00026457,-0.00655140,0.00484216,0.00128398,-0.01447450,0.02450240,0.00118281,-0.01137019
2024-07-10,0.01862897,0.00225489,-0.00548322,0.02145136,0.02895776,0.00654399,0.02427427,0.01157420,0.00767670,0.03599897,0.00881018,0.01449601,0.02651407,0.01815561,0.03477736
2024-07-11,-0.02349460,-0.02401083,-0.01150234,0.01573006,0.01686713,-0.02245477,0.01873534,-0.02978316,0.00263912,-0.00549712,-0.04199635,-0.02508402,-0.05727626,0.01326048,-0.03488577
2024-07-12,0.01296629,-0.00287518,0.00640343,-0.00463503,0.01022404,-0.00309964,0.02117861,-0.00269793,0.02503329,0.01721440,-0.02734530,-0.00253245,0.01433948,0.01365214,0.01532917
2024-07-15,0.01660478,-0.00914241,-0.00409786,0.01612932,0.02377670,0.00792408,0.02331104,0.00785775,0.00027343,0.03739900,-0.00544708,0.00090356,-0.00620933,0.00619560,-0.01143423
2024-07-16,0.00179019,0.00155547,-0.00609479,0.01217054,0.01374276,-0.01197202,0.03445280,-0.01409102,0.01589440,0.01476529,-0.01292177,-0.00982876,-0.01632688,0.03095871,0.00441730
2024-07-17,-0.02562134,-0.02672432,-0.06204237,-0.02300433,-0.02934519,-0.08241678,-0.01589074,-0.01589334,0.00878758,-0.02508271,-0.05843354,-0.01343750,-0.06853514,0.02207368,-0.08312932
2024-07-18,-0.02074877,-0.02249338,-0.01210213,-0.00703911,0.02521505,0.02869074,0.01150177,-0.01856715,-0.01196781,0.00988249,0.02955943,-0.00712753,0.02593416,0.01269829,0.00390608
2024-07-19,0.00057984,-0.00337983,-0.00624260,0.00149471,-0.00061075,-0.01994600,0.01585513,-0.00016884,-0.01069305,0.00208641,0.00197362,-0.00743053,-0.02644272,0.01305853,-0.03613714
2024-07-22,-0.00156156,-0.00317218,0.03472404,0.02846812,0.02341671,0.02330441,0.01851551,0.02232011,0.00489916,0.02334666,0.02200879,0.01324950,0.04647370,0.02864660,0.02136634
2024-07-23,0.00467738,0.02092444,0.01280339,0.00683197,0.00000000,0.01668603,0.01713525,0.00066039,-0.00027146,0.00076322,0.00264327,0.00430278,-0.00771969,-0.00252459,0.00277141
2024-07-24,-0.02917591,-0.03039120,-0.06181709,-0.02530951,-0.04253939,-0.07893404,-0.04260185,-0.05170165,-0.00043459,-0.01908576,-0.05774483,-0.03651343,-0.07045625,-0.02197902,-0.06081606
2024-07-25,-0.00481605,-0.00543417,-0.03672345,-0.00049297,0.00545185,-0.01383926,0.01721649,-0.03148145,0.04234669,0.00843247,-0.01718662,-0.02478566,-0.01739335,0.01232675,0.00299929
2024-07-26,0.00215868,0.01462697,0.01607410,0.00410131,0.01231199,0.01575357,0.01404148,-0.00167527,-0.00119869,0.01530510,0.02674477,0.01628623,0.00692290,0.00762784,0.01030369
2024-07-29,0.00128376,0.00382826,0.00418907,-0.00081897,-0.01196773,-0.00934225,-0.00141752,0.01503606,-0.00130459,0.00075910,0.00002157,0.00342727,-0.01308716,-0.01995459,-0.01198966
2024-07-30,0.00256279,-0.00816639,-0.02889571,0.00474046,0.02868653,-0.04562672,0.00255039,0.00447294,-0.00240510,0.01165191,-0.00542587,-0.00896828,-0.07304002,-0.01510054,-0.03478335
2024-07-31,0.01487944,0.02858959,0.10688455,0.02153751,0.02391291,0.11294041,0.00571436,0.00731359,0.00574153,0.02842779,0.02481956,-0.01086473,0.12055332,0.00052458,0.07032931
2024-08-01,-0.01689240,-0.01568548,-0.02308943,-0.07745920,-0.02672470,-0.08884615,-0.03668285,-0.00455751,-0.01299130,-0.03042989,0.04712100,-0.00296854,-0.06907217,-0.10437056,-0.04704865
2024-08-02,0.00684578,-0.09194763,-0.05868129,-0.11347003,-0.06867695,-0.02200601,-0.02947476,-0.02430311,-0.00285116,-0.09755059,-0.01947559,-0.02088245,-0.01792352,-0.05503786,-0.05403213
2024-08-05,-0.04936570,-0.04183992,-0.01390599,-0.04312659,-0.04051977,-0.01217239,-0.02696707,-0.04548062,-0.03120311,-0.02224909,-0.02575183,-0.03320215,-0.06568907,-0.02806533,-0.01282711
2024-08-06,-0.00979592,0.00563549,0.02697241,0.04245014,0.01499206,0.01286739,0.00615818,-0.00604639,0.01885979,0.03123070,0.03786717,0.01122374,0.03713199,0.03541833,0.04906371
2024-08-07,0.01242077,0.00517409,-0.01938058,-0.00329166,-0.00346816,-0.05461930,-0.02109434,0.00409794,0.00000000,-0.00741782,-0.01051875,-0.00295729,-0.05258168,-0.00612366,-0.00225509
2024-08-08,0.01649641,0.01844407,0.05269468,0.00067860,0.02683943,0.06718585,0.02370000,0.01925485,0.03062890,0.03601953,0.04148615,0.01063532,0.05946423,0.03678431,0.05953151
2024-08-09,0.01364244,0.00685222,0.00390864,0.01452714,0.01839603,0.01714348,0.00214076,0.01007064,0.00266749,0.00961855,0.01584616,0.00823529,-0.00209801,0.01177172,0.01549748
2024-08-12,0.00710465,-0.00083897,0.00747619,-0.01607882,-0.00851415,0.00242518,-0.01268222,-0.00846719,-0.01034336,-0.00887876,-0.00352150,0.00194380,0.03995490,-0.00881573,0.00304721
2024-08-13,0.01704695,0.02035493,0.02296605,0.01521885,0.00851415,0.04948833,0.03099681,0.01145665,0.00793770,0.02731010,0.02410885,0.01754406,0.06326494,0.02102864,0.02770997
2024-08-14,0.00203161,-0.00076390,0.00708077,0.01301141,0.01604985,0.00975004,0.02085330,-0.02335792,0.00693974,0.02194879,-0.00337356,0.00686015,0.01656598,0.02342318,-0.01384713
2024-08-15,0.01343993,0.04309097,0.02254619,0.04474689,0.01223119,0.05213949,0.00080764,0.00578223,0.00843964,0.01542378,0.01986750,0.01175441,0.03968318,0.01790751,0.02320348
2024-08-16,0.00590104,-0.00298886,-0.00762855,0.00571908,-0.00412948,-0.00247102,-0.01471104,0.01023885,-0.00087703,-0.00952783,-0.01861538,-0.00609877,0.01390259,-0.01283868,0.00332830
2024-08-19,-0.00070821,0.00653010,-0.00518456,0.00548054,-0.00290074,0.01193666,0.00275153,0.02251093,0.00489063,0.00919512,0.00352063,0.00728569,0.04258612,0.00392510,0.00520012
2024-08-20,0.00274099,0.00369647,0.00490193,-0.01589485,0.00089888,-0.01054974,-0.01248001,0.00305521,0.00665352,-0.01281273,-0.00482967,0.00772752,-0.02138063,-0.01068934,-0.01962704
2024-08-21,-0.00048574,0.00685256,0.00591819,-0.00520253,-0.00145239,-0.00102489,0.01322246,-0.00798732,0.00600177,0.00092666,0.01587778,-0.00155477,0.00977523,-0.00745630,-0.00349359
2024-08-22,-0.00829411,-0.02234539,-0.01050768,-0.00743969,-0.00694451,-0.02096888,0.00029664,-0.01243743,-0.00635856,-0.00025252,-0.00605381,-0.02046081,-0.03774625,-0.00288272,-0.02959853
2024-08-23,0.01023564,0.00515327,0.00836988,0.02764067,0.02409757,0.02446117,0.03276838,0.01104994,0.00071394,0.02905240,-0.00741564,0.00297960,0.04449392,0.00288272,0.02866472
2024-08-26,0.00149777,-0.00873661,-0.02983846,0.00340199,-0.00027211,-0.04135796,0.01905917,0.00325502,0.00954134,-0.00065476,-0.01311614,-0.00794911,-0.02275035,0.00574044,-0.01298670
2024-08-27,0.00373458,-0.01365408,0.00269442,0.01499112,-0.00559553,0.01102776,-0.00501393,-0.00894707,0.00378100,0.00196282,-0.00388380,0.00084606,0.01444524,0.00570791,0.00871564
2024-08-28,-0.00677646,-0.01349167,-0.01298831,-0.00167420,-0.00652167,-0.02009015,-0.00831774,-0.01117446,-0.00135943,-0.00622891,-0.00447912,-0.00785990,-0.02118955,-0.02070243,-0.00794694
2024-08-29,0.01446501,0.00769858,0.01579093,-0.00114720,-0.00580240,-0.00793390,0.00356291,-0.00659234,0.00221454,0.00442984,0.00278265,0.00611859,-0.06597789,0.02863897,-0.00029558
2024-08-30,-0.00344378,0.03639672,0.01940146,0.02157388,0.01410175,0.03684560,0.01258248,0.00984165,0.01610897,0.01301145,0.00594490,0.00968388,0.01502396,-0.00396055,0.01496280
2024-09-03,-0.02758214,-0.01268516,-0.07844044,-0.03885097,-0.03037466,-0.06358096,-0.03009142,-0.03754280,-0.00421414,-0.04545481,-0.01848913,-0.01863154,-0.10009673,-0.03401882,-0.06751703
2024-09-04,-0.00865616,-0.01670614,-0.00205283,-0.01621041,-0.00820151,0.00866720,-0.00210143,-0.00579986,0.01396204,-0.00508598,0.00191310,-0.00131993,-0.01671290,-0.02434063,0.00236492
2024-09-05,0.00690401,0.02596808,0.00730347,-0.00622764,0.00134808,-0.00847085,0.00304211,0.00503700,-0.00747476,0.00652234,0.00800327,-0.00124789,0.00937124,-0.00844918,0.01743882
2024-09-06,-0.00703981,-0.03722372,-0.04397443,-0.00783960,-0.02585444,-0.10927984,-0.00835206,-0.04102348,-0.00917380,-0.01874950,-0.03262420,-0.01651707,-0.04171241,-0.02392012,-0.04293664
2024-09-09,0.00040754,0.02312739,0.03273745,-0.00380364,0.01895359,0.02750164,0.01914208,-0.01342552,0.01380297,0.01891832,0.00899463,0.00995766,0.03478619,0.02996251,0.03730080
2024-09-10,-0.00362811,0.02338469,0.00607815,-0.00793163,0.00007152,0.05114772,0.01730662,-0.00033638,0.00875629,-0.00338242,0.00000000,0.02068581,0.01519327,0.00780088,-0.00215231
2024-09-11,0.01151863,0.02730414,0.04833097,0.01791975,0.00973173,0.06567216,0.00742609,0.01667695,0.02201384,0.00194630,0.01384995,0.02111776,0.07834794,0.01365413,0.04690319
2024-09-12,0.00049389,0.01335074,0.03560500,0.03348120,0.01668468,0.03897272,0.02229447,0.02308438,0.00816137,0.01734802,0.02654801,0.00931718,0.01898039,0.01288818,0.01070862
2024-09-13,-0.00121275,-0.00273097,0.01230585,0.01781677,0.02444832,0.01884197,0.03151176,0.01774827,0.01491587,0.02006986,-0.00186636,0.00837237,-0.00033594,0.02073808,0.00622224
2024-09-16,-0.02816827,-0.00861660,-0.00166919,0.02392685,0.01973981,-0.02212873,0.02204508,0.00380320,0.01097366,0.03000141,0.01732619,0.00174029,-0.01967161,0.02755300,-0.02002516
2024-09-17,0.00217018,0.01070568,0.00497150,0.00536270,0.02256958,-0.00949504,0.00316529,0.00794012,-0.01405112,0.01123741,0.00568422,0.00879426,-0.01024235,0.00938460,-0.01028449
2024-09-18,0.01782999,-0.00241093,0.00210328,-0.00203949,-0.00294941,-0.00493605,-0.00077441,0.00307083,0.00377565,0.00995262,0.00303449,-0.01002360,-0.01939265,-0.00164970,-0.00041856
2024-09-19,0.03639514,0.01828381,0.04753743,0.03403769,0.02693933,0.03823203,0.03007336,0.01447459,-0.00489718,0.02709583,0.03856281,0.01812583,0.03892553,0.03621032,0.05206429
2024-09-20,-0.00293173,0.00907030,0.01345953,0.02324363,0.00095803,0.02174255,-0.00969242,0.00890312,0.01765621,0.00323259,0.00401635,-0.00782664,-0.01599211,-0.00318966,-0.01221821
2024-09-23,-0.00760997,0.01182954,0.00288305,0.00600700,-0.00262060,0.01069657,-0.00577172,-0.01069329,0.01277951,-0.00473988,0.00543631,-0.00405154,0.00223883,0.00425065,0.00389859
2024-09-24,0.00396622,0.00041255,-0.00129762,-0.00079900,0.00688836,0.01092648,0.00216050,0.00271496,0.00212943,-0.00158497,-0.00191528,-0.01006172,0.03888657,0.01473699,0.04042833
2024-09-25,-0.00440786,-0.00740001,0.00812125,-0.00480643,0.00456575,0.00388175,-0.03080944,-0.00494186,0.00117592,-0.00545329,0.00880138,0.00682688,0.02160652,0.00469125,0.00208592
2024-09-26,0.00506731,-0.00714119,-0.00493217,0.00775906,-0.01273483,0.01453603,0.00457168,0.00764918,0.00989537,-0.00220489,-0.00082720,-0.00185297,0.00428192,-0.01466751,0.02427123
2024-09-27,0.00118601,-0.01682841,-0.01575898,0.00246709,0.00549590,-0.03079086,0.00953278,0.00746917,-0.01165973,0.00576822,-0.00084595,-0.00765708,-0.02151320,0.01518739,-0.04858410
2024-09-30,0.02261437,-0.00876308,0.00931846,-0.00717931,-0.00684277,-0.00110083,-0.01175078,0.01152221,0.00108610,-0.01187599,0.00891405,0.00531256,0.00032952,0.00621781,-0.02445819
2024-10-01,-0.02957476,-0.00646100,-0.00514583,0.05528413,0.00301147,-0.02959317,-0.00839407,0.00685028,-0.00785606,-0.00545210,0.00701529,-0.02258632,-0.03724639,0.00771790,-0.00925540
2024-10-02,0.00251671,-0.00200065,0.02014402,0.00521329,0.01107023,0.01886908,0.00236814,-0.00678982,0.00173091,0.01793319,-0.00636918,-0.00849830,0.01568814,0.00969151,0.02144552
2024-10-03,-0.00490680,-0.01527074,0.00125682,-0.01014943,-0.00634725,0.00718151,-0.00665765,0.00000000,0.01351579,-0.01003355,0.01723851,-0.00141539,0.03310197,0.02109586,0.02071674
2024-10-04,0.00499486,0.02469791,0.01490974,0.02977490,0.02104418,0.02725906,0.00475044,0.00720888,0.01461978,0.01801863,0.02234730,-0.00115316,0.01670939,0.03707722,0.00931699
2024-10-07,-0.02278851,-0.03109336,-0.00869999,-0.00823624,0.00105949,-0.00887075,-0.01893804,-0.02472553,0.00494346,-0.01473896,-0.01890413,-0.01579484,0.02216683,-0.00769218,0.01832295
2024-10-08,0.01823679,0.01056347,0.01937593,0.01390976,-0.04574938,0.03176123,0.00247915,0.00855340,0.00658276,0.00015213,0.01377306,0.01254490,0.03968152,-0.01801846,0.00831186
2024-10-09,0.01656045,0.01331938,0.01662676,0.01400870,0.03068878,0.02847359,-0.00684894,-0.01544920,0.02454113,0.02703879,-0.00402223,0.00660935,-0.00180774,0.01705275,0.00584144
2024-10-10,-0.00218070,0.00796086,0.00693048,-0.00072487,-0.00221539,-0.00139930,0.00410129,0.00135841,-0.00547805,-0.01365324,-0.01137672,-0.00388826,0.01615231,0.01200475,-0.00729382
2024-10-11,-0.00652663,0.01155905,0.01734668,0.01646762,0.02589575,-0.02293315,0.02655174,0.00713145,0.00102929,0.01838451,0.01042800,0.00115362,-0.00007403,0.02125241,0.02671505
2024-10-14,0.01634563,-0.00680210,-0.00833336,0.00823904,0.00860764,0.00456305,0.01588228,0.01048152,0.00853766,0.00698204,0.00079621,0.00675082,0.02396845,0.01207632,0.00731042
2024-10-15,0.01096442,0.00079956,-0.05253263,0.00127269,-0.00441748,-0.03533807,0.00532380,0.00302641,-0.00982453,-0.00558170,-0.00705375,-0.00095484,-0.04799374,0.00506569,-0.02678490
2024-10-16,-0.00889150,-0.00427147,0.03449781,0.00914210,0.00521303,0.00476194,0.02145436,-0.00181475,0.00304307,-0.00081040,-0.01630210,-0.00627652,0.03082691,0.02629342,0.00186836
2024-10-17,0.00159519,0.00341862,0.00322084,0.01624810,0.03160904,0.02628849,0.06084923,-0.01359409,-0.00338649,0.01586813,0.00024273,0.00144085,0.00887581,0.04804415,0.09342710
2024-10-18,0.01220173,0.00775531,-0.01331890,-0.00124066,0.00685149,-0.00907529,0.01537639,0.00300299,-0.00292424,0.01419076,-0.00079769,0.00344952,0.00778394,0.01691367,-0.02488945
2024-10-21,0.00627821,0.00042322,0.00992573,-0.00172553,-0.00708849,0.00055585,-0.00926760,0.00396954,-0.00193985,0.00542114,-0.00227522,0.00148172,0.04054361,-0.00378069,0.00581039
2024-10-22,-0.00262515,0.00332651,-0.02355047,-0.00568061,-0.00540921,-0.00339483,-0.01338191,0.00650059,0.00215516,-0.00284965,0.01183954,0.02063211,-0.00083536,-0.02557681,-0.01733176
2024-10-23,-0.02186021,-0.02665680,-0.00637490,-0.00278288,-0.00238674,-0.03327132,-0.00942122,-0.01439417,0.00215060,-0.01162458,-0.03198308,-0.00683035,-0.02846729,-0.00476084,0.01191979
2024-10-24,-0.00082374,0.00900056,0.00420393,0.01897724,0.02040207,-0.01252693,0.01628187,-0.00036864,-0.06368258,0.03356955,0.00722965,0.00030623,0.00607202,0.01335928,-0.01469479
2024-10-25,0.00363662,0.00774968,-0.00407708,-0.02211724,-0.00799294,0.00958340,-0.01281304,0.01554946,-0.01718051,-0.02401602,0.00958771,0.00801987,0.00801563,-0.01683619,0.02745791
2024-10-28,0.00856258,0.00297697,-0.00434853,0.01215593,0.00887050,-0.00568093,0.01978608,0.00873542,-0.00823236,0.00620042,0.00852870,-0.00365023,-0.00723249,0.00304298,-0.04401414
2024-10-29,0.00115628,0.01286871,0.02315111,0.00811403,-0.00339804,0.04111486,-0.00094180,0.01759840,-0.01171652,-0.01014002,0.02581592,0.01248654,0.00518147,0.00993315,0.01154202
2024-10-30,-0.01539596,0.00990723,-0.01396767,-0.00109646,-0.00824966,-0.01461181,0.01013619,0.02778113,-0.02663096,0.00608197,-0.00249766,0.00134178,-0.01361433,-0.00733258,-0.01256990
2024-10-31,-0.01837725,-0.03339535,-0.02443759,-0.01798596,-0.00784135,-0.03966921,-0.02234155,-0.01938879,0.00884324,-0.01393582,-0.04178708,-0.06243673,-0.04837410,-0.03255889,-0.02046718
2024-11-01,-0.01336859,0.06001853,0.01980570,-0.01590132,-0.03526377,-0.00501934,0.00232216,0.00105133,0.00737397,-0.00478592,-0.00074059,0.00984420,0.01969036,-0.04154876,0.01256917
2024-11-04,-0.00404581,-0.01092182,0.00179961,-0.01119712,-0.01362198,-0.00219279,-0.00656364,-0.01204005,-0.00931097,-0.00433955,-0.01149090,-0.00466516,0.00478911,-0.02263202,-0.00723018
2024-11-05,0.00646532,0.01882266,0.02560137,0.06819418,0.02937410,0.03124787,0.01532731,0.00294999,0.00604039,0.01580892,0.02074015,0.00731780,0.02797697,0.01608367,0.02168846
2024-11-06,-0.00327241,0.03733923,0.04347251,0.09209528,0.04785148,0.03197342,0.03908020,0.03910958,0.02863641,0.09125320,-0.00066402,0.02097135,0.03993241,0.09355948,-0.01306007
2024-11-07,0.02114698,0.01419215,0.01849865,-0.02380390,-0.02482741,0.02344897,-0.00045377,0.02373739,0.00042127,-0.01029762,0.03377346,0.01241718,0.02220907,-0.02861039,0.04042032
2024-11-08,-0.00118885,-0.00894256,-0.07356552,0.01354795,0.01246144,-0.00092543,0.00655820,-0.01336686,0.00014033,0.00983768,-0.00399648,-0.00681617,-0.00843186,0.01495843,0.00004968
2024-11-11,-0.01210153,-0.00645753,-0.00787212,0.02889944,0.00585192,-0.02609445,0.03161491,0.01115152,-0.00070210,0.02401947,-0.01052463,-0.01077886,-0.01618380,0.01301526,-0.03618349
2024-11-12,0.00000000,0.00995802,-0.00443966,-0.01815476,-0.00514795,-0.01514961,-0.01374333,0.00701706,-0.00492003,-0.01773156,0.00282527,0.01193780,0.02064455,-0.01563878,-0.01181925
2024-11-13,0.00396123,0.02453967,-0.00098642,0.00359653,-0.01805062,-0.01509464,0.00496937,-0.01520131,0.00028446,-0.00674775,-0.00827589,0.00511649,-0.01371567,-0.01677745,-0.02700782
2024-11-14,0.01367656,-0.01231281,-0.02358290,-0.00018263,0.00933242,-0.01860726,-0.00192971,-0.01862034,-0.00919242,-0.01063939,-0.00490864,0.00396689,0.00334442,0.01106936,0.00980924
2024-11-15,-0.01420971,-0.04284746,-0.03040979,-0.00414698,-0.01076653,-0.03305607,0.00110314,-0.01775566,-0.01932523,-0.00332742,-0.04081049,-0.02824810,-0.03311236,-0.00529802,-0.01329770
2024-11-18,0.01333296,-0.00450152,-0.01052560,0.00698043,0.00131480,0.00502242,0.00878109,0.01615966,0.01500942,0.01606806,0.00057749,0.00182984,-0.01297295,0.02145905,0.00787164
2024-11-19,0.00113949,0.01432430,0.01932779,0.02369621,0.01728978,-0.00193322,0.01032856,0.01595853,0.01032666,0.00216231,0.01199499,0.00487070,0.04778749,0.01376960,0.01161364
2024-11-20,0.00314913,-0.00849104,0.01056087,-0.03237581,0.00899959,-0.01278182,0.00064863,-0.01208708,0.02047859,-0.00393505,0.00786424,-0.00552049,-0.00764761,0.00298704,-0.00693073
2024-11-21,-0.00209816,-0.02243029,0.05915186,0.01299159,0.01798838,0.00421773,0.04739179,-0.04861127,0.03570177,0.03544024,-0.00430615,-0.00432597,0.00533232,0.03598722,0.01517427
2024-11-22,0.00589012,-0.00637175,0.00372176,0.01527478,0.00290987,0.00176748,0.02564632,-0.01726923,0.00255948,0.00607032,-0.00703952,0.00995345,-0.03271046,0.00900157,-0.00608412
2024-11-25,0.01296646,0.02172854,-0.01677045,0.04172884,0.00290152,0.00358615,-0.03024431,0.01738858,0.01407301,0.00195223,0.01062019,0.00428337,-0.04267293,-0.00653869,-0.02665691
2024-11-26,0.00936039,0.03132358,0.02131133,0.00536611,0.01578128,-0.00048549,-0.00758867,0.00873008,0.01186926,0.01455309,0.01480749,0.02173027,0.00659484,-0.00123059,-0.00672247
2024-11-27,-0.00055331,-0.01025152,-0.01490240,-0.01024354,-0.02290773,-0.03125942,-0.01387009,0.00065028,-0.00838177,-0.00771841,-0.00759562,-0.01175144,-0.01160664,-0.02451825,-0.01451944
2024-11-29,0.01016410,0.01039583,0.00873649,0.00676453,0.01109505,0.01498094,0.01089146,-0.00165594,0.00215696,0.01759080,0.00895463,0.00111054,0.02127359,-0.00168427,0.01897004
2024-12-02,0.00947753,0.01347372,0.01049132,-0.01548831,-0.01585509,0.02696538,-0.02136842,0.01492206,-0.00008801,-0.01996839,0.03172105,0.01760271,0.00274467,-0.02950802,0.05140148
2024-12-03,0.01269086,0.01287296,0.01057540,0.00382263,0.00630373,0.00980089,-0.00471589,-0.00087506,0.00705547,-0.01102188,0.03451700,0.00051033,0.01168944,-0.00173777,0.02283411
2024-12-04,0.00148258,0.02187298,0.01736514,0.00995014,0.01023032,0.01423079,-0.00360522,0.01752949,0.01941720,-0.00190184,0.00021185,0.01432189,0.03420087,0.01852307,0.00900955
2024-12-05,0.00012345,0.01089569,0.01319157,0.00570682,0.00124309,-0.00052778,0.00912267,-0.00997088,0.00538190,-0.00355961,-0.00793326,0.01181774,-0.00048227,0.00298295,0.01782810
2024-12-06,-0.00082326,0.02895772,0.01320456,0.01199183,0.00563163,0.05178296,-0.00106909,0.01191921,0.01391756,0.00615789,0.02407832,0.00214395,-0.01822678,0.00424644,-0.00628503
2024-12-09,0.01597291,-0.00414903,-0.02175929,-0.03071729,-0.01573502,-0.00329174,-0.00886266,0.00491580,-0.03435943,-0.03647790,-0.01648727,0.00550808,-0.02581478,-0.01022145,-0.01914581
2024-12-10,0.00412515,-0.00465500,-0.01082117,0.01290422,0.00466712,-0.04066129,0.02251266,0.05437624,0.00745050,-0.00355075,0.00932784,-0.00604932,-0.02731281,0.00384524,-0.03697579
2024-12-11,-0.00517943,0.02293095,0.02311319,0.02207723,0.03536723,0.06418919,0.01487001,0.05377445,-0.00692891,0.03609712,0.02134265,0.01268633,0.03090836,0.05395507,0.01376316
2024-12-12,0.00594609,-0.00561809,-0.00326941,-0.01239380,0.00158825,-0.01396155,-0.01102664,-0.01776169,0.00925650,-0.01047469,-0.00299190,0.00126863,-0.01424202,-0.00811374,-0.01309663
2024-12-13,0.00068531,-0.00661657,0.05009034,0.00011332,-0.00158825,0.21859432,-0.00992828,-0.01121082,-0.00621916,-0.00909427,-0.01668912,-0.00510698,-0.02275573,-0.00735889,0.04857623
2024-12-16,0.01165944,0.02376352,0.03635172,0.00970162,0.00682780,0.10624975,0.00021214,0.03540017,-0.00647619,0.01146698,0.00705740,0.00961223,-0.01690203,0.01789394,0.00610100
2024-12-17,0.00967265,-0.00767112,-0.03120352,-0.01032523,-0.02459270,-0.03986429,-0.02879867,-0.00632539,-0.00157112,-0.03182322,-0.00771913,0.00633535,-0.01227178,-0.02035910,-0.00774417
2024-12-18,-0.02165455,-0.04707841,-0.04416605,-0.05167563,-0.05243611,-0.07164849,-0.06433829,-0.03658371,-0.03919099,-0.05623684,-0.03658042,-0.03828463,-0.01141563,-0.06237433,-0.02574486
2024-12-19,0.00699022,0.01248293,0.00921071,0.01299461,0.01093150,-0.02398635,-0.01638284,0.00058382,0.01688892,0.00397930,-0.00271664,-0.00082353,0.01363713,0.01131916,-0.00471556
2024-12-20,0.01864104,0.00727343,0.03371509,0.00821945,0.02858000,0.01125012,0.01136165,0.01526660,-0.00250399,0.02782638,-0.01747959,-0.00098441,0.03029852,0.01674225,0.01311760
2024-12-23,0.00306022,0.00062225,0.00247896,0.00350208,0.01667470,0.05370868,0.00787094,0.01668264,-0.00642286,0.00917299,0.02464032,-0.00309679,0.03623240,0.00678828,0.05018724
2024-12-24,0.01141285,0.01757331,0.01370009,0.01858742,0.01144271,0.03105987,0.02012266,0.00757530,0.01111282,0.02414562,0.01308419,0.00933021,0.00393033,0.01760312,-0.00497956
2024-12-26,0.00317066,-0.00877006,0.00182998,-0.00274904,0.00912633,0.02342183,0.00437304,-0.00260384,0.00213653,-0.00039333,-0.00726615,-0.00278082,-0.00207042,-0.00207929,-0.01597542
2024-12-27,-0.01333074,-0.01464091,-0.01606074,-0.02373523,-0.01777964,-0.01482240,-0.01398149,-0.01462593,-0.00942659,-0.01759420,-0.00588451,-0.01745300,-0.02108852,-0.01721665,-0.00706707
2024-12-30,-0.01335215,-0.01101010,-0.01407723,-0.02238890,-0.00267775,-0.02585357,-0.01132758,-0.00791670,-0.01142161,-0.00985767,-0.01439109,-0.01332799,0.00349734,-0.00936173,-0.00616886
2024-12-31,-0.00708294,-0.00866830,-0.00828907,-0.00814047,-0.01117831,-0.01600314,0.00214837,-0.01019603,-0.00190866,-0.00323982,-0.00973870,-0.00786913,-0.02354950,-0.00557331,-0.01457753
2025-01-02,-0.02658620,0.00377609,0.01133515,0.00422920,0.01011642,0.00060365,0.00768388,0.00068631,0.00050040,0.00861660,0.02317883,-0.00695181,0.02949581,0.01408782,0.02049828
2025-01-03,-0.00201137,0.01786687,0.03004760,0.01910962,0.01266910,0.00245422,0.01235520,0.01238160,0.01224625,0.01885715,0.00895468,0.01133126,0.04357447,0.01847998,0.03428013
2025-01-06,0.00671628,0.01513972,0.03228572,0.00023658,-0.00448264,0.01646237,-0.00638744,0.02614251,0.00008974,-0.00852140,0.04142049,0.01057338,0.03375610,-0.02400636,0.05320655
2025-01-07,-0.01145302,-0.02446088,-0.03150474,-0.04012009,-0.01076202,-0.03341898,-0.01993536,-0.00703425,0.00577669,-0.02771227,-0.01972668,-0.01289089,-0.06418619,-0.03557852,-0.03982627
2025-01-08,0.00202098,0.00009006,0.00190642,-0.00289718,0.02179356,0.00292614,0.01523306,-0.00790883,-0.00348886,0.01098852,-0.01167201,0.00517161,-0.00021397,0.02615692,-0.02054841
2025-01-10,-0.02439912,-0.01446509,-0.01018069,-0.04153492,-0.04063902,-0.02204594,-0.05384686,-0.00989684,-0.01548822,-0.05056952,0.00838102,-0.01330176,-0.03043496,-0.03014011,0.00601690
2025-01-13,-0.01039795,-0.00219477,-0.01497955,-0.00380412,0.00256749,0.00435954,0.00556535,-0.00537787,-0.01075146,0.00226839,-0.01230210,-0.00420994,-0.01991599,-0.00846138,-0.03422079
2025-01-14,-0.00478958,-0.00320945,0.01995236,0.02884369,0.02075290,-0.00262226,0.02118915,-0.00709280,0.00160861,0.01684820,-0.02341728,-0.00365001,-0.01109484,0.00846138,0.00044679
2025-01-15,0.01948479,0.02534656,0.01030263,0.03405842,0.02931458,0.01457936,0.03379526,0.03058300,0.01041624,0.04658339,0.03776337,0.02527521,0.03343601,0.01583860,0.02621093
2025-01-16,-0.04123902,-0.01211700,0.01733381,0.00646954,0.01826026,0.00616523,0.00898083,-0.01359234,0.01188203,0.01804205,-0.00947567,-0.00406657,-0.01979244,0.02116238,0.03790857
2025-01-17,0.00750717,0.02364642,0.01528927,0.00642843,0.01803752,0.03440422,0.01811238,0.01589098,0.00952068,0.02786463,0.00240172,0.01042645,0.03052440,0.03691705,-0.01543556
2025-01-21,-0.03243633,0.02089205,0.01283930,0.01338385,0.01761520,0.01201475,0.00868686,0.01040489,-0.00236052,0.01973164,0.00600392,-0.00123610,0.02240342,0.00902011,0.03347587
2025-01-22,0.00533072,0.01846650,0.06623467,-0.00201099,-0.00468434,0.00249370,0.00686272,0.00161441,-0.00446916,0.00496553,0.01135512,0.04047656,0.04335520,0.04118112,0.02036720
2025-01-23,-0.00075974,0.00174310,-0.00540677,0.00501983,0.01072618,-0.00261853,0.01493411,-0.00196794,0.01237499,0.02343697,0.02055727,0.00114242,0.00101953,0.01939549,0.00634179
2025-01-24,-0.00394229,-0.00242411,0.00038719,0.01351650,0.00722238,0.01822810,0.00655470,0.01120096,-0.00550069,0.00114836,0.01719742,-0.00594993,-0.03174463,0.02466450,-0.01227328
2025-01-27,0.03128563,0.00242411,-0.25296363,-0.02829385,-0.03790807,-0.19112188,-0.02285767,-0.04286175,-0.00298490,-0.02650647,0.01895471,-0.02162564,-0.18594602,-0.05271469,-0.14302802
2025-01-28,0.03589208,0.01152956,0.06035478,0.01218199,0.01887555,0.02554528,0.01668025,0.01803160,0.00680312,0.03564729,0.02166157,0.02867186,0.08549744,0.01490225,0.05113718
2025-01-29,0.00460623,-0.00454521,0.01212810,0.01051687,-0.00093025,-0.00488267,-0.00113211,0.00056312,0.01307557,-0.00449974,0.00319803,-0.01094979,-0.04187573,-0.00194820,-0.00034581
2025-01-30,-0.00742226,-0.01030307,0.05432102,0.00384982,0.02380704,0.04412935,-0.04186095,0.02755792,0.12190054,0.00342158,0.01541664,-0.06380169,0.00765055,0.00660840,0.02835893
2025-01-31,-0.00671466,0.01287278,0.01196053,-0.00455151,0.00070657,0.02568071,-0.00377578,0.01556027,-0.01000057,0.00119797,0.00316815,0.00016854,-0.03743493,0.00771908,0.00560522
2025-02-03,-0.03444252,-0.00109448,-0.03290557,-0.02283450,-0.00861339,-0.01612813,-0.02036302,-0.01376962,0.01948051,-0.02331398,0.01194283,-0.01002438,-0.02881112,-0.02255153,-0.04654733
2025-02-04,0.02079045,0.01935490,0.00732735,-0.02748026,-0.00592016,0.02135680,-0.01573920,0.02527062,0.01420462,-0.08914132,0.00960287,0.00352228,0.01691418,-0.03155837,0.02104824
2025-02-05,-0.00141853,-0.02463374,0.02783199,0.01924883,-0.02966382,0.04212489,0.02325965,-0.07571938,-0.00439609,0.02976037,0.00096524,0.00222866,0.05077489,0.01250272,0.02190957
2025-02-06,0.00322097,0.01120013,-0.00190675,-0.00526253,0.01059497,-0.00276251,-0.00171742,0.00141020,-0.03816684,-0.01453851,0.01005045,0.00610294,0.03037573,-0.00724065,0.00921105
2025-02-07,-0.02426072,-0.04137523,0.02738260,-0.00871080,-0.00696322,-0.02845231,-0.02482578,-0.03321800,-0.00434973,-0.01985418,0.00354724,-0.01470529,0.00897429,-0.05008288,-0.02102723
2025-02-10,0.00118670,0.01726234,0.01474683,-0.00786212,-0.00189328,0.04423318,-0.00130387,0.00607840,-0.00560069,-0.00458637,0.00402242,0.00600991,0.02832279,0.00803231,0.00883913
2025-02-11,0.02159694,-0.00163127,-0.02860116,-0.02554391,-0.01918477,0.00000000,-0.02297715,-0.00618624,0.02154968,-0.03767764,0.00333981,-0.00189384,-0.00578139,-0.00803231,0.00379175
2025-02-12,0.01810529,-0.01659161,-0.06360318,-0.00405678,-0.01928663,0.00555811,-0.02389023,-0.00927001,0.00434872,-0.02071004,0.00772242,-0.00585024,-0.01257884,-0.01109711,-0.01137023
2025-02-13,0.01948217,0.00627044,0.00100279,0.00304410,0.00860578,-0.00232984,-0.00255172,0.01368492,0.01312637,-0.00172128,0.00437417,0.00366045,0.03115519,0.00939790,-0.02229336
2025-02-14,0.01263056,-0.00736308,-0.02659188,0.03049518,0.00966085,-0.01177384,0.02680603,-0.00490088,0.00803127,0.01026150,0.01107007,-0.00515301,0.02597368,0.01769955,0.01020385
2025-02-18,-0.00053158,-0.00891666,0.03845741,-0.00176932,0.00797114,-0.01954260,0.01146047,-0.00791329,0.00682744,0.00028474,-0.02794321,0.00295835,0.00395328,0.00831945,-0.00570527
2025-02-19,0.00163478,-0.00008820,-0.06644922,-0.01110661,-0.00496768,0.00087477,0.00065970,0.00812931,0.00474040,-0.01526556,-0.01774510,0.01244521,-0.00122042,0.00125137,-0.00886818
2025-02-20,0.00391279,-0.01668522,-0.00501638,-0.02195265,-0.03848424,-0.00873826,-0.01783894,-0.00383954,0.00158752,-0.02871777,-0.01277004,0.00527680,0.00630073,-0.03780438,-0.00423892
2025-02-21,-0.00113959,-0.02867353,-0.05058092,-0.04061207,-0.03166072,-0.03628600,-0.03425920,-0.02690845,-0.01239016,-0.01746854,-0.01638192,-0.01921609,-0.04138440,-0.04289857,-0.00933873
2025-02-24,0.00629253,-0.01803024,-0.05876344,-0.01796180,-0.03020634,-0.05031660,-0.00830569,-0.00228468,0.00149037,-0.00782060,-0.02281698,-0.01036675,-0.03135755,-0.01640131,-0.03380786
2025-02-25,-0.00024296,0.00042300,0.00204769,-0.01753263,-0.00921889,-0.02626410,0.00101814,-0.02159841,-0.01585817,-0.01227126,-0.01603797,-0.01521427,-0.02841651,-0.02370543,-0.01196788
2025-02-26,-0.02741245,0.00725745,0.03699037,0.01604365,0.00957401,0.05007300,0.01408352,-0.01545334,-0.00743789,0.02356465,0.02434020,0.00458863,0.03606306,0.02324595,0.02734618
2025-02-27,-0.01281256,-0.02652074,-0.05119498,-0.00142317,-0.01100921,-0.07375400,-0.01306641,-0.02479385,-0.01025404,-0.00362411,-0.02321532,-0.01817619,-0.08859143,-0.02512929,-0.07205492
2025-02-28,0.01895102,0.01681667,0.01603331,0.01233558,0.02260060,0.00820692,0.02367088,0.01050822,-0.00312461,0.02531958,0.01501792,0.01129800,0.03893244,0.01450318,-0.00309708
2025-03-03,-0.01587946,-0.03479860,-0.07867342,-0.03192385,-0.00692711,-0.06237800,-0.01645383,-0.01939025,-0.00895298,-0.01921123,-0.01987606,-0.02164364,-0.09094890,-0.03305307,-0.04277867
2025-03-04,-0.00886161,-0.00596842,-0.00571337,-0.04715934,-0.05304328,0.00058680,-0.05045372,0.02314171,0.01199864,-0.09645366,-0.02324326,0.00030880,0.01677931,-0.05172274,0.03983847
2025-03-05,-0.00080560,0.02212822,0.02653903,0.01874728,0.01240785,0.02163339,0.00865343,0.01221163,-0.00737284,0.01845747,0.02540870,0.03143499,0.01123089,0.02939193,0.02349954
2025-03-06,-0.00174075,-0.03745612,-0.04043306,-0.04177714,-0.06089690,-0.06540885,-0.04307425,-0.00387990,-0.01063919,-0.05771793,-0.04444825,-0.01035209,-0.05908601,-0.05085427,-0.04682502
2025-03-07,0.01576766,-0.00725092,-0.01168762,-0.01781620,0.01031391,0.08289785,-0.00330170,0.00872316,0.05038005,-0.00743309,-0.00362163,-0.00906104,0.01899193,0.00309433,0.00708315
2025-03-10,-0.04969414,-0.02392255,-0.07211679,-0.04946632,-0.09270653,-0.05541609,-0.04063543,-0.04589505,-0.01790036,-0.06357314,-0.04523311,-0.03400593,-0.05199885,-0.04529477,-0.03709982
2025-03-11,-0.02962388,0.01048256,0.02004024,0.03439874,0.01245395,0.03011918,-0.00886453,-0.01109394,-0.03143476,0.03577661,0.01282726,0.00076267,0.01650177,0.01603464,0.00187358
2025-03-12,-0.01763324,0.01163158,0.01405473,0.03392188,0.02021251,0.02154543,0.01722431,0.01854183,0.00272779,0.01995818,0.02260830,0.00738481,0.06229469,0.00581549,0.03562149
2025-03-13,-0.03422268,-0.02546092,-0.00137166,-0.03530286,-0.04012844,-0.01488641,-0.02894758,-0.02637566,-0.01546178,-0.05093894,-0.04780288,-0.01181045,-0.00138342,-0.02562879,-0.03200186
2025-03-14,0.01800753,0.02072347,0.04119131,0.03084592,0.02931149,0.02160835,0.03143513,0.01663418,0.01032097,0.04162754,0.02919946,0.02551832,0.05134951,0.03820090,0.01446460
2025-03-17,0.00238602,-0.01122718,0.01874307,0.03208839,0.02665925,-0.00533279,0.04774511,-0.00727764,0.01843180,0.02070036,-0.00445358,0.00036038,-0.01774504,0.03428316,0.01227434
2025-03-18,-0.00614036,-0.01503013,-0.01301176,-0.00912595,-0.02122841,-0.03043258,-0.01081742,-0.02228055,-0.02408509,-0.01445392,-0.03797456,-0.01341616,-0.03490316,-0.00251808,-0.01391538
2025-03-19,0.01191811,0.01400778,0.00510660,0.04245042,0.02462129,0.03591883,0.02385965,0.01984288,0.02139343,0.02186076,0.00291517,0.01114958,0.01794424,0.05780243,0.00363234
2025-03-20,-0.00531061,-0.00302183,-0.01732521,0.00950846,-0.00183073,-0.02303492,-0.00649979,-0.00667293,-0.03620179,0.00145756,0.00331599,-0.00253014,0.00855753,-0.01776753,0.02112646
2025-03-21,0.01928960,0.00644245,0.00192650,-0.00943852,0.00250799,0.00586096,-0.00309738,0.00728309,0.00225792,-0.00180090,0.01734018,0.01136113,-0.00702705,0.00048441,-0.00417849
2025-03-24,0.01120748,0.03530037,0.05134748,0.03420347,0.04007706,-0.00214152,0.02523699,0.02225173,0.01860626,0.04588389,0.03720287,0.00464079,0.03103432,0.04312439,0.02475759
2025-03-25,0.01358907,0.01198152,-0.00653484,-0.00337497,0.01215360,-0.01575752,-0.00573697,0.01702981,0.00581921,0.00172026,0.01198267,0.00527762,-0.00594792,0.00416574,-0.00143635
2025-03-26,-0.00997137,-0.02251595,-0.06265392,-0.02228849,-0.01521517,-0.04893087,-0.03055268,-0.03277809,0.00175910,-0.02268125,-0.02478126,-0.01322088,-0.05913438,-0.02810485,-0.04176679
2025-03-27,0.01041823,0.00114286,-0.03362295,-0.01820958,-0.03235507,-0.04145675,-0.01483753,-0.01723233,-0.01663512,-0.01603545,-0.01384384,0.00156304,-0.02069435,-0.03136564,-0.03078602
2025-03-28,-0.02693991,-0.04385599,-0.01300205,-0.03634913,-0.02386751,-0.01682793,-0.04522904,-0.04998344,-0.00901662,-0.02306471,-0.04382887,-0.03062459,-0.01592074,-0.01233066,-0.01793204
2025-03-31,0.01922658,-0.01284684,-0.00591945,-0.00014637,0.01173228,-0.01004307,0.01201929,0.00200658,0.01891827,0.00650851,-0.00065922,-0.00904276,-0.01183234,-0.00547400,0.00452838
2025-04-01,0.00476060,0.00998886,0.01295132,0.01038847,0.01911885,0.00648907,0.02137540,0.01559178,0.00673346,0.01910521,0.01658746,0.01795230,0.01619959,0.01878442,0.01577847
2025-04-02,0.00313145,0.01978526,0.02105348,0.02250999,0.03329923,0.02096322,0.03346721,-0.00019120,-0.00143897,0.02563602,-0.00353867,-0.00013064,0.00244814,0.03559792,0.01032355
2025-04-03,-0.09701335,-0.09408136,-0.11754925,-0.13660500,-0.16813145,-0.11100014,-0.10381158,-0.04107665,-0.02630507,-0.16461320,-0.09385222,-0.02391393,-0.08128106,-0.16675343,-0.07942660
2025-04-04,-0.07568032,-0.04242074,-0.10182771,-0.12742837,-0.10103911,-0.05142664,-0.06246704,-0.03456054,-0.06801368,-0.10001169,-0.05190527,-0.03621379,-0.07642300,-0.11904013,-0.06959214
2025-04-07,-0.03742598,0.02460700,0.05735683,0.03330018,0.05512789,0.05227040,-0.00312384,0.00786720,-0.00750118,0.04992370,0.02256740,-0.00551774,0.03469987,0.03157183,-0.00430076
2025-04-08,-0.05110182,-0.02659726,0.01932219,-0.01750732,-0.01226129,0.01218708,-0.03743494,-0.01406776,-0.02126260,-0.03155684,-0.01129840,-0.00926412,-0.01381872,-0.02968671,-0.03338994
2025-04-09,0.14261719,0.11312359,0.08940659,0.15133910,0.14453917,0.17111790,0.13453033,0.09241605,0.06260533,0.15594776,0.13763471,0.09652458,0.17162061,0.13321757,0.11595005
2025-04-10,-0.04331853,-0.05308511,-0.04507993,-0.03582281,-0.04746706,-0.07192908,-0.07488119,-0.03781792,-0.02478287,-0.08095590,-0.06977741,-0.02368458,-0.06094722,-0.05709385,-0.04919001
2025-04-11,0.03979213,0.01994108,0.00027521,0.01592983,0.01440559,0.05443982,-0.00212075,0.02787629,0.02550495,-0.00422998,-0.00499139,0.01844692,0.03075760,-0.01052650,0.03861485
2025-04-14,0.02181451,-0.01498707,0.01258048,-0.00318176,0.00463575,-0.01987303,0.02553999,0.01220721,0.01508873,0.01652274,-0.02249296,-0.00164900,-0.00198524,0.01168910,-0.00792550
2025-04-15,-0.00187816,-0.01398933,-0.00531372,0.01831445,0.02102323,0.00330247,0.02325760,-0.01750307,0.00683682,0.01060974,-0.01891777,-0.00537784,0.01336883,0.02127124,0.00951570
2025-04-16,-0.03971155,-0.02972639,-0.01833641,-0.02078719,-0.01224557,-0.02455149,-0.03164718,-0.01924883,-0.00888860,-0.02113719,-0.03753043,-0.03729283,-0.07119156,-0.02768330,-0.03663843
2025-04-17,0.01385319,-0.00991535,-0.00936619,0.01246096,0.01167933,-0.02094978,0.00777622,-0.01425347,0.00100552,0.01285194,-0.00165363,-0.01035988,-0.02913120,0.01796630,0.00046154
2025-04-21,-0.01958341,-0.03112653,-0.05084985,-0.05804961,-0.02989603,-0.02835300,-0.08120651,-0.02335890,-0.01090468,-0.05385769,-0.03411618,-0.02382840,-0.04617735,-0.05368445,-0.02590275
2025-04-22,0.03349776,0.03442328,0.01466947,0.03353652,0.03328874,0.02007265,0.03827007,0.02540762,0.01961829,0.04325686,0.03172034,0.02121475,0.02022522,0.02749724,0.02365938
2025-04-23,0.02404034,0.04195320,0.02998150,0.02269738,0.02941081,0.04231635,0.01659352,0.02529297,0.01883351,0.04333747,0.03918011,0.02042672,0.03790141,0.04101083,0.04146644
2025-04-24,0.01825839,0.03236098,0.06205344,0.05211469,0.04697761,0.06159827,0.05774895,0.02498309,-0.06805340,0.05854629,0.02445492,0.03390160,0.03557790,0.04427948,0.03957164
2025-04-25,0.00435778,0.01304848,0.03420703,0.00059994,0.00593134,0.02186920,-0.01264002,0.01668563,0.01334102,0.00334970,0.02613924,0.01167957,0.04213303,0.00162291,0.00558803
2025-04-28,0.00410080,-0.00684921,0.00512092,0.02194630,-0.00325452,0.00083172,0.01242910,-0.00837040,0.01600652,0.00263681,0.00450313,-0.00176254,-0.02075268,0.01342319,-0.01035026
2025-04-29,0.00507901,-0.00165292,0.03043502,0.00868894,-0.00385413,-0.00677725,-0.00029967,-0.00280568,0.01358445,0.00367958,0.00851324,0.00733583,0.00266363,-0.00803227,0.00658784
2025-04-30,0.00608919,-0.01597625,0.01889619,-0.00780927,-0.00170323,0.00677725,-0.01379848,-0.00852767,0.01009964,-0.00069982,-0.00986010,0.00309134,-0.00091776,-0.00377063,0.01334687
2025-05-01,0.00385132,0.03086038,0.06551046,0.01027816,-0.00170593,0.02493725,0.01267472,0.01562049,-0.00897243,0.00192339,0.04140773,0.07348604,0.02439704,-0.03403184,0.03553595
2025-05-02,-0.03807755,-0.00115735,0.03556229,-0.01844466,0.03103641,0.03147610,0.02976466,0.01678311,0.02427932,0.02108802,0.04244438,0.02295957,0.02556424,0.02699153,0.03727701
2025-05-05,-0.03196390,-0.01929212,-0.00705625,-0.01032100,0.02322086,-0.01444274,-0.00957859,0.00109688,0.01467492,-0.01847105,0.00376181,0.00204271,-0.00595655,0.00325540,-0.01619469
2025-05-06,-0.00191247,-0.00721681,0.00430582,-0.03547797,-0.00705382,-0.00314378,-0.01562341,-0.00598583,-0.00024084,-0.00998087,-0.02015963,-0.00657873,-0.00246300,-0.03360247,-0.02363309
2025-05-07,-0.01145013,0.01980163,-0.04876262,0.00023189,0.01523132,0.02331562,0.01584391,-0.07536701,0.01691616,0.02227540,0.01604609,0.00009234,0.03053131,0.01335570,0.01303283
2025-05-08,0.00629853,0.01770048,0.00944055,0.02933229,0.02299376,0.01434903,0.02660062,0.01897604,0.00303456,0.02145317,0.00200872,0.01106130,0.00264475,0.02457134,0.00388844
2025-05-09,0.00525237,0.00508905,-0.00863116,-0.00549606,-0.00544143,0.00206740,-0.00300880,-0.00996664,-0.01299713,-0.00548974,-0.00927369,0.00127714,-0.00615335,-0.00324167,0.00739196
2025-05-12,0.06123255,0.07760927,0.06488524,0.07970565,0.04516071,0.06228451,0.06667072,0.03669961,0.01785728,0.06027781,0.07624324,0.02371756,0.05300633,0.06087925,0.05756738
2025-05-13,0.01010106,0.01299985,0.05202418,0.01122991,-0.00040577,0.04776239,-0.00268805,0.00672975,0.01913076,0.01332720,0.02562941,-0.00026710,0.05481138,0.01666280,0.03680497
2025-05-14,-0.00282177,-0.00531283,0.00992489,-0.00573772,0.01912032,-0.00129167,-0.00121225,0.03595330,-0.00298208,0.01664552,0.00506318,0.00842491,0.04079445,0.01183145,0.00396143
2025-05-15,-0.00415301,-0.02445840,-0.02213278,-0.00173479,-0.04139576,0.00223776,-0.01131544,-0.00856285,0.03378778,-0.02662431,-0.02375735,0.00225367,-0.00377545,-0.03359078,-0.00277651
2025-05-16,-0.00089897,0.00204498,0.00363654,0.00250592,0.00855853,-0.01747468,-0.00034088,0.01350919,0.00029984,0.00206735,-0.00551295,0.00251268,0.00421861,0.00876065,0.00000000
2025-05-19,-0.01180850,0.00276871,0.00289974,-0.00858805,-0.00891419,0.00879712,-0.00855724,0.00210384,0.00616624,-0.00326189,0.00014039,0.01007519,0.00125480,-0.00411304,-0.00371404
2025-05-20,-0.00923891,-0.01018948,-0.01070862,-0.02355548,-0.01559775,0.00454242,-0.00863121,-0.01549118,-0.00545418,-0.01081618,-0.00521313,-0.00152665,-0.00881665,-0.01872137,-0.00025834
2025-05-21,-0.02332908,-0.01456139,-0.03445315,-0.06380655,-0.04339005,-0.00845242,-0.04765002,0.02754756,-0.02303914,-0.05276134,-0.00251457,-0.01229780,-0.01938573,-0.04949925,-0.00877455
2025-05-22,-0.00361885,0.00979678,0.00140545,0.00099438,0.00564519,0.00347642,-0.00408143,0.01361117,-0.00962964,0.00372956,0.00168228,0.00504715,0.00778442,0.00550074,0.02283902
2025-05-23,-0.03071101,-0.01044332,-0.01480219,0.00045869,0.00256108,-0.00788254,-0.00593295,-0.01414531,0.00100586,-0.00866688,-0.01505212,-0.01034223,-0.01166159,0.00219174,-0.02169243
2025-05-27,0.02498355,0.02471809,0.01404564,0.01742186,0.02653359,0.02984909,0.02309309,0.02595565,0.01762960,0.03141788,0.02404444,0.02307796,0.03156297,0.02433200,0.02925844
2025-05-28,0.00104840,-0.00633007,0.00323838,-0.01254346,-0.00371284,0.01591347,-0.00640965,-0.00312807,-0.01142402,0.00099195,0.00195966,-0.00725458,-0.00510520,0.00320011,-0.00782097
2025-05-29,-0.00234792,0.00477558,-0.07169846,0.00144356,0.00553367,0.01055268,0.00338993,-0.00290510,-0.00597360,0.01060128,0.00228146,0.00288201,0.03197353,-0.00159866,0.00513618
2025-05-30,0.00449112,-0.00336005,0.00312117,-0.00769831,0.00363204,0.00041321,-0.00086442,-0.00069844,0.00142913,-0.00713737,0.00377554,0.00365590,-0.02960254,-0.00374022,-0.01961803
2025-06-02,0.00422311,0.00796778,0.03560062,-0.00130173,0.00776449,0.02706059,0.00036038,-0.01590565,0.01851061,0.00336988,0.03551670,0.00349122,0.01651346,-0.00698387,0.00783193
2025-06-03,0.00775358,-0.00455907,0.05123761,0.00443394,0.01037813,0.03220475,0.00143966,-0.01700458,0.00491405,-0.01147112,-0.00605491,0.00216235,0.02756803,0.00965671,0.01411661
2025-06-04,-0.00221616,0.00736182,0.00464530,-0.00612095,0.00284411,0.01633458,-0.00180004,0.01119011,0.00120598,0.00024899,0.03115101,0.00194211,0.00494467,0.01589025,0.02395051
2025-06-05,-0.01085658,0.00327604,0.00252470,-0.00015360,0.00578177,-0.00441472,-0.00723296,0.00095153,0.00503399,0.00107818,-0.00485234,0.00817989,-0.01369258,-0.00052564,0.00463359
2025-06-06,0.01626539,0.02685937,0.02151514,0.02404101,0.02262572,-0.05130736,0.01933871,0.03200133,0.00750373,0.02262018,0.01893982,0.00575667,0.01228233,0.01253933,0.00900813
2025-06-09,-0.01218660,0.01584048,-0.00463796,0.00044951,-0.00912819,-0.01078971,-0.00335197,0.01499057,0.01186820,-0.00121630,-0.00524527,0.00502576,0.00640066,-0.00364100,0.00883122
2025-06-10,0.00603780,0.00289931,-0.03254887,0.01568045,-0.02182685,0.00143180,0.02106538,0.01415349,0.01517372,0.00622796,0.01194468,-0.00387851,0.00928152,-0.00679753,0.02603493
2025-06-11,-0.01938029,-0.02047379,0.00542817,0.01761417,0.00118573,0.03328682,-0.01104310,-0.00702358,0.01893359,0.01583914,-0.01182937,0.00360350,-0.00781083,0.00575463,0.00768953
2025-06-12,0.00211060,0.00018764,0.01642313,0.00057945,0.01195569,0.01241711,-0.00425258,-0.00934712,-0.00174225,-0.00604998,-0.00112433,0.01313746,0.01507863,0.00260493,0.00984255
2025-06-13,-0.01390139,-0.00536043,-0.03636376,-0.04441559,-0.02519607,-0.02920348,-0.03160424,-0.00587951,-0.01364984,-0.03171776,-0.01524484,-0.00819852,-0.02111809,-0.02742790,-0.02030401
2025-06-16,0.00997806,0.01868340,0.02923808,0.01495097,0.00956472,0.01357853,0.01347093,0.01195096,0.01649251,0.01691694,0.02856892,0.00876221,0.01897788,0.00957951,0.02146383
2025-06-17,-0.01410978,-0.00594079,-0.05857599,-0.01306031,-0.01113767,-0.01088811,-0.01876296,-0.00464962,0.00431958,-0.01914480,-0.00698907,-0.00229842,-0.00394736,-0.01601729,-0.00828721
2025-06-18,0.00479335,-0.01076438,0.00622498,0.00549996,0.01299193,0.00755044,0.01317821,-0.01506015,0.00056514,0.01117143,-0.00209606,0.00459144,0.00939229,0.00483227,-0.00187181
2025-06-20,0.02223537,-0.01340586,-0.04522271,0.01068746,-0.00948678,-0.00271633,0.00145358,-0.03930387,-0.00794065,0.00146928,-0.01947660,-0.00593112,-0.01126736,0.00214003,-0.01886534
2025-06-23,0.00248452,-0.00583511,0.06399486,-0.00364919,-0.00247644,0.01500742,0.00456503,-0.00873957,0.02880124,-0.00375912,0.02343566,0.01785388,0.00222200,-0.00751056,0.00385882
2025-06-24,-0.00597314,0.02041664,0.03231615,0.04293561,0.02667468,0.03864910,0.04059065,0.00951954,0.01581599,0.04506387,0.01938067,0.00842116,0.02554309,0.02866433,0.04540623
2025-06-25,0.00627085,-0.00367266,0.01401107,-0.01570405,-0.00602455,0.00333079,-0.00333772,0.02317467,-0.00933586,0.00833960,-0.00495483,0.00439755,0.04242730,-0.00419511,0.01196864
2025-06-26,-0.00278222,0.02391104,0.05337294,0.01169340,0.01359206,0.02064311,0.03160490,0.01661768,0.00298470,0.02377602,0.02426984,0.01046772,0.00459061,0.00837269,0.00568550
2025-06-27,0.00039796,0.02806600,-0.02189357,0.02529630,0.01202477,-0.00303982,0.01958047,0.02834850,-0.00766816,0.01765426,0.01033094,-0.00304008,0.01745723,0.01345777,0.02015187
2025-06-30,0.02013599,-0.01766521,0.02895590,-0.00737400,0.00011548,0.02312032,-0.01017671,-0.01296669,0.01738351,-0.00942712,0.00606096,0.00295959,0.00152036,-0.01241618,-0.00914166
2025-07-01,0.01283349,0.00486534,-0.03379701,-0.00169301,0.00879501,-0.04038368,0.02110221,-0.00221553,-0.01221909,-0.00436941,-0.02589864,-0.01083422,-0.03013505,0.00052044,-0.00802372
2025-07-02,0.02198727,-0.00245247,0.02219641,0.00808704,0.01842937,0.01930331,0.00515770,0.01579822,-0.01226580,0.01558208,-0.00788665,-0.00195297,0.02544022,0.00932175,0.03893317
2025-07-03,0.00521140,0.01574483,0.01365108,0.01176686,-0.00011237,0.01937385,0.01017224,0.00496971,0.01490655,0.02980492,0.00759474,0.01565804,0.01320329,0.00872468,0.00512377
2025-07-07,-0.01700160,0.00026852,-0.01029467,-0.02056018,-0.01757320,-0.00364053,-0.01389091,-0.01537984,0.00171097,-0.02232543,-0.00091826,-0.00224774,-0.00692735,-0.01337469,-0.02426995
2025-07-08,0.00028580,-0.01856296,0.01874504,0.02429101,0.00137163,-0.00871837,0.02172456,-0.01384042,-0.00703388,0.01755213,0.00322427,-0.00221259,0.01106086,0.00258596,-0.00573268
2025-07-09,0.00536624,0.01439261,0.02756887,0.01124603,0.01062291,0.02219496,0.01479220,0.01287849,-0.00096453,0.00923657,0.01666426,0.01377845,0.01783995,0.00412364,0.01731600
2025-07-10,0.00599706,-0.00125899,0.00009411,0.01058150,0.01769854,-0.00903685,0.03334277,0.00564586,-0.00938433,0.02713888,-0.00758907,-0.00403979,0.00746230,0.00819682,-0.00901221
2025-07-11,-0.00590238,0.01234146,0.02122391,-0.00697404,-0.01544080,-0.00371055,-0.01263588,0.01436538,-0.01344980,-0.01407979,-0.01346962,0.00366237,0.00498441,-0.03583867,0.00278163
2025-07-14,-0.01210167,0.00297308,-0.00184380,0.00913074,0.01660591,0.00443651,0.00836015,0.00757434,0.00070503,-0.01155191,0.00474130,-0.00059621,-0.00516730,0.01678079,-0.00753694
2025-07-15,0.00234600,0.00292011,-0.00927048,-0.01909993,-0.03297643,0.01919066,-0.02203335,0.00242053,-0.00384834,-0.01604991,-0.01471398,0.00555099,0.03961449,-0.02208309,0.03556920
2025-07-16,0.00500866,-0.01405906,0.00862434,0.04685365,0.03064485,-0.00046296,0.03758262,0.00531559,-0.00276280,0.04168161,-0.01058543,-0.00039551,0.00391736,0.07030354,0.00257103
2025-07-17,-0.00066624,0.00308678,0.03341513,0.02163575,0.01790240,0.01988580,0.03883351,0.00332823,0.00028363,0.03131170,-0.00213620,0.01195316,0.00946658,0.03026085,0.03328405
2025-07-18,0.00550801,0.00999986,-0.00178767,-0.02629597,-0.00027309,-0.01091639,-0.02209875,0.00802961,0.01363010,-0.01103644,0.00408346,-0.00322982,-0.00341616,-0.00917649,-0.02140002
2025-07-21,0.00613694,0.01392113,-0.00152199,-0.02201690,-0.02337052,0.01704175,-0.01210474,0.02687016,-0.00406605,-0.01171367,0.01226327,0.00001958,-0.00599202,-0.02904465,-0.00646836
2025-07-22,0.00899557,-0.00801284,-0.01653231,0.00643553,-0.00358400,-0.03394830,0.01600898,0.00650174,-0.00970603,0.00477084,-0.01151111,-0.00943547,-0.02570993,-0.00350275,-0.01795385
2025-07-23,-0.00116657,0.00359835,0.02926339,0.01459404,0.01293156,0.01814101,0.01511725,-0.00581816,0.00017752,0.02244076,0.01236635,0.00118682,0.02220273,0.02328571,0.02413100
2025-07-24,-0.00182295,0.01711152,0.00880753,-0.00138380,0.00975433,0.01754054,0.03513936,0.01014644,-0.07930139,0.01293363,0.00170821,0.00985509,0.01718388,-0.00540151,0.00527053
2025-07-25,0.00056133,-0.00340757,0.00210229,-0.00336890,0.02105578,0.00507874,-0.00005615,0.00524207,-0.00303708,0.01303138,-0.00297031,0.00552413,-0.00138235,-0.01438145,0.01642070
2025-07-28,0.00079448,0.00581606,0.02821223,-0.01620965,0.00610310,0.01409822,-0.00653454,-0.00311069,0.01334805,-0.00006574,0.00692170,-0.00235818,0.01855864,-0.01054495,-0.01167212
2025-07-29,-0.01307271,-0.00767575,0.00906133,-0.00593540,0.00303764,0.01054578,0.00056491,0.01632667,-0.00304402,-0.00758704,-0.02487384,0.00013656,-0.00704041,0.00201732,-0.00586674
2025-07-30,-0.01056347,-0.00355591,0.02883332,-0.01609412,-0.00106476,0.01733239,-0.00964868,0.00397678,-0.00822698,-0.00378192,-0.00686629,0.00130625,0.02119715,-0.01727710,0.00652563
2025-07-31,-0.00710484,0.01688603,0.00921294,-0.00096307,-0.01178820,-0.02991890,-0.01366640,-0.02384073,-0.02769903,-0.02592641,0.10663412,0.03871565,-0.00784007,-0.00823468,-0.00532478
2025-08-01,-0.02532145,-0.08631653,-0.04693749,-0.04958527,-0.01465979,-0.01737849,-0.01491200,-0.01453969,-0.01232123,-0.02787851,-0.03076155,-0.01775750,-0.02360817,-0.02671004,-0.02688740
2025-08-04,0.00478143,-0.01454062,0.02337025,0.02661494,0.03080656,0.03097308,0.00664984,0.03076990,0.00768878,0.01793704,0.03454264,0.02176077,0.03551207,0.02671004,0.01598472
2025-08-05,-0.00211690,0.00987317,-0.01870307,0.02448316,-0.00302780,-0.01621977,-0.01667790,-0.00189882,-0.00521239,-0.01716566,-0.01676844,-0.01483991,-0.00971378,0.00000000,-0.02770230
2025-08-06,0.04965347,0.03926569,0.16118886,0.00226485,0.00694468,0.02940002,0.00991022,0.00726797,0.00640226,0.01323047,0.01111079,-0.00533855,0.00648630,0.00977123,-0.00474309
2025-08-07,0.03129872,0.00368179,0.00359635,-0.03317603,-0.01243887,0.00690421,-0.01014877,0.00219045,-0.00843884,-0.01653050,-0.01324811,-0.00784097,0.00749609,-0.03118750,0.04747826
2025-08-08,0.04148534,-0.00197390,-0.00071828,0.00607597,0.00788521,0.00397551,0.00754710,0.02462800,-0.02530952,0.00337015,0.00975752,0.00230116,0.01061994,0.04187738,-0.00326143
2025-08-11,-0.00837235,-0.00626142,-0.01105382,0.00105589,-0.01002721,-0.00351474,0.00684417,-0.00208731,-0.02495060,-0.00644245,-0.00446853,-0.00051729,-0.00350914,0.00000000,0.00107462
2025-08-12,0.01081375,0.00076788,0.02581718,0.01729959,0.03274652,0.02896123,0.02134982,0.01157455,-0.00649591,0.03926952,0.03102047,0.01421520,0.00602381,0.02845213,0.00904642
2025-08-13,0.01589736,0.01385578,-0.02320526,-0.02556604,-0.00948650,-0.01202743,0.01644044,-0.00680977,0.02232431,0.00149313,-0.01263636,-0.01649849,-0.00860872,-0.01387529,-0.01173495
2025-08-14,-0.00235995,0.02818819,-0.01114805,-0.00191752,-0.00256963,0.00689975,-0.01104467,0.00484074,-0.01240649,-0.00953955,0.00262437,0.00364303,0.00236517,-0.00785314,-0.00182410
2025-08-15,-0.00512525,0.00021646,0.00599028,-0.00921205,-0.01411867,-0.01583659,-0.01767296,0.00471919,0.01094741,-0.02622063,0.00395574,-0.00443096,-0.00866287,-0.03204400,-0.00883563
2025-08-18,-0.00302714,0.00198913,0.00537511,0.00366559,0.00790350,-0.00189510,-0.01408320,-0.00196361,-0.00112699,-0.00761957,-0.02300756,-0.00591946,0.00860789,0.00680434,0.01053537
2025-08-19,-0.00143026,-0.01514724,-0.03884984,-0.01671109,-0.04694522,-0.03613028,-0.01147094,-0.00952924,0.00761345,-0.01606308,-0.02092447,-0.01427655,-0.03562510,-0.01789505,-0.03674669
2025-08-20,-0.01993200,-0.01859200,-0.00991492,-0.01277464,-0.00923465,-0.01276284,-0.01700047,-0.01122518,0.00524980,-0.00620858,-0.00501613,-0.00797646,-0.00136739,-0.01390402,-0.01777629
2025-08-21,-0.00492337,-0.00834535,0.00425046,-0.00987559,-0.00375156,-0.00540678,-0.00628227,0.00215499,-0.01307204,-0.00181204,-0.01159537,-0.00128821,-0.00239753,-0.00053872,-0.00557096
2025-08-22,0.01263664,0.03057094,0.00919790,0.00141667,0.01564073,0.01507916,0.04228944,0.03124629,0.01117370,0.02811245,0.02100640,0.00591222,0.01705578,0.01284816,0.02459274
2025-08-25,-0.00263784,-0.00394061,-0.00157728,-0.00231261,-0.01637016,0.00078213,-0.00588245,0.01157826,-0.01104848,-0.02182062,-0.00197598,-0.00587262,0.01017338,-0.01069525,0.01109749
2025-08-26,0.00942020,0.00337241,0.00920295,0.00380183,0.00448099,0.01276515,0.01132213,-0.00649626,0.01327672,0.00982836,0.00106140,-0.00441219,0.01084144,0.00375631,0.01319825
2025-08-27,0.00513275,0.00179101,-0.00747555,0.00977359,0.00323623,0.00748848,0.00122433,0.00164007,0.00906718,0.00278013,-0.00895116,0.00931833,-0.00093566,-0.00429416,0.00238489
2025-08-28,0.00894070,0.01076591,0.02196742,0.00492445,0.00422485,0.02759248,0.00221141,0.01985175,0.00362843,-0.00270871,0.00497838,0.00570650,-0.00790572,0.00536486,-0.00427162
2025-08-29,-0.00180756,-0.01128977,0.00234627,-0.00117379,-0.00595321,-0.03716355,-0.00361081,0.00598290,-0.00915750,-0.00429231,-0.01666021,-0.00580523,-0.03381165,-0.00913736,-0.03154980
2025-09-02,-0.01047950,-0.01611165,-0.00499236,-0.00286680,0.00323136,0.00285410,-0.01085222,-0.00735399,-0.00820639,-0.00539110,-0.00487187,-0.00310336,-0.01971298,-0.00432902,-0.01080012
2025-09-03,0.03738231,0.00288042,0.01105233,-0.02391454,-0.01660151,0.01381904,-0.01312016,0.08742922,0.01070856,-0.02858700,0.00263557,0.00045523,-0.00093733,-0.02916306,0.01305001
2025-09-04,0.00547831,0.04198415,0.02721398,0.01593208,0.01810226,0.01219427,0.01518247,0.00708479,0.01253882,0.01851778,0.01561597,0.00517116,0.00607693,0.00778645,0.01637419
2025-09-05,-0.00037532,-0.01431614,0.01183035,-0.02410829,-0.01533492,0.08989030,0.00052965,0.01155595,0.00544676,-0.01333949,0.00506290,-0.02586464,-0.02740216,-0.01450912,0.03426854
2025-09-08,-0.00758010,0.01499481,-0.02008136,0.02173101,-0.00599624,0.03162449,0.01928443,-0.00319952,0.02996536,0.02304817,-0.00019940,0.00644391,0.00769395,0.01284570,0.01540999
2025-09-09,-0.01495058,0.01012500,0.01347927,-0.00014885,-0.00671760,-0.02632336,-0.00075047,0.02360404,0.01172363,-0.00941756,0.01765524,0.00042136,0.01445149,-0.01340804,0.01497687
2025-09-10,-0.03279133,-0.03376552,0.06023074,-0.00581961,0.02180878,0.09323689,0.02880120,-0.00192149,-0.00864350,0.01373446,-0.01808063,0.00392478,0.03775344,0.04562490,0.03723833
2025-09-11,0.01418531,-0.00165119,0.01527546,0.02044202,0.03179245,-0.02726438,0.03142596,0.00500483,0.00050590,0.04024450,-0.00143717,0.00127827,-0.00084638,0.00749478,-0.00589204
2025-09-12,0.01741048,-0.00785860,-0.09342353,0.01187945,-0.01044916,0.00066695,-0.01407196,0.00178728,-0.01398787,-0.01158323,0.00622634,0.01758849,0.00366207,0.00000000,0.00162087
2025-09-15,0.01117321,0.01427414,0.04241907,0.00325484,-0.01582565,0.01165831,0.01341936,0.04391358,0.01098738,0.00909757,0.01198465,0.01065110,-0.00039368,-0.00857007,0.00787407
2025-09-16,0.00610725,0.01125736,-0.02274161,0.01127364,-0.00106324,-0.01129712,-0.00043531,-0.00179005,0.00498285,-0.00186817,0.01852746,-0.01233910,-0.01627798,-0.00215407,0.00574779
2025-09-17,0.00352101,-0.01043670,0.00477189,-0.00882136,0.00156648,-0.03917395,-0.00054453,-0.00651109,0.00603953,0.00013838,-0.00421942,0.00192331,-0.02659733,0.00000000,0.00278179
2025-09-18,-0.00465535,-0.00168521,0.02639191,0.03308721,0.02500753,-0.00237165,0.02718399,0.00996904,0.02259290,0.03363827,0.00582282,-0.00308294,0.03434397,0.02869487,0.02201706
2025-09-19,0.03153058,0.00108059,0.01991490,0.00874254,-0.00229244,-0.00118789,-0.00563373,0.01061680,0.00526902,-0.00281623,-0.00239962,0.01847306,0.00243675,-0.01000272,-0.01413311
2025-09-22,0.04219289,-0.01677193,-0.02854339,-0.00547256,-0.00553442,-0.01627816,-0.01060944,-0.00863487,0.01848444,-0.01331688,-0.01645514,-0.00674149,0.03853049,-0.02031059,0.02887646
2025-09-23,-0.00646412,-0.03087187,-0.00905044,0.00643932,-0.00462638,0.00044276,-0.00393999,-0.00345108,0.00320062,0.00203950,-0.01283747,-0.01019870,-0.02861765,0.00645853,0.03630595
2025-09-24,-0.00836720,-0.00226799,-0.01011411,-0.05482652,-0.07399336,0.00109099,-0.03763630,-0.01812398,-0.01745213,-0.06531301,0.00693896,0.00180499,-0.00821617,-0.07518132,-0.00709946
2025-09-25,0.01791161,-0.00939880,0.00294014,-0.00753802,-0.02962053,-0.00950540,-0.01402427,-0.00547760,0.05068750,-0.01666697,-0.01556769,-0.00613464,0.00406025,0.00404034,-0.01453281
2025-09-26,-0.00550424,0.00744417,-0.00392211,0.01095864,-0.00165462,-0.00468217,-0.00159574,0.00304680,0.01014599,-0.01223743,-0.00691385,0.00869917,0.00281000,0.02277983,-0.01199982
2025-09-29,-0.00404017,0.01081581,0.00608667,0.00586820,0.00226674,-0.02001796,0.00466621,-0.01015113,-0.01599023,0.00350104,-0.00047057,0.00612047,0.02033176,-0.01132499,-0.00047550
2025-09-30,0.00078588,-0.01177172,0.01618972,-0.03805992,-0.02183761,0.00611124,-0.03049312,-0.00390014,0.00839933,-0.03426567,-0.01220779,0.00648893,0.02567790,-0.03653649,0.02193678
2025-10-01,0.00321508,0.00481599,0.02413838,-0.02522731,-0.03662467,0.01049316,-0.01622701,0.00737699,0.01522931,-0.01926871,-0.02347658,0.00339231,0.00353122,-0.04778653,0.03234038
2025-10-02,0.00655508,0.00803543,-0.03275408,-0.02115333,-0.02316758,0.01426523,-0.00908324,0.00322066,0.00080253,-0.02253185,0.01344524,-0.00766824,0.00877356,-0.00559184,-0.00124882
2025-10-03,0.00345529,-0.01312478,0.00717339,-0.01058794,0.01181489,0.00056165,0.01116322,-0.00138483,0.00573811,0.02394294,-0.02294183,0.00311675,-0.00674622,0.01361412,0.01406201
2025-10-06,-0.00516785,0.00631232,0.02712031,0.00641357,-0.01520687,-0.00854783,-0.00930409,0.02049363,0.00363469,-0.00612930,0.00715183,0.02145570,-0.01114821,0.01524889,0.03434631
2025-10-07,-0.00081839,0.00397581,-0.02856469,-0.00514344,-0.00977457,0.00273845,-0.01193497,-0.01882396,0.01525848,-0.01709167,-0.00361157,-0.00872186,-0.00269837,-0.02513156,-0.02806886
2025-10-08,0.00614126,0.01539181,0.07980448,-0.00996614,0.00777383,0.02666215,-0.01496797,-0.00464945,-0.01512045,0.00008022,0.00665313,0.00165902,0.02175678,0.02452603,0.03505487
2025-10-09,-0.01570038,0.01112694,0.00551347,-0.01014751,-0.01710136,-0.00139026,-0.01120394,-0.01271231,-0.00425819,-0.00538607,0.02159450,-0.00467879,0.01813089,-0.01587334,-0.01535429
2025-10-10,-0.03513200,-0.05121477,-0.02644786,-0.04401770,-0.04429116,-0.06091640,-0.04376996,-0.02074949,-0.03678539,-0.05160734,-0.03921801,-0.02214234,-0.05009962,-0.05113146,-0.06623842
2025-10-13,0.00969716,0.01695583,-0.04411267,0.03507377,0.01933204,0.09420908,0.02814916,0.03153865,-0.00216194,0.02199366,0.01463779,0.00602924,0.02778255,0.04309932,0.07622588
2025-10-14,0.00044403,-0.01686338,-0.06052716,0.04159267,0.04059083,-0.03587566,0.03613725,0.00531044,-0.00386729,0.04497147,-0.00989920,-0.00093412,-0.04501919,0.03893429,-0.02321317
2025-10-15,0.00631654,-0.00379662,0.03253653,0.00047006,0.01004422,0.02070639,-0.00042691,0.02247921,0.01652045,-0.01213875,0.01248076,-0.00027269,-0.00111150,0.02125231,0.02920392
2025-10-16,-0.00760887,-0.00511584,0.01817659,-0.05521647,-0.06741501,0.00799470,-0.03691244,0.00171145,-0.01717251,-0.05737590,-0.00766638,-0.00355114,0.01095014,-0.07455743,-0.01611166
2025-10-17,0.01937069,-0.00668996,-0.02013135,0.00445878,0.00445049,-0.01370356,-0.01056385,0.00729064,0.01905842,0.00068055,0.00678801,0.00384318,0.00772543,0.01808597,-0.01600247
2025-10-20,0.03868082,0.01601823,0.02334514,0.03090646,0.03286482,-0.00025778,0.02607880,0.01274902,0.00839043,0.02111895,0.02104848,0.00623092,-0.00317058,0.03043450,0.00883987
2025-10-21,0.00201900,0.02531436,-0.00369328,0.00629062,0.02359237,-0.01902050,0.00615154,-0.02402436,-0.00565669,0.02928963,0.00150129,0.00168196,-0.00813632,0.02193973,-0.01077334
2025-10-22,-0.01657666,-0.01854684,0.00444395,0.00435620,-0.00006652,-0.00691116,0.00179488,0.00489895,0.01917340,-0.00307724,0.00019084,0.00554810,-0.00486940,0.00701348,-0.01930163
2025-10-23,0.00436250,0.01430418,0.04122848,-0.02788857,-0.01118831,0.01165677,-0.04257046,0.00550746,-0.00876861,-0.01916043,0.00080418,0.00003830,0.01037416,-0.05138525,0.00638375
2025-10-24,0.01240450,0.01401330,0.00691511,0.01572291,0.00611210,0.02817982,-0.00245496,0.02666843,0.07585581,0.00231207,0.00592240,0.00584216,0.02225802,0.02243203,0.01444465
2025-10-27,0.02253543,0.01223471,0.01925173,0.01090034,0.01085559,0.02211822,-0.00486294,0.03534041,0.01814586,0.00837792,0.01673451,0.01499359,0.02769215,0.01251125,0.01109242
2025-10-28,0.00070645,0.00999526,-0.00025508,-0.01514940,-0.00026510,0.02971563,-0.01413910,-0.00670704,-0.00166218,-0.01358777,0.00082545,0.01965425,0.04861856,-0.02154473,0.01093727
2025-10-29,0.00259894,0.00456971,0.03300171,0.00328857,-0.00272007,0.03428758,-0.01842984,0.02619888,-0.01404713,-0.01722732,0.00030607,-0.00095973,0.02945789,0.00181310,0.01173740
2025-10-30,0.00628356,-0.03283905,-0.02240551,-0.01151707,-0.02169249,-0.02494719,-0.00356520,0.02485519,0.00598438,-0.00371844,-0.12030238,-0.02959054,-0.02024805,-0.04318984,-0.00614829
2025-10-31,-0.00380238,0.09152569,-0.00474489,0.00694223,0.00959466,-0.01833585,-0.01186344,-0.00103089,-0.00858347,0.00186092,-0.02756446,-0.01523635,-0.00197346,-0.00569077,-0.00924384
2025-11-03,-0.00489420,0.03926480,-0.00063440,-0.00290014,0.04464761,-0.01934015,-0.00641887,0.00895722,-0.00875611,-0.00593322,-0.01654689,-0.00150745,0.02144837,0.02442954,0.01463784
2025-11-04,0.00367298,-0.01859703,-0.02597043,0.05157150,-0.01614256,-0.02970169,-0.01093048,-0.02202268,-0.01281451,0.00559507,-0.01642694,-0.00523590,-0.04039308,-0.03142938,-0.03610266
2025-11-05,0.00037028,0.00352334,-0.08938835,0.02452252,0.00156735,0.01980596,0.01023793,0.02410000,0.01948645,0.00505957,0.01366315,-0.01403853,-0.01766978,0.00191386,-0.00139531
2025-11-06,-0.00137076,-0.02903457,-0.04664884,-0.03631498,-0.01307037,-0.00948826,-0.00618598,0.00154654,0.01825025,0.00352638,-0.02711162,-0.02003532,-0.03720854,-0.04831218,-0.01509784
2025-11-07,-0.00483061,0.00562115,0.00468970,0.02594380,0.01717290,-0.01747513,0.01734839,-0.02100957,-0.01952219,0.01670656,0.00446541,-0.00056342,0.00037198,0.03160235,-0.00951822
2025-11-10,0.00453831,0.01619317,0.01919812,-0.01101466,-0.00351541,0.02531860,-0.01130102,0.03962350,0.01443409,-0.01002371,0.01603582,0.01830891,0.05631665,-0.01959215,0.03015159
2025-11-11,0.02137127,0.00281412,-0.01712083,0.01485995,0.00345042,-0.01810433,0.00470120,0.00416232,0.01473903,0.01035342,-0.00743533,0.00528243,-0.03003724,0.01133718,-0.01398286
2025-11-12,-0.00648777,-0.01986690,0.00037052,0.00525415,-0.00117044,0.00921975,-0.00428553,-0.01591680,0.00400834,0.01399190,-0.02923955,0.00482442,0.00330787,0.00000000,-0.00189066
2025-11-13,-0.00190329,-0.02748313,-0.03528708,-0.03713875,-0.03455473,-0.04385050,-0.03403056,-0.02880181,-0.03265661,-0.01903097,0.00144397,-0.01547700,-0.03646707,-0.01739174,-0.02940048
2025-11-14,-0.00198038,-0.01223891,0.00817822,0.01457744,-0.01404034,0.00726800,0.01359601,-0.00778403,0.00271902,-0.00689745,-0.00070531,0.01359699,0.01755867,-0.01358715,0.00924126
2025-11-17,-0.01833823,-0.00778517,-0.03178548,-0.04520677,-0.03009319,0.00055464,-0.02158315,0.03067392,-0.02826718,-0.04890719,-0.01229935,-0.00528650,-0.01895100,-0.05989812,-0.00991474
2025-11-18,-0.00007494,-0.04532853,-0.03039606,-0.00016087,0.00442508,-0.00629434,-0.01374819,-0.00259958,-0.02459590,0.00140236,-0.00720170,-0.02736673,-0.02848335,0.01011559,-0.01464527
2025-11-19,0.00417928,0.00062887,0.01095637,0.02290175,0.01723103,0.04006756,0.01540851,0.02956424,-0.00490947,0.02866220,-0.01240758,-0.01359983,0.02805447,-0.00866428,0.01592098
2025-11-20,-0.00863868,-0.02523838,-0.04272337,-0.00346510,-0.00594179,-0.02167683,-0.00166032,-0.01154131,0.00646013,-0.02664985,-0.00198378,-0.01613073,-0.03203239,-0.00363231,-0.01739739
2025-11-21,0.01948945,0.01621671,-0.01822678,0.02539282,0.02138976,-0.01927212,0.03024178,0.03466583,0.02395332,0.03655800,0.00861922,-0.01327675,-0.00979087,0.02088658,-0.00883181
2025-11-24,0.01618587,0.02501415,0.03957109,0.00061513,0.01801481,0.10525459,-0.00880007,0.06122514,0.02220981,-0.00693394,0.03114637,0.00397417,0.02030894,0.00922319,0.03423617
2025-11-25,0.00379823,0.01487032,0.02322019,0.00398879,0.01821959,0.01853291,0.01411296,0.01514005,0.00118315,0.02480650,0.03709787,0.00628823,-0.02625235,0.02027330,0.00014047
2025-11-26,0.00209181,-0.00222302,0.02065846,-0.00268305,0.01092982,0.03204979,0.01033467,-0.01084880,-0.00417992,0.00016556,-0.00411067,0.01768378,0.01362844,0.02054861,0.01837720
2025-11-28,0.00467293,0.01756175,0.02345938,0.01205562,0.01477223,0.01346626,0.01029742,0.00071852,0.01755558,0.01217414,0.02237980,0.01331976,-0.01825050,0.01680715,0.00533130
2025-12-01,0.01512619,0.00282596,-0.01986226,-0.00349479,0.01681662,-0.04279267,-0.00047821,-0.01665995,-0.00947512,-0.00098156,-0.01098683,-0.01076902,0.01636254,0.00199804,-0.01322553
2025-12-02,0.01085571,0.00230619,-0.00697139,0.00523779,0.00256706,-0.01175019,0.00266123,0.00291733,-0.01280764,0.00400216,0.00967407,0.00667534,0.00852303,-0.00801604,0.01521321
2025-12-03,-0.00715374,-0.00874039,0.00454868,0.01815639,0.01323127,-0.00251909,0.03205533,0.01202338,0.00277956,0.03050485,-0.01165774,-0.02535969,-0.01035884,0.04907752,0.01143778
2025-12-04,-0.01221571,-0.01417174,0.00585139,0.01659009,0.00627463,0.00110281,-0.00085842,-0.00630837,0.01758930,0.01529970,0.03371235,0.00648892,0.02093976,0.02522205,-0.00856607
2025-12-05,-0.00686357,0.00183149,0.00031106,0.01004092,0.01454990,0.02388379,0.00500764,0.01142604,-0.00016229,0.00767901,0.01781383,0.00481326,-0.00530365,0.01114554,0.00609207
2025-12-08,-0.00319744,-0.01156842,0.00403574,-0.00544453,-0.00727888,0.02744889,-0.00513978,-0.02312692,0.00401866,0.00631595,-0.00987908,0.01613695,0.01706754,-0.01363926,0.02397066
2025-12-09,-0.00255833,0.00452937,0.00717728,0.04629824,0.07016920,0.01285641,0.03025718,0.01065311,0.00419586,0.04165698,-0.01486699,0.00203454,-0.00313077,0.03977269,0.00508865
2025-12-10,0.00575577,0.01679396,0.01768344,0.03543409,0.01173557,0.01630773,0.00371055,0.00982297,0.00702891,0.04154647,-0.01045084,-0.02773779,-0.00645427,-0.00662067,0.02193893
2025-12-11,-0.00269389,-0.00649269,0.01522053,0.00834987,-0.00794043,-0.01611091,-0.01602816,-0.02459662,-0.00619191,0.00865271,0.00396067,0.01020776,-0.01562925,-0.02754984,-0.01450808
2025-12-12,0.00089881,-0.01792059,-0.07435411,-0.01528293,-0.01762481,-0.12135448,-0.01919550,-0.01010102,-0.00483880,-0.04417796,-0.01307713,-0.01027040,-0.03320988,-0.02896926,-0.04292911
2025-12-15,-0.01509847,-0.01626853,0.00901660,-0.00827463,-0.00634998,-0.05752293,-0.00557171,-0.00346562,-0.00187723,-0.01319078,0.00589368,-0.00778313,0.00723008,-0.00384125,-0.01483357
2025-12-16,0.00182248,0.00008989,0.00190459,0.00217702,0.00537131,0.00437520,0.01157303,-0.00536761,-0.01791379,-0.01066409,0.01477811,0.00330110,0.00807897,0.01527719,-0.00302808
2025-12-17,-0.01013814,-0.00581302,-0.03034558,-0.00510983,-0.02334422,-0.04580316,0.00720651,-0.03265726,0.00046177,-0.00926458,-0.01170952,-0.00056701,-0.03889668,-0.02818891,-0.03515608
2025-12-18,0.00128662,0.02450847,0.01830160,-0.00068327,-0.01103927,0.01177026,0.00351887,0.01916012,-0.00950704,-0.00136294,0.02275673,0.01637374,0.01854689,0.00583084,0.02749268
2025-12-19,0.00542287,0.00259854,0.05084377,0.00027339,-0.00589762,0.03127485,-0.01401832,0.01541981,0.00176243,-0.01035893,-0.00858513,0.00400041,0.03858223,-0.00583084,0.01488790
2025-12-22,-0.00991506,0.00473908,-0.00297880,0.01727501,0.02744471,0.00510912,0.02758625,0.00849353,0.00599568,0.00618257,0.00413555,-0.00206011,0.01480780,0.03134247,0.01487421
2025-12-23,0.00511662,0.01611085,0.00450305,-0.00349848,-0.00914380,0.02278709,-0.00430884,0.01464464,0.00326429,-0.00320107,0.00518677,0.00397210,0.02960795,-0.01267436,0.01243594
2025-12-24,0.00530965,0.00103335,-0.00419706,0.00322988,0.00189466,0.00257312,0.00263890,-0.00082739,0.00256428,-0.00168077,0.00391747,0.00240033,-0.00317614,-0.01413003,0.00621066
2025-12-26,-0.00149847,0.00060228,0.00814895,-0.00221954,-0.00195401,0.00543888,-0.00102896,-0.00184834,0.00173867,-0.00283319,-0.00640194,-0.00063536,0.01012828,-0.02820785,0.01343013
2025-12-29,0.00131595,-0.00193718,0.01736949,-0.00845185,0.00189477,-0.00781158,-0.00180339,0.00015945,0.00212825,-0.00762038,-0.00695927,-0.00125156,-0.01219819,0.01453129,-0.00636004
2025-12-30,-0.00248716,0.00198016,-0.01282880,-0.00825019,-0.03503433,0.00131563,-0.00225872,0.00092450,-0.01214251,-0.00604511,0.01096157,0.00077986,-0.00361932,-0.01719612,-0.00446301
2025-12-31,-0.00447752,-0.00738103,-0.01070344,-0.00894035,-0.00985034,-0.01077665,-0.00414340,-0.00271201,-0.01952384,-0.00905835,-0.00883847,-0.00794985,-0.00556088,-0.00334125,0.01428438
2026-01-02,-0.00313137,-0.01889327,0.01942401,0.01269885,0.02866396,0.00438204,0.02978416,0.00684556,-0.01602865,0.01107741,-0.01477328,-0.02233094,0.01252181,0.02446409,0.05043557
2026-01-05,-0.01393370,0.02855098,0.02651654,0.02125791,0.03381142,-0.01215561,0.02210900,0.00440097,0.01183355,0.04304762,0.01280194,-0.00019028,-0.00387299,0.03592433,0.00822615
2026-01-06,-0.01850455,0.03321048,-0.03418059,0.01944126,0.02269876,0.00101858,0.00184605,-0.00697452,0.02510859,0.00924607,0.00277394,0.01189885,-0.00468881,0.01065514,0.01594667
2026-01-07,-0.00776749,0.00261147,-0.01903659,-0.05671941,-0.02999064,-0.00078573,-0.05731388,0.02401422,-0.01915943,-0.03743186,-0.01822384,0.01031224,0.00993756,-0.02909767,-0.02708689
2026-01-08,-0.00496757,0.01939180,-0.05012870,0.01315131,0.02856924,-0.03260740,0.01107205,0.01068869,0.01998557,0.02125093,-0.00406255,-0.01114848,-0.02175679,0.01275526,-0.00210447
2026-01-09,0.00127311,0.00441596,-0.00673132,-0.00253404,0.00090999,0.03687773,0.01482833,0.00957184,0.00494287,0.00752914,0.01077665,0.00244415,-0.00097331,-0.00317358,0.01751800
2026-01-12,0.00338703,-0.00368535,0.00430352,-0.01318489,-0.00925204,0.02077017,-0.00662004,0.00996314,0.02582883,-0.00506291,-0.01712753,-0.00439126,0.00043271,0.00317358,0.02484101
2026-01-13,0.00306934,-0.01582627,0.05140263,-0.00466659,-0.02957990,0.00679096,-0.00853030,0.01230882,-0.02931927,-0.02946621,-0.01709295,-0.01373651,0.00469321,-0.03089041,-0.00168936
2026-01-14,-0.00418429,-0.02483179,-0.03796234,0.00570834,0.00418712,-0.04239641,0.02204193,-0.00038708,0.01917763,0.01525818,-0.02498108,-0.02427942,-0.01447385,0.01941809,-0.01245608
2026-01-15,-0.00675453,0.00644443,0.04302917,0.00062455,-0.00206184,0.00916659,0.01314498,-0.00915327,-0.03651257,-0.00577079,0.00854148,-0.00593868,0.02112519,0.01210593,0.04346114
2026-01-16,-0.01043335,0.00393884,-0.00583670,-0.00187481,0.00070730,0.02501823,0.01658935,-0.00838890,0.02558023,0.00076127,-0.00088633,0.00698293,-0.00439357,0.00882727,0.00222194
2026-01-20,-0.03516680,-0.03454779,-0.01795273,-0.03709899,-0.03924190,-0.05586639,-0.06044499,-0.02454109,-0.04798072,-0.06702732,-0.02634973,-0.01168018,-0.04480571,-0.03708866,-0.04553024
2026-01-21,0.00384342,0.00134108,-0.00180523,0.00639893,-0.00503842,-0.01149096,0.01329570,0.01961992,0.02102343,0.01156833,0.01452686,-0.02316968,0.02905662,0.02635961,-0.00318388
2026-01-22,0.00282260,0.01301424,0.08375237,0.00143231,-0.00506384,-0.01011792,-0.00681942,0.00655622,-0.00969262,-0.00686010,0.05501978,0.01570558,0.00825721,-0.00445157,0.00382557
2026-01-23,-0.00124908,0.02035976,-0.01506858,-0.02478018,-0.03547850,-0.01685444,-0.02901414,-0.00792757,-0.00759659,-0.01822465,0.01703981,0.03230057,0.01519452,-0.03568329,0.02265138
2026-01-26,0.02928018,-0.00309898,0.05271523,-0.03546867,-0.04058407,0.01488629,-0.00272818,0.01612285,0.01321421,-0.02167659,0.02043448,0.00924993,-0.00641470,-0.03563406,-0.00647115
2026-01-27,0.01113538,0.02591739,0.02045456,0.00121549,-0.00207305,0.02414812,-0.01112328,0.00386331,-0.00837033,-0.02258787,0.00090689,0.02166540,0.01093372,-0.00549070,0.01678001
2026-01-28,-0.00711087,-0.00684863,0.02331322,0.00884319,0.00280762,0.00135125,-0.01097572,0.00435466,0.00102046,0.00661600,-0.00632041,0.00218251,0.01578818,-0.00206680,0.01163630
2026-01-29,0.00714961,-0.00528119,-0.01340952,0.01196812,0.01253793,-0.00756054,-0.02657809,0.00664426,0.04999381,-0.01544791,0.09898351,-0.10528436,0.00515581,-0.03580596,-0.00806635
2026-01-30,0.00463550,-0.01010338,-0.04423080,0.00037169,-0.01340609,0.00172186,-0.00364454,-0.00073934,-0.00824760,-0.00628169,-0.02998556,-0.00743238,-0.00719424,-0.02533613,-0.02683300
2026-02-02,0.03977932,0.01517884,-0.02406321,-0.01008481,-0.02161225,-0.00057366,-0.00803662,0.01669423,0.02584507,0.00087482,-0.01418251,-0.01621297,-0.02930612,-0.01626043,0.03214941
2026-02-03,-0.00196483,-0.01802454,0.00734453,-0.04877140,-0.10705357,-0.03309897,-0.05379974,-0.01164786,-0.06708160,-0.10190765,-0.02104343,-0.02914240,-0.02880383,-0.10271461,-0.01657084
2026-02-04,0.02568024,-0.02387675,-0.06758978,0.04583902,0.04181842,-0.03908949,0.00491762,-0.01982967,-0.01803399,0.01432370,-0.03338312,0.00722077,-0.03469727,-0.00413734,-0.03026724
2026-02-05,-0.00209983,-0.04521488,-0.01243500,-0.05192770,-0.11863057,0.00795406,-0.05901395,-0.00538927,0.00290201,-0.05493188,0.00182199,-0.05081177,-0.01335012,-0.03630624,0.01520282
2026-02-06,0.00797798,-0.05715047,0.06630025,0.05365789,0.06811179,0.06968613,0.02229941,-0.02565457,0.03070780,0.03983324,-0.01314161,0.01879751,0.07577304,0.07373947,0.05333975
2026-02-09,-0.01172904,-0.00763657,0.03044320,0.00689203,0.05073734,0.03256491,0.02480668,0.00451198,-0.00870191,0.03886669,0.02354657,0.03058880,0.02466498,0.00953898,0.01862991
2026-02-10,-0.00342889,-0.00846808,0.01199209,-0.01141247,-0.00189605,-0.01022832,0.01809746,-0.01785718,-0.00989049,-0.00074589,-0.00964448,-0.00079832,-0.00792437,0.02577259,0.01812357
2026-02-11,0.00662814,-0.01401349,-0.01964086,-0.04226077,0.00284285,0.00679162,-0.00261905,-0.02420928,-0.06715602,-0.02025799,-0.00303107,-0.02177078,0.00797703,-0.02814888,0.03310077
2026-02-12,-0.05127401,-0.02219669,-0.04018242,-0.01252393,-0.02535892,-0.03439863,-0.02811297,-0.00632303,-0.04994194,-0.03822367,-0.02864055,-0.00627619,-0.01649943,-0.00956186,-0.01614165
2026-02-13,-0.02299588,-0.00406644,0.04677230,-0.00239578,-0.00044799,-0.01828377,0.00069317,-0.01067159,0.01096016,0.00601430,-0.01557133,-0.00129497,-0.02234035,-0.01532900,-0.00473824
2026-02-17,0.03117681,0.01180191,0.00696773,0.00063941,-0.02626062,0.02241205,0.01171314,-0.01217651,-0.01563343,0.00984851,-0.00075052,-0.01117554,0.01174626,-0.01804806,-0.00591328
2026-02-18,0.00177958,0.01793416,-0.02155201,0.00167657,0.02693252,0.00291267,0.01142688,0.00432815,0.00955509,0.01018673,0.00612858,0.00688045,0.01614184,0.01886078,-0.00534097
2026-02-19,-0.01436427,0.00034179,-0.01669293,-0.05355121,-0.03123584,0.00143812,-0.05522153,-0.00158367,-0.01744494,-0.01910012,0.00242241,-0.00057704,-0.00042563,-0.06113249,-0.00517539
2026-02-20,0.01523381,0.02530438,-0.03288944,0.01159383,-0.05289567,-0.00402008,-0.03635592,0.03927150,0.00342795,-0.00453598,0.01673323,-0.00309166,0.01016644,-0.04918651,0.02777464
2026-02-23,0.00602906,-0.02330500,-0.04120169,-0.05132841,-0.07229836,-0.00696843,-0.06436813,-0.01114194,-0.14095847,-0.09304952,-0.02848028,-0.03264969,0.00907260,-0.03482720,-0.00135039
2026-02-24,0.02214405,0.01590055,0.01046070,0.00351086,0.02235463,-0.01479073,0.02346712,-0.00189582,0.02637842,0.03757558,0.00321175,0.01171351,0.00676381,0.02739904,0.04157843
2026-02-25,0.00765052,0.00992375,0.03149381,0.02662908,0.01709436,0.02073657,0.01542888,0.00641225,0.03521754,0.00946206,0.02225932,0.02938411,0.01395446,0.05617422,0.00511972
2026-02-26,-0.00467862,-0.01299713,-0.02006603,-0.02426605,-0.00927259,-0.03244888,-0.00228653,-0.01779876,0.01864299,-0.03164520,0.00506610,0.00279190,-0.05610616,-0.01151984,-0.02856810
2026-02-27,-0.03265800,0.00995415,0.02464580,-0.08955757,-0.05277424,-0.00670562,-0.03960398,0.01414887,-0.00746539,-0.06555029,-0.01353089,-0.02260751,-0.04253841,-0.06157209,-0.00593576
2026-03-02,0.00204195,-0.00769621,-0.03196617,0.01753175,0.01198048,-0.00228709,0.01714076,-0.01695074,-0.00350315,0.03287077,0.00826591,0.01468509,0.02941797,0.01224707,-0.01471072
2026-03-03,-0.00367082,0.00163021,-0.03702672,0.00590092,-0.00628289,-0.01574331,-0.03898840,-0.00963787,0.02438991,-0.00066240,0.00232309,0.01340869,-0.01340603,-0.03914586,-0.04425833
2026-03-04,-0.00467455,0.03802602,0.07890615,0.02499325,0.03111318,0.01168889,0.02861652,-0.00148327,0.01930045,0.03558242,0.01912648,0.00313922,0.01647012,0.00679291,0.01213124
2026-03-05,-0.00853082,0.00973018,0.03333272,0.01312056,0.00711685,0.04687922,0.01227766,-0.00745033,0.02562270,0.01858356,-0.01078075,0.01343348,0.00163766,0.00770706,-0.01006620
2026-03-06,-0.01093212,-0.02652010,-0.04782574,-0.02309828,-0.06194445,-0.00690530,-0.04559321,-0.00787459,0.00892524,-0.04558879,-0.02406992,-0.00419693,-0.03057055,-0.05220282,-0.04322572
2026-03-09,0.00935570,0.00131239,0.03169931,-0.00516514,-0.01060053,0.04516983,0.00226191,0.02662757,-0.02155583,-0.00427944,0.00391568,0.00109974,0.02679993,-0.00812186,0.02853639
2026-03-10,0.00364885,0.00392687,0.01770339,0.00027744,-0.00156295,-0.00921082,-0.00625544,0.00221726,-0.01243235,-0.01083475,0.01026556,-0.00895521,0.01154013,-0.03632990,-0.00462790
2026-03-11,-0.00007678,-0.00786930,-0.01000548,-0.01932207,-0.04922280,-0.00295255,-0.02495402,0.00539196,-0.00532994,-0.03196394,0.00120706,-0.00217117,0.00685020,-0.04762807,0.02129340
2026-03-12,-0.01955260,-0.01478067,-0.03085529,-0.05621628,-0.06964198,-0.01653074,-0.04901399,-0.01682374,-0.00479310,-0.03801411,-0.02580105,-0.00748704,-0.01565702,-0.04652019,-0.05165551
2026-03-13,-0.02229867,-0.00891665,-0.00343791,0.04044708,0.05307410,-0.04197353,0.04462199,-0.00419255,-0.00566847,0.02414592,-0.03909801,-0.01582653,-0.01590615,0.01612953,0.00474058
2026-03-16,0.01073703,0.01940886,0.01323832,-0.00952442,-0.01235985,0.00853070,0.00317910,0.01079243,0.01198733,0.00197636,0.02299737,0.01106239,0.01634290,0.00114223,0.00565930
2026-03-17,0.00556153,0.01620868,-0.01698870,0.05124980,0.06358627,-0.01117267,0.04454921,0.01738952,0.02715053,0.03278984,-0.00766339,-0.00135106,-0.00706570,0.04355787,0.01957295
2026-03-18,-0.01701844,-0.02507955,0.02229415,0.02099214,0.00283497,-0.01688574,0.01356814,-0.01044292,-0.01776639,0.01848600,-0.01127323,-0.01926252,-0.00844536,-0.00438116,-0.01870085
2026-03-19,-0.00392859,-0.00530303,0.00139527,0.00152766,0.01888261,0.01230023,-0.00052854,-0.00182166,-0.00490074,-0.00033107,-0.01469290,-0.00709523,-0.01025194,0.00109723,-0.00229964
2026-03-20,-0.00390390,-0.01637203,-0.03768947,0.00564090,-0.01982668,-0.02960473,-0.02715664,-0.02016085,-0.03495291,-0.00664452,-0.02172772,-0.01855055,-0.03336871,0.00000000,-0.02859355
2026-03-23,0.01401484,0.02296077,0.03489687,-0.01393598,0.01173778,0.04001354,-0.00982810,0.00351547,0.02721446,0.00929001,0.01736678,0.00295488,0.01688050,-0.00329497,0.02758948
2026-03-24,0.00059621,-0.01389640,-0.03810272,0.00721699,-0.01013332,-0.01317128,-0.01260776,-0.03922867,-0.03210716,0.00077040,-0.01861407,-0.02715397,-0.00250833,-0.01440468,0.01408259
2026-03-25,0.00388690,0.02133988,0.03167935,-0.01311930,0.00432862,0.00163236,0.00369755,0.00168560,0.00331970,-0.02224544,0.00331707,-0.00457119,0.01966834,0.00778210,0.01302483
2026-03-26,0.00106828,-0.01989339,-0.09682967,0.00163793,0.01324516,-0.02989571,0.01146752,-0.03501266,0.00115920,0.01207388,-0.08294110,-0.01375858,-0.04253031,-0.00110795,-0.06424919
2026-03-27,-0.01630527,-0.04031217,-0.01463125,-0.01428594,-0.01531308,-0.02865302,-0.01433194,-0.02370175,-0.02230165,-0.01669599,-0.04066679,-0.02545997,-0.02196341,-0.02015736,0.00193004
2026-03-30,-0.00876014,0.00804421,-0.03917765,0.01401314,0.01290104,-0.02447564,0.03214188,-0.00306663,0.00384297,0.02079914,0.02007426,0.00611962,-0.01412747,0.02568531,-0.03184147
2026-03-31,0.02861786,0.03577923,0.05568390,0.01328115,0.01328676,0.05341954,0.02992418,0.05012991,0.02143355,0.02340697,0.06452330,0.03075142,0.05437626,0.00659347,0.06557477
2026-04-01,0.00722397,0.01098284,0.01671888,-0.01055634,-0.03071432,0.01277700,-0.00575618,0.03361296,0.00308945,-0.01240093,0.01233343,-0.00216354,0.00771105,-0.04709398,0.01042038
2026-04-02,0.00113383,-0.00380646,0.01455122,-0.02954792,-0.03237093,0.00337557,-0.01125879,-0.00546234,0.02043629,-0.00142389,-0.00826913,0.01101204,0.00928809,-0.01620409,-0.00720021
2026-04-06,0.01142233,0.01429402,-0.00340016,-0.00872627,0.00389751,-0.00038158,-0.00719081,0.01416697,-0.00573853,-0.00197498,-0.00250984,-0.00155419,0.00140834,-0.01410127,0.00799058
2026-04-07,-0.02092342,0.00459496,0.05688554,-0.00709327,-0.00575421,0.06028970,0.00435614,0.01806970,-0.00679122,-0.00330032,0.00353630,-0.00158352,0.00258621,0.00236412,0.01036283
2026-04-08,0.02107801,0.03439259,0.08206682,0.01591298,0.02501709,0.04868044,0.04288853,0.03809194,-0.01368115,0.03476063,0.06296131,0.00546448,0.02210099,-0.01786843,0.05788847
2026-04-09,0.00612255,0.05453096,0.00673261,-0.00065411,-0.00028622,0.01213266,-0.00656522,0.00368028,-0.01904350,-0.01209922,0.02574275,-0.00337161,0.01000033,-0.00481922,-0.00112111
2026-04-10,-0.00003826,0.02004182,0.00886170,-0.02556231,-0.04229420,0.04581913,-0.01786613,-0.00393244,-0.02744118,-0.01749576,0.00233647,-0.00591450,0.02534093,-0.00605697,0.01388437
2026-04-13,-0.00492608,0.00631442,0.03120137,0.05294609,0.06007407,0.02182978,0.05909182,0.01274779,0.03013599,0.07312086,0.00738715,0.03575407,0.00359841,0.02638050,-0.00278313
2026-04-14,-0.00142866,0.03735275,0.01534017,0.04333993,0.05409682,0.00270858,0.03635297,0.03546580,0.01024922,0.02306595,0.04312076,0.02248381,0.03732745,0.08177092,0.02754160
2026-04-15,0.02894017,-0.00209039,-0.00025911,0.04861602,0.05754315,0.04100900,0.03009739,0.01256677,0.01867826,0.03348652,0.01362780,0.04503893,0.01193803,0.07861557,-0.01268908
2026-04-16,-0.01143785,0.00481734,0.04237326,0.00223738,-0.02598871,0.00440152,-0.01594949,-0.00326833,0.02501135,-0.01777868,0.00784599,0.02174521,-0.00261819,-0.02759503,-0.03182615
2026-04-17,0.02559980,0.00343822,0.01980142,0.03105007,0.01333353,0.02005012,0.00738691,0.01670402,0.00979249,0.01536845,0.01710871,0.00600208,0.01664907,0.02051360,0.01948690
2026-04-20,0.01038135,-0.00914127,0.01582738,0.02151305,0.00837036,-0.01714328,-0.00069742,-0.01254615,0.00094644,0.00308408,-0.02595292,-0.01122674,0.00188242,0.00405268,-0.01156463
2026-04-21,-0.02551959,0.00654373,0.03538678,-0.00054990,0.00896865,0.00633583,-0.00380603,-0.01532041,0.00773473,0.00508707,-0.00309009,0.01446181,-0.01084741,-0.00202434,0.00501143
2026-04-22,0.02595918,0.02157345,0.02778350,0.01404514,0.01004620,0.04966944,0.00952650,0.02093558,-0.01505326,0.01397569,0.00875286,0.02044227,0.01302267,0.00505308,0.05126075
2026-04-23,0.00095117,-0.00109709,-0.02957845,-0.03380535,-0.05318642,-0.00643250,-0.05873308,-0.00126806,-0.08610938,-0.04124697,-0.02334660,-0.04046885,-0.01422416,-0.05171779,-0.01241412
2026-04-24,-0.00870547,0.03433396,0.02495408,-0.00409583,0.00391287,0.00669282,-0.00557425,0.01612812,0.00388716,0.00186762,0.02380601,0.02111053,0.04231955,-0.02580784,0.05044881
2026-04-27,-0.01280948,-0.01093113,-0.02541783,-0.00751255,-0.02682544,-0.01084486,-0.01057772,0.01710036,-0.01708621,-0.01115896,0.00530418,0.00047089,0.03926319,-0.02873137,0.00624201
2026-04-28,0.01151746,-0.00545289,-0.04252185,0.00194408,0.00737160,-0.04492041,0.00950847,-0.00159972,0.02164520,0.00692729,-0.01078560,0.01037393,-0.01600850,-0.00674923,-0.03170889
2026-04-29,-0.00199672,0.01277898,0.02030192,-0.01049426,-0.01920815,0.01395817,-0.01400480,0.00045735,-0.02581965,-0.02072615,-0.00331232,-0.01122171,-0.01856026,0.00225484,0.00379051
2026-04-30,0.00435818,0.00765006,0.02361054,0.05132598,0.05731879,0.02911928,0.04686899,0.09496196,0.01694061,0.04930782,-0.08937823,-0.04008994,-0.04736466,0.09346575,0.00564638
2026-05-01,0.03187991,0.01200049,-0.00005796,0.01342721,0.01353654,0.00918080,0.00611282,0.00231029,0.00526798,-0.00634554,-0.00517749,0.01620039,-0.00562788,0.02331574,0.00405686
2026-05-04,-0.01188589,0.01402913,-0.00046335,-0.00978241,0.00820160,-0.01141120,-0.01691680,-0.00634648,-0.01178324,-0.00338144,0.00272316,-0.00198058,0.00015110,0.01393060,0.00985886
2026-05-05,0.02620427,0.00549855,-0.01400089,0.00855532,0.02453397,0.02574028,-0.00301046,0.01342546,-0.00196280,-0.01295498,-0.00896851,-0.00543031,-0.01002589,0.06039215,-0.01809039
2026-05-06,0.01164980,0.00525032,-0.14625108,-0.00592715,0.00729284,-0.00450281,0.01592535,0.02443957,-0.01446913,-0.01193357,0.01300681,0.00625197,0.05605805,-0.01972829,0.06167253
2026-05-07,-0.00024353,-0.01398872,-0.03677571,-0.01352409,-0.00574877,-0.03074228,-0.01910832,-0.00012567,0.02437487,-0.00447486,0.00639183,0.01631706,0.01750455,-0.01819097,-0.01283536
2026-05-08,0.02025006,0.00555294,0.00014111,0.04146337,0.02486096,0.04140357,0.01170264,0.00703566,0.00060954,0.02149352,-0.01170880,-0.01351873,0.01734284,0.02008684,-0.00598189
2026-05-11,-0.00126341,-0.01362475,-0.03839445,-0.02078504,-0.01307519,-0.00365788,-0.01933414,-0.03080901,-0.02740012,-0.03030230,-0.01782434,-0.00594363,0.01951101,-0.04652012,-0.01749566
2026-05-12,0.00721727,-0.01185475,0.04381101,0.01120471,-0.00765303,-0.02154070,0.01114036,-0.00332483,-0.01955933,0.00010056,0.00688935,-0.01192074,0.00608788,-0.00796816,-0.01810931
2026-05-13,0.01371155,0.01608393,-0.01306371,-0.00250429,-0.00388916,-0.00600410,-0.02591117,0.03866454,-0.02111358,-0.02072199,0.02235196,-0.00629780,0.02261581,0.00000000,0.00632307
2026-05-14,-0.00221073,-0.01083105,0.04936874,0.02935218,0.04251561,0.05371484,0.02346436,-0.00385721,0.01722865,0.02172676,0.00291485,0.01036043,0.04294702,0.00408585,0.04384696
2026-05-15,0.00675098,-0.01159297,-0.04031187,-0.00103370,-0.04065016,-0.03376122,-0.03803243,-0.01075402,0.00424983,-0.02449890,-0.00681455,0.03004982,-0.04520788,-0.03632988,-0.03253047
2026-05-18,-0.00799252,0.00272201,-0.00183301,-0.00972347,0.00234709,-0.01059239,-0.00723622,0.00040318,0.01560935,-0.01036598,-0.00492887,0.00383232,-0.01340382,0.00316621,-0.02099289
2026-05-19,0.00378681,-0.02106140,-0.00091782,-0.01781225,-0.02116001,-0.02318022,-0.02403916,-0.02365651,-0.00188730,-0.03229679,-0.01417038,-0.01455507,-0.00772141,-0.00634247,-0.00847131
2026-05-20,0.01091131,0.02162767,-0.00772859,0.00827677,0.00822307,0.01614362,0.02224330,0.00321932,0.01193765,0.01516635,0.00405744,0.00868235,0.01288076,0.03131769,0.02268970
2026-05-21,0.00902440,0.01293430,0.05605446,-0.01018480,0.01527859,-0.00766528,0.01478360,-0.00321932,0.11717049,0.00444220,0.00382693,-0.00252611,-0.01787943,0.04717384,0.01367525
2026-05-22,0.01247966,-0.00800327,0.03595657,-0.01842698,0.00338170,-0.00103776,-0.00050616,-0.01217200,0.00343323,-0.00762717,0.00473055,-0.00124146,-0.01922601,-0.01382050,-0.00648045
2026-05-26,-0.00158800,-0.00387502,0.02551091,0.01083518,0.00696865,0.01882495,-0.00329623,0.01531413,-0.01248697,0.01005130,0.00340257,-0.00608682,-0.00218508,0.00396830,0.01909855
2026-05-27,0.00813992,0.02442687,-0.02369474,0.00276735,0.01032328,-0.00035562,-0.00101651,-0.00012863,0.01783036,0.00042101,0.03674672,-0.00810909,-0.01057419,0.00296587,0.02493394
2026-05-28,0.00532599,0.00787764,0.00620201,-0.02141442,-0.00459264,0.01112645,-0.01588826,0.00333787,0.03473463,-0.01057872,0.00004712,0.03411227,0.00773105,-0.01994084,0.00502597
2026-05-29,-0.00144100,-0.01233853,0.02669026,0.00936703,0.01964700,0.04624403,0.00712118,-0.02541449,0.11963989,0.02010914,-0.00438552,0.05302022,-0.01462209,0.03463968,-0.01520221
2026-06-01,-0.01859785,-0.03527346,0.06793459,-0.00381426,0.00186605,0.02911734,-0.00025654,-0.01049286,0.07321062,-0.00974087,-0.05198342,0.02257551,0.06073046,0.01831380,0.04023585
2026-06-02,0.02860975,-0.01830953,0.02687951,0.00420266,-0.00357956,0.04589037,-0.01751175,-0.03934291,0.02712396,-0.00591155,-0.00474080,-0.04260874,-0.00688764,-0.03895331,0.02507156
2026-06-03,-0.01579676,-0.02566566,-0.00549047,-0.03485008,-0.04121837,-0.00487095,-0.04112667,-0.00793527,-0.07438139,-0.04238933,0.04154260,-0.03216757,-0.03688972,-0.03846636,-0.02264125
2026-06-04,0.00312158,0.01496620,-0.04913146,0.03212816,0.05837624,-0.13452459,0.07231231,0.03610999,-0.01271012,0.05302600,0.00734081,0.00166002,0.01920829,0.05031242,0.01867096
2026-06-05,-0.01257759,-0.03105365,-0.07334365,-0.00296373,-0.03787296,-0.08251844,-0.02736389,-0.00988242,-0.05773752,-0.02181587,-0.05666078,-0.02694546,-0.06402033,-0.03902440,-0.06920646
2026-06-08,-0.01905189,-0.00329770,0.01371245,-0.00359935,0.00966268,0.02779055,-0.01010724,-0.01366851,-0.01421371,-0.00203638,-0.01291613,-0.01190248,0.01711258,-0.03954727,0.02762741
2026-06-09,-0.03712710,-0.00420915,-0.02748417,0.03942564,0.02905283,-0.01125829,0.05204179,0.00261147,-0.01192897,0.02782508,-0.00136754,-0.02043863,-0.00215914,0.01788582,0.00262078
2026-06-10,0.00353874,-0.02567595,-0.00263233,-0.01182547,-0.01776658,-0.05250725,-0.01516134,-0.02187033,-0.01866022,-0.00859272,-0.02355659,-0.01511083,-0.03803598,-0.01259200,-0.04583254
2026-06-11,0.01379426,0.01464018,0.03011650,0.02090258,0.03454573,0.03556008,0.02005413,0.00389270,0.00910086,0.00294245,-0.00447606,-0.01782443,0.02196045,0.02605671,0.03203448
2026-06-12,-0.01533867,-0.01233191,0.04280476,-0.00022408,0.01553878,-0.00911886,0.01567729,0.00532444,-0.00954154,0.00981526,-0.00255417,0.00102418,0.00156078,-0.00412366,0.00676922
2026-06-15,0.01800743,0.03083391,0.03520955,0.01651944,0.00340414,0.03059473,0.01487370,0.02652999,-0.01305128,0.01893840,0.04660592,0.02282207,0.03477026,-0.00725780,0.04038315
2026-06-16,0.00946855,-0.00008131,-0.00640763,0.01726253,0.00721220,-0.04472299,0.02566484,0.01050372,0.00778477,0.00903332,0.01127615,-0.01494509,-0.02400912,0.02365157,-0.03591131
2026-06-17,-0.01105542,-0.03516391,-0.01850237,0.00310045,-0.05036563,0.04207950,-0.02262041,-0.02567163,-0.03173800,-0.01835482,-0.05589789,-0.03862064,-0.01339636,-0.03621709,0.01473256
2026-06-18,0.00693653,0.02859768,0.02833427,-0.01020243,0.00768361,0.04588936,-0.00980715,0.01158765,-0.05182505,-0.00164790,0.01684169,0.00129234,0.02908670,0.00420604,0.06705185
2026-06-22,-0.00336116,-0.04862858,0.02841314,-0.01679466,-0.02695661,-0.04626962,-0.00429059,-0.05114602,0.01244724,-0.00113450,-0.02343521,-0.03230316,-0.00972969,-0.03198567,0.01193836
2026-06-23,-0.00916628,0.00565436,-0.07343839,-0.03461339,-0.04151725,-0.03102753,-0.02622107,-0.01020399,0.04920175,-0.03571812,-0.00293054,0.01780747,-0.04214086,-0.03528483,-0.06922658
2026-06-24,-0.00415410,0.00068322,-0.00283998,-0.06328884,-0.05891323,0.00503796,-0.06077565,-0.00242977,-0.00750151,-0.02151322,-0.00809032,-0.02293848,-0.00521249,-0.05064366,0.01012291
2026-06-25,-0.06312911,-0.03148027,0.02267887,-0.00893043,-0.01237094,-0.00830514,0.01047685,-0.00458641,-0.01799646,0.01238072,-0.02689749,-0.03517055,-0.01651755,0.00117990,-0.01333626
2026-06-26,0.03088287,0.02471306,-0.04860880,-0.02685735,-0.03014672,-0.03734660,0.01062826,-0.01855868,0.05043536,-0.02757588,0.01350285,0.05551168,-0.01653530,0.01055733,-0.00608756
2026-06-29,-0.00721462,0.03151498,0.04041582,-0.02968642,-0.01411917,0.02015072,-0.00451630,0.04706813,0.02318021,-0.01329110,0.02219613,-0.01186731,0.01259373,-0.00585139,0.05128173
2026-06-30,0.02668693,-0.00752387,0.03461630,0.02985546,0.03389845,0.01412977,0.02399598,0.01046394,0.01148060,0.03143239,0.00122570,0.01200133,0.02592154,0.02663733,0.04819357
2026-07-01,0.01719990,0.01399906,-0.01937659,0.00109829,0.02062845,-0.02251498,0.01585066,0.01068784,0.01776389,0.00846265,0.08442351,0.02973946,-0.01262367,-0.01265107,-0.07236829
2026-07-02,0.04727163,0.00400521,-0.04060439,0.00143426,0.02837135,-0.02436433,0.02665941,-0.00360547,0.01135880,0.01373413,-0.05020238,0.01603083,-0.01401618,0.04525658,-0.02292933
2026-07-06,0.01297326,0.00612127,0.07979743,0.02957268,0.04130776,0.03663508,0.00519904,0.01803534,0.03395680,0.02244453,0.02939715,-0.00964972,0.00368872,0.04857943,0.03980435
2026-07-07,-0.00641732,0.00742645,-0.04015370,-0.02352071,-0.00931854,-0.00837947,-0.02071216,0.00155423,0.02182868,-0.00868620,0.02515211,0.00541535,0.00703218,-0.01059332,-0.04347331
2026-07-08,0.00874940,-0.00964060,0.08401817,-0.01002243,-0.02262348,0.04717323,-0.01895587,-0.01402036,-0.01341726,-0.01952938,-0.02044877,-0.01424560,0.03585973,-0.01610341,0.01014327
2026-07-09,0.00898970,0.01394063,0.01990550,0.01428715,0.03054567,0.03145355,0.02932469,-0.00840725,-0.02260082,0.03133660,0.04595007,0.00265725,-0.00658639,0.00647247,-0.00004581
2026-07-10,-0.00285010,-0.00690525,0.01221597,0.00416353,0.00123213,-0.00284612,0.00766596,-0.00477614,-0.02656027,0.00693559,0.05803171,0.00192345,0.03954693,0.00643085,-0.00654371
2026-07-13,0.00629111,0.00799761,-0.03156934,-0.01262709,-0.01122773,-0.04061683,-0.00856694,-0.01316082,0.00924224,-0.00030954,-0.01882500,0.01517895,-0.03585517,-0.00750665,-0.02928840
2026-07-14,-0.00775108,0.00072760,0.00780832,0.00921429,-0.00124606,0.01308932,0.02043866,0.01966300,-0.29045385,0.00309079,0.00654137,-0.01562049,0.03982904,0.03490569,-0.00282664
2026-07-15,0.03936000,0.02973650,-0.06010446,0.01571843,0.03664368,0.01319927,0.01979320,0.03124442,-0.02741438,0.03775180,0.03020309,0.02741795,0.00329954,0.00725008,-0.00216701
2026-07-16,0.01743491,-0.02008588,-0.01973749,0.01231806,0.00511550,-0.05160300,0.01499911,-0.04539096,0.03649450,0.01767350,-0.02492237,0.01373133,-0.02429272,-0.00725008,-0.02349309
2026-07-17,0.00143918,-0.01070176,0.00029660,-0.02354399,0.00199116,-0.00971461,-0.01610160,-0.02193378,-0.02955837,-0.01777255,-0.02828004,-0.01831684,-0.02237970,-0.01044941,-0.02814158
2026-07-20,-0.02165666,0.01110188,0.00437926,-0.01868429,-0.03571956,0.01957370,-0.02634679,0.01494103,0.00155051,-0.04012464,-0.00024776,0.02127931,0.00231476,-0.01801842,0.00981684
2026-07-21,0.00351508,-0.00980834,0.03041548,0.00135231,-0.00404874,0.02181447,0.00435912,-0.01384579,-0.01180651,0.00144268,-0.00316359,-0.01134962,0.01953441,0.00426889,0.05397302
2026-07-22,-0.00566066,-0.01096679,0.00165971,0.00539083,-0.01006873,0.02632570,-0.01077068,-0.01468310,-0.02272658,-0.01640403,-0.02618604,-0.01880546,0.02275050,-0.02479920,-0.00803956
2026-07-23,-0.01306479,-0.04677872,0.00990110,-0.00033609,0.01419994,-0.01099747,0.01358582,-0.07399778,0.00426743,0.00459536,-0.03417266,-0.02269768,-0.01568400,0.00544378,-0.01345640
2026-07-24,0.03470739,-0.00665568,-0.01494606,0.02988511,0.04221946,-0.02724891,0.04322871,0.00643206,0.03583701,0.03471395,-0.01816426,0.00031453,-0.00923971,0.02572483,-0.02972168
2026-07-27,0.01161331,-0.00310680,-0.01873883,0.01320655,0.00983215,0.00339804,0.01980275,0.02110556,0.00971034,0.02258914,-0.00222025,0.01920137,-0.05123224,0.02404724,-0.01076648
2026-07-28,0.00936496,-0.00229313,-0.00616789,0.00361552,0.00109520,-0.00604610,0.00975612,0.02165864,0.05079619,0.01008386,-0.00077492,0.01086340,0.00254117,0.01334035,-0.01713461
2026-07-29,-0.00557291,-0.01840452,-0.07168599,-0.04025750,-0.02614013,-0.02819562,-0.03418487,0.00894967,-0.00489000,-0.03347848,-0.01323150,-0.00716940,-0.03617779,-0.02686118,-0.04600666
2026-07-30,-0.01417499,0.03830396,0.07937538,0.00399974,-0.00385973,0.04622536,-0.01033137,-0.00909948,-0.02097446,0.01697835,-0.08288273,0.14415869,0.02612796,0.06191734,0.07365982
2026-07-31,-0.07638288,0.14254579,0.05311891,0.04344969,0.03148425,0.00370600,-0.00250179,0.06517333,0.00857672,0.00444639,0.03227322,0.02974599,0.02885572,0.01368539,0.00232801
2026-08-03,-0.01793196,0.04478791,0.02486161,0.03004034,0.07864255,0.00754955,0.06297549,0.04764896,0.01182347,0.04933930,0.05848472,0.04816283,0.02891779,0.08019211,0.00459052
2026-08-04,0.01945221,-0.02351197,0.02994361,0.02878882,0.03083942,0.06401571,0.01853815,0.01102302,0.03831780,0.01536560,-0.00390431,0.01052582,0.02532508,0.03607955,0.02686982
2026-08-05,0.00522267,-0.01734375,0.03507143,-0.02631933,-0.02221684,0.00028692,-0.00856425,-0.04113649,0.00326920,-0.02394205,0.00141074,-0.01091551,0.03377257,-0.00173004,-0.00762787
2026-08-06,0.00452351,-0.00143137,-0.02561539,-0.01358030,-0.01151345,0.00545989,-0.01914859,-0.01299691,-0.01061056,-0.02201047,0.00191742,0.02511978,-0.00104971,-0.00782276,0.01009384
2026-08-07,0.00294046,0.00812091,-0.01916124,-0.00430645,-0.00959932,0.01695136,0.02720256,-0.00969044,0.01635866,-0.00523869,0.00372243,0.00026005,0.02244140,0.03515146,0.00439015
2026-08-10,-0.01545124,0.01306635,0.01499282,0.03530777,0.00590142,-0.01260960,0.03250043,0.00904730,0.00305150,0.01177086,0.00475142,0.01206720,-0.02903877,-0.01870804,-0.00374476
2026-08-11,-0.01092695,-0.02115061,0.03251693,0.06068695,0.03882667,-0.01507520,0.03815852,-0.03913122,0.00888932,0.06650494,0.00703499,-0.00445606,-0.00022987,0.05591779,0.00854227
2026-08-12,-0.00876217,-0.01849739,0.06197645,-0.01197622,-0.00532471,-0.00007210,-0.00517744,-0.00075648,-0.01028678,-0.00063100,-0.03441857,-0.02284688,0.02984889,-0.00814992,0.01665902
2026-08-13,0.00990941,-0.00807650,-0.03323017,0.03522815,0.04867301,0.00424532,0.01968077,0.00817508,0.00490364,0.03890855,0.02746760,0.00899625,0.00538512,0.05437438,0.00311758
2026-08-14,0.00219239,-0.00939797,-0.02385556,-0.01983604,-0.03700966,-0.06126659,-0.03676468,-0.00132896,-0.01196295,-0.01125127,-0.00864271,-0.00298306,-0.00062158,-0.03537343,-0.00966345
2026-08-17,-0.00111197,-0.00511489,0.01487719,-0.04519484,-0.01878390,-0.00142598,-0.02362138,-0.00550804,-0.02362094,-0.04649913,-0.03604057,-0.03085046,-0.00066646,-0.04690981,0.01077787
2026-08-18,0.01442474,-0.00714338,-0.04365476,-0.00514171,-0.00731407,-0.03218691,0.00014219,0.00058126,0.01655434,-0.01518407,-0.04548524,0.00266116,-0.02369977,-0.00602150,-0.04159864
2026-08-19,0.02169625,0.02433056,-0.03545927,0.00257011,0.01968949,-0.04720192,0.03150639,0.00150958,0.01911390,0.03005047,0.00433156,0.00554900,-0.00997039,0.01541129,-0.00319808
2026-08-20,-0.01760827,-0.02179005,-0.01458695,-0.02769426,-0.02025983,0.00426695,-0.02611509,-0.01181819,-0.01473957,-0.03163775,-0.00036637,-0.00466540,-0.00326876,-0.03194064,0.00944350
2026-08-21,-0.00628370,-0.00570607,0.02631728,0.02063504,0.00724747,0.01206877,0.01425936,0.01210826,0.00847946,0.01355015,0.00742888,0.00433435,-0.00987104,0.02340813,0.00706635
2026-08-24,0.00319512,0.01321318,-0.00265393,0.00075328,-0.00881756,-0.02665138,0.00181168,0.00935231,-0.01988409,-0.01075083,0.01644880,0.00838706,-0.02949177,0.00085655,-0.02130182
